timestamp;low;mid;high
2020-01-01T00:00:00;25.5236;37.0904;39.2914
2020-01-01T01:00:00;18.8001;30.2278;35.4697
2020-01-01T02:00:00;27.7523;35.456;38.0176
2020-01-01T03:00:00;28.7028;26.5738;38.5375
2020-01-01T04:00:00;14.2448;37.0334;37.7376
2020-01-01T05:00:00;17.4891;31.3681;38.7893
2020-01-01T06:00:00;24.6392;32.1739;31.735
2020-01-01T07:00:00;29.072;38.9746;41.4096
2020-01-01T08:00:00;36.9316;43.7421;55.3103
2020-01-01T09:00:00;38.5439;53.503;64.1209
2020-01-01T10:00:00;52.1776;57.5128;69.0593
2020-01-01T11:00:00;55.6018;69.4387;78.7742
2020-01-01T12:00:00;54.764;67.027;86.1918
2020-01-01T13:00:00;61.4609;62.2983;89.6746
2020-01-01T14:00:00;58.1622;61.3838;90.7984
2020-01-01T15:00:00;50.1373;59.4087;75.0767
2020-01-01T16:00:00;53.5566;67.7309;71.7542
2020-01-01T17:00:00;42.9862;53.9683;70.2227
2020-01-01T18:00:00;47.2014;55.0118;64.6151
2020-01-01T19:00:00;36.7659;46.9523;54.3313
2020-01-01T20:00:00;29.7289;37.9929;43.2166
2020-01-01T21:00:00;20.5954;32.192;34.4779
2020-01-01T22:00:00;30.1127;30.7915;38.4166
2020-01-01T23:00:00;23.2274;16.4514;29.3519
2020-01-02T00:00:00;21.8584;28.3819;47.7168
2020-01-02T01:00:00;22.2393;32.1255;36.105
2020-01-02T02:00:00;26.6615;38.2014;41.2542
2020-01-02T03:00:00;25.8272;38.4323;33.1
2020-01-02T04:00:00;26.0637;23.1842;38.8717
2020-01-02T05:00:00;26.1541;28.2514;36.5005
2020-01-02T06:00:00;34.7082;22.1694;40.284
2020-01-02T07:00:00;28.6211;45.9159;44.9865
2020-01-02T08:00:00;34.4544;51.3337;63.2812
2020-01-02T09:00:00;38.7403;55.2643;56.7534
2020-01-02T10:00:00;50.8605;60.5563;76.4178
2020-01-02T11:00:00;57.3577;71.5442;78.1628
2020-01-02T12:00:00;53.8641;74.0989;76.5591
2020-01-02T13:00:00;51.6239;75.5711;93.4974
2020-01-02T14:00:00;51.7023;72.0643;92.9805
2020-01-02T15:00:00;57.6868;66.2961;71.2814
2020-01-02T16:00:00;55.4291;68.4766;78.4531
2020-01-02T17:00:00;50.4964;63.806;75.1993
2020-01-02T18:00:00;39.4816;52.5582;66.4222
2020-01-02T19:00:00;38.1764;44.5132;63.101
2020-01-02T20:00:00;31.2366;43.983;52.5179
2020-01-02T21:00:00;25.0934;38.3206;37.3259
2020-01-02T22:00:00;28.3571;26.253;47.3855
2020-01-02T23:00:00;25.118;28.6831;40.6842
2020-01-03T00:00:00;27.3946;31.7547;34.2429
2020-01-03T01:00:00;24.3379;32.433;33.2383
2020-01-03T02:00:00;25.4456;27.3882;42.2167
2020-01-03T03:00:00;27.1564;39.4176;32.0352
2020-01-03T04:00:00;16.7142;32.1105;33.9513
2020-01-03T05:00:00;22.4016;32.6569;34.8021
2020-01-03T06:00:00;21.6481;38.7944;37.7783
2020-01-03T07:00:00;27.4588;36.0712;45.0125
2020-01-03T08:00:00;35.6399;45.8273;48.9385
2020-01-03T09:00:00;50.2838;47.2448;70.0241
2020-01-03T10:00:00;43.4515;58.864;69.649
2020-01-03T11:00:00;56.5542;57.1964;87.6689
2020-01-03T12:00:00;46.0195;71.7815;83.1707
2020-01-03T13:00:00;54.1503;71.8809;90.0731
2020-01-03T14:00:00;56.6385;68.3955;86.8914
2020-01-03T15:00:00;57.3649;67.5401;88.226
2020-01-03T16:00:00;55.2689;68.4483;80.4209
2020-01-03T17:00:00;51.7474;54.0468;72.8468
2020-01-03T18:00:00;41.0655;54.5322;69.6799
2020-01-03T19:00:00;34.7038;49.767;67.9532
2020-01-03T20:00:00;34.9431;29.4051;44.6308
2020-01-03T21:00:00;23.0435;33.4247;39.9746
2020-01-03T22:00:00;17.6216;21.6297;35.9738
2020-01-03T23:00:00;18.3336;29.412;38.5303
2020-01-04T00:00:00;19.4027;24.183;36.2108
2020-01-04T01:00:00;26.4858;37.1562;25.2113
2020-01-04T02:00:00;24.7121;24.2144;34.9991
2020-01-04T03:00:00;27.4524;21.7491;40.9978
2020-01-04T04:00:00;21.8637;30.6668;32.174
2020-01-04T05:00:00;24.7927;27.9315;40.6047
2020-01-04T06:00:00;27.128;22.477;36.918
2020-01-04T07:00:00;29.1064;40.9455;45.0223
2020-01-04T08:00:00;39.2994;36.312;60.0524
2020-01-04T09:00:00;39.4995;48.3302;67.6188
2020-01-04T10:00:00;45.9654;56.8497;73.7737
2020-01-04T11:00:00;49.8041;68.6521;82.6487
2020-01-04T12:00:00;48.4546;74.5196;82.6662
2020-01-04T13:00:00;58.2596;75.2948;75.5137
2020-01-04T14:00:00;53.4777;69.0145;81.8464
2020-01-04T15:00:00;54.4963;55.9057;72.6287
2020-01-04T16:00:00;54.1165;66.5953;80.856
2020-01-04T17:00:00;50.0133;67.0787;76.152
2020-01-04T18:00:00;46.1361;59.6804;68.9222
2020-01-04T19:00:00;36.5231;48.5842;57.9688
2020-01-04T20:00:00;28.5367;32.369;50.8194
2020-01-04T21:00:00;23.6014;27.3735;28.117
2020-01-04T22:00:00;15.5633;39.6691;35.4622
2020-01-04T23:00:00;16.7644;22.9164;28.9254
2020-01-05T00:00:00;17.3865;24.2608;34.2084
2020-01-05T01:00:00;19.0138;34.7128;44.0813
2020-01-05T02:00:00;25.9989;27.8442;41.4662
2020-01-05T03:00:00;19.4726;24.0912;39.3114
2020-01-05T04:00:00;22.1092;37.6399;35.0919
2020-01-05T05:00:00;30.4961;32.3053;31.032
2020-01-05T06:00:00;22.2187;28.091;36.9351
2020-01-05T07:00:00;34.3408;32.5876;51.5331
2020-01-05T08:00:00;32.3475;56.5065;57.5727
2020-01-05T09:00:00;41.7819;53.3892;56.2852
2020-01-05T10:00:00;43.0305;66.7124;72.194
2020-01-05T11:00:00;50.0176;69.1092;68.0026
2020-01-05T12:00:00;58.6353;65.4378;85.6716
2020-01-05T13:00:00;47.1881;67.2162;80.272
2020-01-05T14:00:00;57.9968;77.0125;77.6214
2020-01-05T15:00:00;55.6225;75.3548;85.7404
2020-01-05T16:00:00;48.7421;55.2564;80.3661
2020-01-05T17:00:00;40.5503;62.4747;72.8329
2020-01-05T18:00:00;43.1698;52.9053;75.1722
2020-01-05T19:00:00;34.3681;41.1028;58.6984
2020-01-05T20:00:00;31.8166;39.6252;42.755
2020-01-05T21:00:00;24.1093;23.252;38.596
2020-01-05T22:00:00;32.0089;27.6677;34.5696
2020-01-05T23:00:00;22.8032;26.0076;42.3338
2020-01-06T00:00:00;18.8825;27.501;37.4049
2020-01-06T01:00:00;24.8964;29.6426;37.8996
2020-01-06T02:00:00;25.1;24.9222;28.7882
2020-01-06T03:00:00;30.7959;37.8659;36.3068
2020-01-06T04:00:00;28.1756;32.4664;35.7187
2020-01-06T05:00:00;25.7844;38.9728;30.8789
2020-01-06T06:00:00;31.3165;29.1996;34.8925
2020-01-06T07:00:00;24.7094;35.5725;48.1585
2020-01-06T08:00:00;33.8168;55.0615;55.5016
2020-01-06T09:00:00;38.1762;50.6211;57.1532
2020-01-06T10:00:00;45.8316;58.8343;70.3049
2020-01-06T11:00:00;44.8294;68.2413;75.2291
2020-01-06T12:00:00;57.6096;61.8536;82.6183
2020-01-06T13:00:00;54.7136;73.3373;84.1647
2020-01-06T14:00:00;48.4707;72.6976;81.679
2020-01-06T15:00:00;49.3559;74.3889;79.3974
2020-01-06T16:00:00;53.2804;69.0912;77.9053
2020-01-06T17:00:00;51.9713;66.2257;76.4858
2020-01-06T18:00:00;52.7928;52.9593;65.6069
2020-01-06T19:00:00;51.5849;41.9561;62.6387
2020-01-06T20:00:00;32.7252;48.8664;51.6457
2020-01-06T21:00:00;19.0523;22.3665;43.4834
2020-01-06T22:00:00;13.3398;22.8674;42.8431
2020-01-06T23:00:00;25.3386;32.8256;43.8147
2020-01-07T00:00:00;19.9353;38.1249;30.2343
2020-01-07T01:00:00;21.9232;30.9478;39.2371
2020-01-07T02:00:00;20.9395;34.9965;42.0916
2020-01-07T03:00:00;23.296;20.021;42.9951
2020-01-07T04:00:00;29.3299;27.5023;32.1464
2020-01-07T05:00:00;24.7852;20.6303;39.2869
2020-01-07T06:00:00;23.2068;33.9021;36.376
2020-01-07T07:00:00;25.4749;30.5803;55.2151
2020-01-07T08:00:00;28.6422;39.8804;48.5869
2020-01-07T09:00:00;40.3776;56.0815;60.3672
2020-01-07T10:00:00;47.5117;65.0349;62.6178
2020-01-07T11:00:00;60.5525;63.8462;78.2923
2020-01-07T12:00:00;55.0852;70.8931;92.9699
2020-01-07T13:00:00;60.7384;72.4698;83.5153
2020-01-07T14:00:00;53.3282;68.7037;84.2422
2020-01-07T15:00:00;48.5091;62.5687;84.4019
2020-01-07T16:00:00;46.8872;67.4655;76.9878
2020-01-07T17:00:00;44.1545;62.7913;73.5011
2020-01-07T18:00:00;53.4515;57.9815;66.1748
2020-01-07T19:00:00;32.9086;47.8298;51.2956
2020-01-07T20:00:00;34.8456;32.474;45.5095
2020-01-07T21:00:00;19.4854;33.4517;39.7097
2020-01-07T22:00:00;28.6579;29.9931;40.6429
2020-01-07T23:00:00;25.9248;27.5863;42.4925
2020-01-08T00:00:00;23.2168;28.5268;37.6772
2020-01-08T01:00:00;23.7962;26.5487;37.7789
2020-01-08T02:00:00;20.7261;34.4442;39.7509
2020-01-08T03:00:00;26.2304;22.9094;33.0261
2020-01-08T04:00:00;21.7251;25.0326;32.8211
2020-01-08T05:00:00;17.872;28.3561;35.376
2020-01-08T06:00:00;17.6103;38.0688;29.6249
2020-01-08T07:00:00;31.5161;43.5879;48.0143
2020-01-08T08:00:00;44.911;38.0653;60.7688
2020-01-08T09:00:00;43.6091;60.2681;60.6635
2020-01-08T10:00:00;47.1874;66.4729;73.8467
2020-01-08T11:00:00;53.1419;58.771;74.4236
2020-01-08T12:00:00;60.9638;55.435;76.5678
2020-01-08T13:00:00;56.9216;69.4198;94.0149
2020-01-08T14:00:00;53.7701;75.393;78.7259
2020-01-08T15:00:00;59.9653;75.9986;75.2541
2020-01-08T16:00:00;53.8566;60.2869;78.6428
2020-01-08T17:00:00;55.4594;68.4857;73.0136
2020-01-08T18:00:00;43.7253;42.3717;67.5499
2020-01-08T19:00:00;30.8932;44.4292;65.5295
2020-01-08T20:00:00;23.8124;36.2304;42.0941
2020-01-08T21:00:00;32.2546;35.7617;33.1078
2020-01-08T22:00:00;32.6183;36.4915;44.044
2020-01-08T23:00:00;23.1024;34.7711;40.6956
2020-01-09T00:00:00;22.0841;23.2472;40.0004
2020-01-09T01:00:00;31.3072;34.3131;33.0507
2020-01-09T02:00:00;18.4648;32.5452;41.6294
2020-01-09T03:00:00;19.5264;21.6438;40.0159
2020-01-09T04:00:00;27.2166;19.6649;36.9477
2020-01-09T05:00:00;22.027;35.1899;33.0754
2020-01-09T06:00:00;23.9744;29.0995;36.5335
2020-01-09T07:00:00;29.836;31.8906;54.2222
2020-01-09T08:00:00;38.7034;45.2286;50.0535
2020-01-09T09:00:00;49.8465;55.3316;60.2147
2020-01-09T10:00:00;48.2336;59.3115;68.5319
2020-01-09T11:00:00;54.9325;56.8811;75.5151
2020-01-09T12:00:00;44.1829;77.47;81.572
2020-01-09T13:00:00;55.5811;74.802;88.5299
2020-01-09T14:00:00;51.6085;68.104;86.0441
2020-01-09T15:00:00;48.3397;66.5668;81.9549
2020-01-09T16:00:00;47.3221;66.4385;78.9542
2020-01-09T17:00:00;46.11;54.0777;74.7909
2020-01-09T18:00:00;47.3886;55.1248;55.8052
2020-01-09T19:00:00;30.3836;39.6158;60.8813
2020-01-09T20:00:00;30.8063;37.9638;41.8477
2020-01-09T21:00:00;21.5792;24.1571;33.7824
2020-01-09T22:00:00;22.3616;24.4096;37.7022
2020-01-09T23:00:00;29.0138;38.2286;35.623
2020-01-10T00:00:00;26.6906;30.2961;38.4347
2020-01-10T01:00:00;30.687;31.037;36.7091
2020-01-10T02:00:00;23.2275;19.9431;34.5533
2020-01-10T03:00:00;20.5203;27.015;43.6438
2020-01-10T04:00:00;22.8807;32.3061;39.5403
2020-01-10T05:00:00;25.2125;30.9707;37.5106
2020-01-10T06:00:00;24.8829;19.2299;39.4626
2020-01-10T07:00:00;25.2312;39.3522;42.4531
2020-01-10T08:00:00;37.468;48.1023;66.3972
2020-01-10T09:00:00;43.9503;59.9302;58.7755
2020-01-10T10:00:00;60.368;56.4496;72.2368
2020-01-10T11:00:00;61.097;53.4307;76.1371
2020-01-10T12:00:00;50.1676;63.0584;80.0286
2020-01-10T13:00:00;54.3878;64.2956;81.4658
2020-01-10T14:00:00;48.5075;73.4644;79.8785
2020-01-10T15:00:00;51.4803;54.4586;87.5924
2020-01-10T16:00:00;53.2908;62.3992;71.5457
2020-01-10T17:00:00;53.8099;66.8548;76.5888
2020-01-10T18:00:00;39.1637;53.5475;67.4564
2020-01-10T19:00:00;33.7448;50.751;53.6189
2020-01-10T20:00:00;19.9167;30.1075;48.6428
2020-01-10T21:00:00;23.1867;21.9901;35.2105
2020-01-10T22:00:00;18.6879;37.1862;30.495
2020-01-10T23:00:00;21.3528;30.5061;30.5478
2020-01-11T00:00:00;19.6157;30.5164;39.2772
2020-01-11T01:00:00;23.5287;24.4092;39.0179
2020-01-11T02:00:00;15.2114;30.5039;37.2101
2020-01-11T03:00:00;16.6648;24.2703;34.0424
2020-01-11T04:00:00;34.6462;35.9344;35.0478
2020-01-11T05:00:00;17.5629;43.6392;34.3722
2020-01-11T06:00:00;18.5161;32.4197;27.2653
2020-01-11T07:00:00;39.8377;35.1417;46.286
2020-01-11T08:00:00;51.5409;33.6012;58.1356
2020-01-11T09:00:00;36.9513;45.0891;64.5517
2020-01-11T10:00:00;45.9394;67.5001;80.5167
2020-01-11T11:00:00;53.4206;59.4951;72.5464
2020-01-11T12:00:00;63.0773;66.1881;78.3452
2020-01-11T13:00:00;50.8904;73.0575;84.4021
2020-01-11T14:00:00;54.5983;77.1923;84.9559
2020-01-11T15:00:00;58.3205;67.0443;72.1447
2020-01-11T16:00:00;53.8866;62.6177;80.5827
2020-01-11T17:00:00;45.8999;60.0839;72.9125
2020-01-11T18:00:00;42.14;50.3732;53.6167
2020-01-11T19:00:00;30.1411;43.4004;54.9398
2020-01-11T20:00:00;29.4623;40.3759;41.9371
2020-01-11T21:00:00;22.6681;30.9265;33.7334
2020-01-11T22:00:00;25.1608;40.658;29.3095
2020-01-11T23:00:00;21.2234;32.1942;38.0809
2020-01-12T00:00:00;26.3577;35.7557;44.8089
2020-01-12T01:00:00;29.0636;24.6436;37.3251
2020-01-12T02:00:00;24.7771;32.6258;25.2031
2020-01-12T03:00:00;25.7588;26.3851;37.428
2020-01-12T04:00:00;24.2658;31.9773;35.0268
2020-01-12T05:00:00;24.0004;33.4426;30.4949
2020-01-12T06:00:00;20.3922;30.2493;37.7681
2020-01-12T07:00:00;32.2356;50.3531;50.3786
2020-01-12T08:00:00;36.5291;53.4094;52.1809
2020-01-12T09:00:00;53.275;59.3976;55.995
2020-01-12T10:00:00;55.6474;63.5472;61.6126
2020-01-12T11:00:00;53.642;73.4578;74.2408
2020-01-12T12:00:00;50.6185;60.8574;80.8732
2020-01-12T13:00:00;50.2626;76.6323;81.157
2020-01-12T14:00:00;61.7804;64.8247;80.3206
2020-01-12T15:00:00;55.7476;65.2206;84.4902
2020-01-12T16:00:00;54.1135;67.448;79.8833
2020-01-12T17:00:00;39.0577;65.8919;72.6689
2020-01-12T18:00:00;47.4463;47.7435;68.2961
2020-01-12T19:00:00;39.2877;43.7067;52.2418
2020-01-12T20:00:00;25.101;38.8041;40.507
2020-01-12T21:00:00;21.6424;29.0682;33.3883
2020-01-12T22:00:00;25.3186;34.2702;33.0435
2020-01-12T23:00:00;24.2623;47.1796;25.7436
2020-01-13T00:00:00;22.5391;32.0966;33.2722
2020-01-13T01:00:00;23.4826;26.324;41.5243
2020-01-13T02:00:00;22.7401;23.5175;40.0043
2020-01-13T03:00:00;24.7628;28.3737;38.6259
2020-01-13T04:00:00;31.3575;25.2988;36.6581
2020-01-13T05:00:00;11.1667;32.3377;43.2445
2020-01-13T06:00:00;22.8157;32.2601;30.6992
2020-01-13T07:00:00;31.5357;36.0006;41.1556
2020-01-13T08:00:00;38.4955;56.1942;61.1448
2020-01-13T09:00:00;40.9496;49.8342;64.3517
2020-01-13T10:00:00;38.997;59.1286;68.3151
2020-01-13T11:00:00;53.3528;67.8368;80.3288
2020-01-13T12:00:00;63.0706;72.5025;79.4584
2020-01-13T13:00:00;48.1554;76.1688;79.5494
2020-01-13T14:00:00;60.1438;71.9234;79.4103
2020-01-13T15:00:00;52.7912;73.2968;83.2585
2020-01-13T16:00:00;51.4062;61.3155;78.5983
2020-01-13T17:00:00;42.5161;64.3162;79.2547
2020-01-13T18:00:00;41.1368;58.0351;62.7632
2020-01-13T19:00:00;43.5158;53.8339;53.9876
2020-01-13T20:00:00;33.5665;29.9743;53.1779
2020-01-13T21:00:00;32.6616;25.4641;40.9282
2020-01-13T22:00:00;29.8871;34.1157;36.7245
2020-01-13T23:00:00;26.1954;16.7432;28.1949
2020-01-14T00:00:00;32.7197;32.46;31.9407
2020-01-14T01:00:00;26.195;35.299;30.7295
2020-01-14T02:00:00;28.1399;27.1181;36.1823
2020-01-14T03:00:00;22.5171;27.849;33.4583
2020-01-14T04:00:00;24.3327;24.6293;44.0145
2020-01-14T05:00:00;20.5129;27.3923;28.1428
2020-01-14T06:00:00;28.9479;27.5372;30.1933
2020-01-14T07:00:00;24.7617;34.9023;47.2029
2020-01-14T08:00:00;40.9273;42.5811;58.1305
2020-01-14T09:00:00;41.8559;52.1564;51.278
2020-01-14T10:00:00;53.6369;58.3103;62.9939
2020-01-14T11:00:00;55.4672;74.0117;76.2512
2020-01-14T12:00:00;63.537;66.0713;88.4309
2020-01-14T13:00:00;59.4786;71.5016;93.1759
2020-01-14T14:00:00;47.9645;66.8965;81.6646
2020-01-14T15:00:00;54.099;65.0943;80.7975
2020-01-14T16:00:00;45.8528;56.1192;73.3849
2020-01-14T17:00:00;45.1892;51.869;74.837
2020-01-14T18:00:00;50.3653;47.4764;71.8563
2020-01-14T19:00:00;40.2032;47.1879;61.8035
2020-01-14T20:00:00;27.1585;43.6973;45.8348
2020-01-14T21:00:00;18.9314;21.0667;31.8073
2020-01-14T22:00:00;24.1639;27.2546;36.041
2020-01-14T23:00:00;17.9172;23.1655;42.9039
2020-01-15T00:00:00;20.6443;28.6786;33.9974
2020-01-15T01:00:00;25.56;35.3788;26.9229
2020-01-15T02:00:00;29.7766;27.7656;34.2
2020-01-15T03:00:00;27.0438;29.7624;34.6049
2020-01-15T04:00:00;12.5436;37.2761;26.8935
2020-01-15T05:00:00;25.5218;32.2895;37.1602
2020-01-15T06:00:00;24.3602;26.1995;38.53
2020-01-15T07:00:00;32.7226;39.111;55.2792
2020-01-15T08:00:00;45.0966;42.1317;48.8615
2020-01-15T09:00:00;32.4929;55.6138;67.8663
2020-01-15T10:00:00;44.8251;62.3025;76.5051
2020-01-15T11:00:00;54.6673;57.8052;80.1673
2020-01-15T12:00:00;46.5258;68.918;76.6167
2020-01-15T13:00:00;63.2044;69.193;78.4124
2020-01-15T14:00:00;57.6665;72.5043;84.223
2020-01-15T15:00:00;58.6667;72.199;82.1016
2020-01-15T16:00:00;48.8581;67.0283;74.7721
2020-01-15T17:00:00;51.8495;58.2098;78.1291
2020-01-15T18:00:00;48.1515;58.1781;62.2099
2020-01-15T19:00:00;38.18;41.9042;46.0549
2020-01-15T20:00:00;31.8252;31.7139;44.8595
2020-01-15T21:00:00;25.3517;14.0236;38.4014
2020-01-15T22:00:00;19.6833;29.6493;37.7098
2020-01-15T23:00:00;23.2624;25.8923;37.6711
2020-01-16T00:00:00;23.2374;31.9888;43.4699
2020-01-16T01:00:00;25.917;20.1439;30.426
2020-01-16T02:00:00;28.9991;26.7641;33.8815
2020-01-16T03:00:00;18.7073;32.3513;43.7253
2020-01-16T04:00:00;23.375;24.8508;26.1633
2020-01-16T05:00:00;31.4073;32.0463;35.7315
2020-01-16T06:00:00;20.2821;27.2149;42.1446
2020-01-16T07:00:00;26.5419;38.1524;52.0498
2020-01-16T08:00:00;38.0271;49.2453;58.8239
2020-01-16T09:00:00;47.0311;58.2754;67.6409
2020-01-16T10:00:00;47.8378;60.1883;66.4658
2020-01-16T11:00:00;58.3576;60.571;84.4351
2020-01-16T12:00:00;58.7178;65.7521;75.6504
2020-01-16T13:00:00;60.0338;72.9657;78.035
2020-01-16T14:00:00;58.5953;64.6746;85.6764
2020-01-16T15:00:00;66.0721;67.1519;79.1856
2020-01-16T16:00:00;50.687;62.7116;78.6027
2020-01-16T17:00:00;37.763;59.209;73.8248
2020-01-16T18:00:00;50.8304;48.465;73.1042
2020-01-16T19:00:00;34.7271;37.0097;57.692
2020-01-16T20:00:00;31.1926;40.9202;42.8871
2020-01-16T21:00:00;30.5478;34.8207;39.3824
2020-01-16T22:00:00;15.9887;21.0391;31.8412
2020-01-16T23:00:00;17.7418;31.8446;40.5658
2020-01-17T00:00:00;15.9936;35.4159;36.3231
2020-01-17T01:00:00;20.0293;32.9796;38.0027
2020-01-17T02:00:00;26.1982;27.9166;27.0967
2020-01-17T03:00:00;26.6209;25.2825;24.7463
2020-01-17T04:00:00;25.3814;30.4049;28.4929
2020-01-17T05:00:00;16.9362;31.2389;44.7289
2020-01-17T06:00:00;12.4495;30.479;30.2592
2020-01-17T07:00:00;30.9249;37.4158;49.6413
2020-01-17T08:00:00;34.6567;40.8562;52.3138
2020-01-17T09:00:00;45.1061;55.6249;63.0135
2020-01-17T10:00:00;51.2904;62.0801;71.4474
2020-01-17T11:00:00;52.404;65.6451;85.7881
2020-01-17T12:00:00;58.2345;68.5972;84.5732
2020-01-17T13:00:00;56.9708;78.1771;85.6622
2020-01-17T14:00:00;58.475;66.659;90.2205
2020-01-17T15:00:00;50.9104;74.4494;78.4847
2020-01-17T16:00:00;50.8148;60.9709;82.9109
2020-01-17T17:00:00;48.7645;65.2705;76.1775
2020-01-17T18:00:00;46.9118;59.6782;68.6632
2020-01-17T19:00:00;35.0469;44.8042;54.7483
2020-01-17T20:00:00;33.259;46.6213;43.7932
2020-01-17T21:00:00;22.6708;32.3452;31.6509
2020-01-17T22:00:00;23.4123;25.6136;31.9641
2020-01-17T23:00:00;28.1476;28.1292;31.4149
2020-01-18T00:00:00;14.0347;35.6638;37.8342
2020-01-18T01:00:00;17.5176;34.6153;34.8583
2020-01-18T02:00:00;16.5891;24.7098;38.157
2020-01-18T03:00:00;12.3319;29.3037;38.4394
2020-01-18T04:00:00;20.6087;31.0176;30.7012
2020-01-18T05:00:00;27.7472;27.462;30.5512
2020-01-18T06:00:00;22.5756;41.789;34.8567
2020-01-18T07:00:00;31.6421;39.4848;42.1042
2020-01-18T08:00:00;42.4617;45.9604;51.1213
2020-01-18T09:00:00;49.4476;59.4657;72.6921
2020-01-18T10:00:00;47.4349;57.8997;64.0042
2020-01-18T11:00:00;58.4807;69.6782;87.6845
2020-01-18T12:00:00;54.8944;59.7036;83.0951
2020-01-18T13:00:00;51.6377;67.5126;88.6682
2020-01-18T14:00:00;52.8527;75.0262;88.0787
2020-01-18T15:00:00;47.0311;75.8932;84.7355
2020-01-18T16:00:00;47.2721;60.7745;85.8784
2020-01-18T17:00:00;45.9906;55.2767;66.2589
2020-01-18T18:00:00;46.8271;56.3486;63.4318
2020-01-18T19:00:00;45.6194;43.1543;51.2591
2020-01-18T20:00:00;23.7423;36.9736;37.4994
2020-01-18T21:00:00;25.9641;34.382;32.6938
2020-01-18T22:00:00;18.7973;27.2795;45.3627
2020-01-18T23:00:00;26.3735;20.1729;35.1327
2020-01-19T00:00:00;23.3446;23.4946;45.9176
2020-01-19T01:00:00;14.8455;30.0498;46.4291
2020-01-19T02:00:00;28.6415;20.6829;50.9757
2020-01-19T03:00:00;20.975;28.5142;45.5275
2020-01-19T04:00:00;21.3305;23.0395;47.7907
2020-01-19T05:00:00;18.6512;38.1997;37.6258
2020-01-19T06:00:00;20.7286;40.8257;37.1416
2020-01-19T07:00:00;32.7926;33.0255;47.454
2020-01-19T08:00:00;36.0694;47.5533;55.5237
2020-01-19T09:00:00;44.4524;48.7094;64.962
2020-01-19T10:00:00;49.5902;58.1792;75.4319
2020-01-19T11:00:00;58.3161;73.6584;75.2401
2020-01-19T12:00:00;52.7199;65.7088;74.7626
2020-01-19T13:00:00;48.4404;68.3507;85.5551
2020-01-19T14:00:00;61.1608;65.0682;80.273
2020-01-19T15:00:00;52.7764;73.7732;78.7043
2020-01-19T16:00:00;57.2858;48.3247;76.8555
2020-01-19T17:00:00;49.6975;57.5118;69.8102
2020-01-19T18:00:00;42.1534;53.282;69.7639
2020-01-19T19:00:00;38.7595;42.9641;54.6897
2020-01-19T20:00:00;40.4082;42.6342;51.782
2020-01-19T21:00:00;34.3849;36.0101;37.0301
2020-01-19T22:00:00;24.3469;22.9398;35.5574
2020-01-19T23:00:00;24.801;40.4674;36.7911
2020-01-20T00:00:00;29.3812;22.8837;29.5419
2020-01-20T01:00:00;19.7717;36.4432;37.6904
2020-01-20T02:00:00;25.6654;30.7491;40.2459
2020-01-20T03:00:00;23.8707;27.4815;40.9543
2020-01-20T04:00:00;25.5695;27.9532;29.2391
2020-01-20T05:00:00;19.8332;29.8324;28.4051
2020-01-20T06:00:00;16.0522;31.0421;33.3159
2020-01-20T07:00:00;20.2883;33.7157;52.9031
2020-01-20T08:00:00;31.4287;45.0998;56.6282
2020-01-20T09:00:00;40.5158;49.658;60.3402
2020-01-20T10:00:00;46.3147;53.6505;64.4063
2020-01-20T11:00:00;61.399;60.5545;74.1493
2020-01-20T12:00:00;59.9638;62.2924;77.893
2020-01-20T13:00:00;51.0142;67.6801;88.4151
2020-01-20T14:00:00;57.5632;71.9433;88.7998
2020-01-20T15:00:00;52.3984;68.6458;76.4012
2020-01-20T16:00:00;50.291;74.5127;81.335
2020-01-20T17:00:00;48.7073;48.6735;74.9247
2020-01-20T18:00:00;45.905;55.8581;58.3153
2020-01-20T19:00:00;35.3193;46.3016;55.1043
2020-01-20T20:00:00;35.9724;42.3948;47.6839
2020-01-20T21:00:00;18.2903;33.5823;36.8162
2020-01-20T22:00:00;24.0317;29.175;27.4473
2020-01-20T23:00:00;36.9884;30.8633;36.6559
2020-01-21T00:00:00;25.1154;26.2797;39.1813
2020-01-21T01:00:00;31.1661;33.0684;43.898
2020-01-21T02:00:00;24.4576;20.6056;32.656
2020-01-21T03:00:00;26.9039;33.8841;33.2727
2020-01-21T04:00:00;23.7161;29.8841;34.9557
2020-01-21T05:00:00;23.148;27.5647;37.4561
2020-01-21T06:00:00;20.1026;28.8373;36.4851
2020-01-21T07:00:00;32.8047;37.5205;49.0013
2020-01-21T08:00:00;32.7579;52.756;49.8974
2020-01-21T09:00:00;46.1371;69.6789;66.198
2020-01-21T10:00:00;53.2071;65.8251;67.9599
2020-01-21T11:00:00;53.5455;61.8144;76.8525
2020-01-21T12:00:00;53.0026;71.1912;90.1908
2020-01-21T13:00:00;58.0945;73.1475;76.7458
2020-01-21T14:00:00;54.2813;65.1551;82.3397
2020-01-21T15:00:00;59.1115;61.7383;75.2775
2020-01-21T16:00:00;42.5558;64.3246;78.3346
2020-01-21T17:00:00;46.1026;63.7643;76.9121
2020-01-21T18:00:00;32.8551;45.4524;65.062
2020-01-21T19:00:00;29.5403;42.665;54.9398
2020-01-21T20:00:00;37.4725;41.1797;52.6218
2020-01-21T21:00:00;28.4759;30.2086;37.6525
2020-01-21T22:00:00;20.4026;37.0814;40.0978
2020-01-21T23:00:00;16.4875;22.9432;39.5763
2020-01-22T00:00:00;9.1774;41.7608;21.6188
2020-01-22T01:00:00;21.2825;22.31;35.6167
2020-01-22T02:00:00;36.1021;19.8542;30.6096
2020-01-22T03:00:00;26.1744;29.7054;31.8534
2020-01-22T04:00:00;21.2021;24.3277;43.3729
2020-01-22T05:00:00;26.3254;29.8062;34.126
2020-01-22T06:00:00;16.1952;29.6314;45.4628
2020-01-22T07:00:00;29.1666;37.3376;38.9413
2020-01-22T08:00:00;37.513;42.0574;50.105
2020-01-22T09:00:00;42.3786;55.6747;68.0254
2020-01-22T10:00:00;51.7347;58.1391;69.9641
2020-01-22T11:00:00;53.436;70.1593;79.1059
2020-01-22T12:00:00;57.7754;67.1404;81.0892
2020-01-22T13:00:00;52.3828;64.9576;83.0242
2020-01-22T14:00:00;60.3138;61.3423;82.2159
2020-01-22T15:00:00;62.5785;67.1817;82.5482
2020-01-22T16:00:00;46.8621;58.295;80.7774
2020-01-22T17:00:00;43.3422;52.976;79.7431
2020-01-22T18:00:00;49.488;56.1487;63.2011
2020-01-22T19:00:00;36.0589;37.3811;53.5552
2020-01-22T20:00:00;37.6723;45.3774;43.3675
2020-01-22T21:00:00;21.7873;30.7986;43.3489
2020-01-22T22:00:00;31.2752;29.7808;39.4516
2020-01-22T23:00:00;24.6574;24.8262;26.5048
2020-01-23T00:00:00;25.2911;33.8219;26.2844
2020-01-23T01:00:00;31.8236;29.9855;31.8497
2020-01-23T02:00:00;22.1911;26.5695;37.1507
2020-01-23T03:00:00;19.2944;30.9991;35.8326
2020-01-23T04:00:00;21.7572;21.5861;38.5739
2020-01-23T05:00:00;26.2617;21.8234;35.1228
2020-01-23T06:00:00;16.1712;24.3991;42.9871
2020-01-23T07:00:00;33.8405;40.0641;49.8403
2020-01-23T08:00:00;34.3217;46.2532;55.9112
2020-01-23T09:00:00;48.5482;58.7563;69.9404
2020-01-23T10:00:00;35.8093;55.1258;63.4264
2020-01-23T11:00:00;47.78;67.5144;77.1438
2020-01-23T12:00:00;46.0015;67.4729;82.3383
2020-01-23T13:00:00;51.6936;65.0656;86.7472
2020-01-23T14:00:00;57.063;71.7074;75.1612
2020-01-23T15:00:00;53.5377;67.7122;80.3487
2020-01-23T16:00:00;50.4459;61.4954;79.5715
2020-01-23T17:00:00;46.9847;59.9358;74.0568
2020-01-23T18:00:00;43.8261;52.8638;70.1443
2020-01-23T19:00:00;31.9729;45.501;59.3309
2020-01-23T20:00:00;34.1874;36.2535;45.6755
2020-01-23T21:00:00;27.3133;23.4753;39.3749
2020-01-23T22:00:00;25.9252;30.3738;34.9932
2020-01-23T23:00:00;26.7827;25.9864;36.7339
2020-01-24T00:00:00;25.4821;24.8984;39.974
2020-01-24T01:00:00;34.1754;28.7965;35.7735
2020-01-24T02:00:00;23.5645;33.6701;37.8099
2020-01-24T03:00:00;22.4646;30.9281;40.8065
2020-01-24T04:00:00;20.2324;27.3443;39.5608
2020-01-24T05:00:00;18.8387;27.1433;42.1674
2020-01-24T06:00:00;17.7776;33.1791;47.6422
2020-01-24T07:00:00;26.2092;26.3328;49.4944
2020-01-24T08:00:00;36.6622;50.2563;53.2169
2020-01-24T09:00:00;44.4806;44.1413;66.7728
2020-01-24T10:00:00;48.0363;52.6488;74.015
2020-01-24T11:00:00;47.8851;62.0697;80.6368
2020-01-24T12:00:00;58.9347;78.8929;89.1258
2020-01-24T13:00:00;59.5218;78.168;75.3165
2020-01-24T14:00:00;55.0265;73.3133;91.3062
2020-01-24T15:00:00;51.1692;69.825;90.9028
2020-01-24T16:00:00;54.455;55.3296;80.4096
2020-01-24T17:00:00;48.7205;60.5096;74.6316
2020-01-24T18:00:00;35.5685;50.7653;63.0055
2020-01-24T19:00:00;36.6757;42.1861;55.555
2020-01-24T20:00:00;31.9634;39.0905;49.4695
2020-01-24T21:00:00;19.5015;27.6444;39.1678
2020-01-24T22:00:00;24.9492;34.3465;39.6035
2020-01-24T23:00:00;16.7259;20.3202;39.1333
2020-01-25T00:00:00;30.6809;30.3751;40.4919
2020-01-25T01:00:00;30.2397;25.6045;39.9332
2020-01-25T02:00:00;22.7374;27.9518;30.8783
2020-01-25T03:00:00;25.8173;31.5231;40.1613
2020-01-25T04:00:00;11.9504;24.4135;45.2929
2020-01-25T05:00:00;18.2183;30.8212;35.8669
2020-01-25T06:00:00;22.5311;28.9383;43.4974
2020-01-25T07:00:00;25.2925;35.0135;41.3933
2020-01-25T08:00:00;40.5876;43.9166;55.3745
2020-01-25T09:00:00;52.7956;52.7387;61.0079
2020-01-25T10:00:00;41.8976;55.8866;78.5671
2020-01-25T11:00:00;47.5255;64.6765;85.7716
2020-01-25T12:00:00;55.6111;66.6514;81.1547
2020-01-25T13:00:00;63.8803;66.7245;89.5924
2020-01-25T14:00:00;49.7128;77.7301;91.9902
2020-01-25T15:00:00;55.679;70.1185;81.4861
2020-01-25T16:00:00;60.8193;62.7275;78.218
2020-01-25T17:00:00;39.5218;60.4551;75.339
2020-01-25T18:00:00;36.4038;48.3773;60.001
2020-01-25T19:00:00;34.8975;44.0856;56.0738
2020-01-25T20:00:00;28.0502;36.7161;56.6937
2020-01-25T21:00:00;28.063;23.766;33.4999
2020-01-25T22:00:00;25.2083;31.9368;40.2691
2020-01-25T23:00:00;15.1252;27.4719;38.619
2020-01-26T00:00:00;26.5771;28.2227;35.1812
2020-01-26T01:00:00;21.1123;27.1564;37.1083
2020-01-26T02:00:00;30.3722;44.7955;44.7631
2020-01-26T03:00:00;20.8621;26.6869;38.768
2020-01-26T04:00:00;20.8169;19.6566;39.5491
2020-01-26T05:00:00;26.7057;22.0003;44.0043
2020-01-26T06:00:00;27.8146;33.7965;34.5529
2020-01-26T07:00:00;32.8937;44.9987;40.7452
2020-01-26T08:00:00;28.5876;42.8605;64.3651
2020-01-26T09:00:00;45.4993;59.9062;64.8963
2020-01-26T10:00:00;42.6091;63.4337;76.139
2020-01-26T11:00:00;52.8892;63.6936;73.7576
2020-01-26T12:00:00;47.3151;66.74;83.5933
2020-01-26T13:00:00;58.0563;70.6852;78.2524
2020-01-26T14:00:00;51.7917;74.1682;84.0558
2020-01-26T15:00:00;48.0206;70.0287;78.4111
2020-01-26T16:00:00;55.2819;61.257;73.1809
2020-01-26T17:00:00;48.9889;58.8548;70.1553
2020-01-26T18:00:00;39.7392;63.4177;52.7467
2020-01-26T19:00:00;44.2715;47.5255;49.7238
2020-01-26T20:00:00;28.4499;42.6631;49.8918
2020-01-26T21:00:00;24.1605;32.6994;37.7383
2020-01-26T22:00:00;25.3446;31.3668;30.6291
2020-01-26T23:00:00;20.9017;30.5435;38.7394
2020-01-27T00:00:00;26.3557;34.487;31.6089
2020-01-27T01:00:00;21.3327;33.5932;39.6098
2020-01-27T02:00:00;21.9418;31.3195;35.4218
2020-01-27T03:00:00;30.8132;26.5312;34.3744
2020-01-27T04:00:00;18.7971;31.9278;35.5447
2020-01-27T05:00:00;11.9361;29.665;48.7976
2020-01-27T06:00:00;32.0547;28.4587;32.206
2020-01-27T07:00:00;43.3998;51.7103;47.1126
2020-01-27T08:00:00;34.9892;38.5742;59.4302
2020-01-27T09:00:00;33.1249;58.304;59.4016
2020-01-27T10:00:00;46.2282;55.4124;63.6997
2020-01-27T11:00:00;50.2817;65.297;74.5637
2020-01-27T12:00:00;53.4842;80.8852;85.448
2020-01-27T13:00:00;50.2578;64.969;82.027
2020-01-27T14:00:00;58.7225;66.1615;82.5815
2020-01-27T15:00:00;57.0563;67.9547;86.2046
2020-01-27T16:00:00;44.2408;60.4049;73.5375
2020-01-27T17:00:00;51.2766;64.1461;71.2272
2020-01-27T18:00:00;53.0726;50.8388;56.6445
2020-01-27T19:00:00;37.8754;49.5395;57.127
2020-01-27T20:00:00;28.9665;31.6705;47.1273
2020-01-27T21:00:00;23.29;20.9658;39.9777
2020-01-27T22:00:00;27.0763;28.8551;30.2737
2020-01-27T23:00:00;15.3466;22.1575;35.0406
2020-01-28T00:00:00;24.822;37.5913;29.6076
2020-01-28T01:00:00;22.0477;22.351;34.7695
2020-01-28T02:00:00;33.2391;24.8116;43.4089
2020-01-28T03:00:00;23.1291;32.0681;34.3962
2020-01-28T04:00:00;32.3394;27.0682;29.1704
2020-01-28T05:00:00;18.4813;22.4081;32.6006
2020-01-28T06:00:00;26.9363;40.1998;27.9452
2020-01-28T07:00:00;32.2502;33.3083;39.5009
2020-01-28T08:00:00;32.6703;45.2882;58.8783
2020-01-28T09:00:00;43.6961;52.4654;56.9823
2020-01-28T10:00:00;53.8432;63.2773;73.2326
2020-01-28T11:00:00;50.0939;66.9528;77.6979
2020-01-28T12:00:00;45.974;63.9083;78.9931
2020-01-28T13:00:00;55.7369;68.1517;84.8738
2020-01-28T14:00:00;51.3126;68.6463;79.0487
2020-01-28T15:00:00;52.7221;71.7871;85.8549
2020-01-28T16:00:00;51.3049;58.7994;74.0775
2020-01-28T17:00:00;39.2524;69.8163;69.7391
2020-01-28T18:00:00;34.7308;49.7155;61.6869
2020-01-28T19:00:00;39.4259;46.2257;58.9707
2020-01-28T20:00:00;28.0396;32.5165;48.702
2020-01-28T21:00:00;11.1763;23.5092;22.8915
2020-01-28T22:00:00;27.9242;25.6279;37.2712
2020-01-28T23:00:00;25.3618;25.1474;27.277
2020-01-29T00:00:00;20.4306;27.9287;34.2934
2020-01-29T01:00:00;17.4158;25.1052;35.4591
2020-01-29T02:00:00;28.179;33.4778;34.2397
2020-01-29T03:00:00;25.7468;26.0851;38.5041
2020-01-29T04:00:00;35.913;25.5309;39.6004
2020-01-29T05:00:00;26.1009;28.0352;32.1327
2020-01-29T06:00:00;25.9385;34.9642;31.951
2020-01-29T07:00:00;29.8185;39.3908;45.7999
2020-01-29T08:00:00;41.0995;45.771;47.8047
2020-01-29T09:00:00;45.9346;46.3462;61.8288
2020-01-29T10:00:00;54.0393;54.0123;78.4113
2020-01-29T11:00:00;49.1062;58.249;70.0377
2020-01-29T12:00:00;52.2568;74.5765;79.9501
2020-01-29T13:00:00;53.4292;72.4337;80.7755
2020-01-29T14:00:00;59.7787;65.4728;93.7634
2020-01-29T15:00:00;61.9257;65.2204;78.9614
2020-01-29T16:00:00;49.4186;60.5146;75.1702
2020-01-29T17:00:00;45.6568;55.2965;66.5171
2020-01-29T18:00:00;44.3795;55.8129;64.2603
2020-01-29T19:00:00;35.7868;44.8318;56.8742
2020-01-29T20:00:00;35.4134;48.7223;41.5507
2020-01-29T21:00:00;12.7411;36.2518;40.9436
2020-01-29T22:00:00;19.8665;36.5474;37.3553
2020-01-29T23:00:00;20.0879;33.3568;40.2595
2020-01-30T00:00:00;12.3982;27.8867;34.3593
2020-01-30T01:00:00;19.1818;32.989;37.2159
2020-01-30T02:00:00;19.4242;28.2558;34.9345
2020-01-30T03:00:00;22.9945;38.1514;43.2884
2020-01-30T04:00:00;29.5648;32.0214;36.5813
2020-01-30T05:00:00;22.7747;31.3118;36.0438
2020-01-30T06:00:00;18.8459;30.6354;33.7088
2020-01-30T07:00:00;30.3684;47.0178;43.3999
2020-01-30T08:00:00;42.2614;39.1007;56.712
2020-01-30T09:00:00;37.9293;62.7028;68.3116
2020-01-30T10:00:00;43.2278;58.795;68.2482
2020-01-30T11:00:00;54.5056;57.6103;78.2021
2020-01-30T12:00:00;53.3261;64.2812;82.5716
2020-01-30T13:00:00;59.0621;61.5268;85.5289
2020-01-30T14:00:00;55.7565;73.0492;75.1996
2020-01-30T15:00:00;57.9421;62.8508;77.027
2020-01-30T16:00:00;46.5374;65.4844;70.74
2020-01-30T17:00:00;47.7202;65.3969;71.8354
2020-01-30T18:00:00;41.7557;50.1513;59.7088
2020-01-30T19:00:00;30.9361;44.9289;53.0422
2020-01-30T20:00:00;22.8358;31.7996;40.0084
2020-01-30T21:00:00;27.4287;28.0582;33.9838
2020-01-30T22:00:00;22.2452;42.8701;30.3795
2020-01-30T23:00:00;18.8886;33.8897;39.7895
2020-01-31T00:00:00;23.5191;28.6763;38.3961
2020-01-31T01:00:00;29.6401;26.9416;36.7511
2020-01-31T02:00:00;12.5963;29.7868;34.4903
2020-01-31T03:00:00;16.5168;30.6503;25.8116
2020-01-31T04:00:00;19.3856;27.9047;33.709
2020-01-31T05:00:00;31.3059;32.6503;32.1927
2020-01-31T06:00:00;25.4129;25.2328;37.2364
2020-01-31T07:00:00;34.4898;33.5245;49.0783
2020-01-31T08:00:00;31.3148;48.1204;57.1465
2020-01-31T09:00:00;37.2114;47.6682;70.5289
2020-01-31T10:00:00;50.0197;63.3709;68.8294
2020-01-31T11:00:00;52.0042;64.5696;74.5203
2020-01-31T12:00:00;57.1775;58.9027;86.8401
2020-01-31T13:00:00;54.8863;70.3284;84.5681
2020-01-31T14:00:00;57.2154;61.3551;82.5021
2020-01-31T15:00:00;55.2244;71.5091;90.8833
2020-01-31T16:00:00;55.6016;63.3974;80.4579
2020-01-31T17:00:00;51.8157;68.9812;70.7182
2020-01-31T18:00:00;34.7098;58.868;60.784
2020-01-31T19:00:00;25.7792;40.966;62.1559
2020-01-31T20:00:00;35.6619;28.2128;47.0147
2020-01-31T21:00:00;29.9386;26.2245;36.1226
2020-01-31T22:00:00;18.8969;23.8937;39.3814
2020-01-31T23:00:00;14.7008;39.1287;40.4004
2020-02-01T00:00:00;24.4952;29.9484;38.7493
2020-02-01T01:00:00;28.6542;34.6671;40.4199
2020-02-01T02:00:00;32.988;28.5748;38.2569
2020-02-01T03:00:00;26.5815;29.1017;38.7745
2020-02-01T04:00:00;22.1414;29.8369;32.3418
2020-02-01T05:00:00;19.5343;35.5327;45.0518
2020-02-01T06:00:00;24.0573;31.5581;29.8316
2020-02-01T07:00:00;29.1569;33.0298;47.5266
2020-02-01T08:00:00;31.9402;54.382;48.8395
2020-02-01T09:00:00;53.0529;52.0473;63.723
2020-02-01T10:00:00;56.7065;57.4482;68.8145
2020-02-01T11:00:00;57.3931;50.4935;78.248
2020-02-01T12:00:00;49.8296;71.2143;83.3595
2020-02-01T13:00:00;60.0998;70.2859;78.9554
2020-02-01T14:00:00;59.0228;70.2805;83.59
2020-02-01T15:00:00;56.6465;66.0281;88.6191
2020-02-01T16:00:00;57.9611;61.7649;71.0079
2020-02-01T17:00:00;50.9575;57.8779;67.4007
2020-02-01T18:00:00;46.5092;55.8272;68.5175
2020-02-01T19:00:00;40.2001;49.4651;55.9111
2020-02-01T20:00:00;32.3571;37.1613;46.7355
2020-02-01T21:00:00;15.0819;34.7447;41.1115
2020-02-01T22:00:00;24.4181;29.6051;32.0297
2020-02-01T23:00:00;21.219;27.4789;33.4033
2020-02-02T00:00:00;17.6008;30.9921;32.7868
2020-02-02T01:00:00;32.4091;23.2031;34.259
2020-02-02T02:00:00;32.645;31.1636;42.6976
2020-02-02T03:00:00;30.7961;22.2891;27.4946
2020-02-02T04:00:00;25.2761;24.8614;30.0289
2020-02-02T05:00:00;30.7531;19.9065;29.1716
2020-02-02T06:00:00;24.0603;29.1244;43.0085
2020-02-02T07:00:00;31.6672;46.3646;42.9078
2020-02-02T08:00:00;31.5482;45.6841;53.89
2020-02-02T09:00:00;44.7941;56.7293;56.1405
2020-02-02T10:00:00;48.0826;71.4874;70.359
2020-02-02T11:00:00;45.1996;66.6613;81.9018
2020-02-02T12:00:00;54.1778;64.2162;82.9155
2020-02-02T13:00:00;55.4261;66.643;83.1977
2020-02-02T14:00:00;64.8125;69.7842;75.9126
2020-02-02T15:00:00;58.9049;64.8778;80.011
2020-02-02T16:00:00;51.77;61.8506;78.3038
2020-02-02T17:00:00;49.0246;64.6521;66.7118
2020-02-02T18:00:00;43.0302;58.6422;67.4881
2020-02-02T19:00:00;36.001;38.035;59.9487
2020-02-02T20:00:00;25.241;34.2256;43.3365
2020-02-02T21:00:00;23.2447;27.68;39.6292
2020-02-02T22:00:00;20.2695;32.9954;35.4513
2020-02-02T23:00:00;17.7484;35.7154;41.7357
2020-02-03T00:00:00;26.5561;43.5098;46.1708
2020-02-03T01:00:00;25.9563;27.6716;30.5317
2020-02-03T02:00:00;15.0665;27.9214;39.8474
2020-02-03T03:00:00;23.3866;32.9429;42.5248
2020-02-03T04:00:00;28.9785;26.5889;31.1466
2020-02-03T05:00:00;29.2961;29.2952;33.1244
2020-02-03T06:00:00;29.1292;27.9248;33.0681
2020-02-03T07:00:00;30.8477;25.2082;45.3159
2020-02-03T08:00:00;32.7903;46.8856;53.7415
2020-02-03T09:00:00;37.3906;52.5996;63.2223
2020-02-03T10:00:00;49.5037;66.0819;75.8609
2020-02-03T11:00:00;53.6092;64.6685;68.0902
2020-02-03T12:00:00;60.8705;61.7685;76.7812
2020-02-03T13:00:00;61.3246;68.4904;87.0867
2020-02-03T14:00:00;55.1636;59.3255;86.5009
2020-02-03T15:00:00;48.2128;61.9877;76.358
2020-02-03T16:00:00;50.1173;67.8185;80.3677
2020-02-03T17:00:00;48.8668;58.4891;78.3053
2020-02-03T18:00:00;41.7987;58.124;63.9686
2020-02-03T19:00:00;34.1261;36.435;50.4836
2020-02-03T20:00:00;31.9176;37.1042;50.3545
2020-02-03T21:00:00;21.4802;27.6224;44.6152
2020-02-03T22:00:00;20.8597;34.7792;31.5693
2020-02-03T23:00:00;25.5573;33.3638;36.1963
2020-02-04T00:00:00;21.99;33.2113;41.4508
2020-02-04T01:00:00;25.2205;37.7071;36.5768
2020-02-04T02:00:00;25.366;28.1596;27.2635
2020-02-04T03:00:00;18.3029;36.6754;38.2171
2020-02-04T04:00:00;21.5938;24.779;31.106
2020-02-04T05:00:00;31.1889;24.5956;29.6464
2020-02-04T06:00:00;18.1896;33.7637;27.3613
2020-02-04T07:00:00;20.0699;30.7928;51.9318
2020-02-04T08:00:00;27.7063;49.1333;51.3498
2020-02-04T09:00:00;42.9547;54.018;65.8804
2020-02-04T10:00:00;47.9352;65.0851;74.5657
2020-02-04T11:00:00;51.1248;64.3438;78.3783
2020-02-04T12:00:00;60.5048;68.3225;83.1336
2020-02-04T13:00:00;42.4605;72.3272;85.6423
2020-02-04T14:00:00;57.8044;66.4676;84.4275
2020-02-04T15:00:00;62.241;64.5112;77.8499
2020-02-04T16:00:00;46.0739;67.0132;73.3225
2020-02-04T17:00:00;45.8816;59.5794;71.146
2020-02-04T18:00:00;39.0447;51.4748;63.5829
2020-02-04T19:00:00;32.5438;45.8555;57.67
2020-02-04T20:00:00;29.0219;46.2893;51.488
2020-02-04T21:00:00;31.1374;27.7849;37.7195
2020-02-04T22:00:00;33.1869;27.6399;31.9456
2020-02-04T23:00:00;22.3203;21.4628;25.0942
2020-02-05T00:00:00;33.5253;29.7882;32.1553
2020-02-05T01:00:00;24.1779;33.2844;29.2775
2020-02-05T02:00:00;32.7685;34.181;32.3481
2020-02-05T03:00:00;23.5335;30.5411;37.2114
2020-02-05T04:00:00;24.6553;34.7792;36.422
2020-02-05T05:00:00;25.8274;33.6562;45.2909
2020-02-05T06:00:00;39.8943;35.5648;38.4154
2020-02-05T07:00:00;34.9096;43.238;55.5256
2020-02-05T08:00:00;33.4792;54.1194;59.0991
2020-02-05T09:00:00;47.6541;52.6629;69.6422
2020-02-05T10:00:00;45.9715;53.0905;69.8764
2020-02-05T11:00:00;49.2641;67.9596;72.1967
2020-02-05T12:00:00;58.9768;71.945;79.4059
2020-02-05T13:00:00;55.9801;77.6309;83.6777
2020-02-05T14:00:00;57.2176;76.1873;80.5963
2020-02-05T15:00:00;54.5037;77.7696;76.645
2020-02-05T16:00:00;53.3957;67.7403;79.6534
2020-02-05T17:00:00;49.9055;60.8698;66.644
2020-02-05T18:00:00;33.1243;46.5865;56.5462
2020-02-05T19:00:00;40.3484;47.8099;49.9129
2020-02-05T20:00:00;25.7431;35.554;44.808
2020-02-05T21:00:00;16.7885;31.0576;31.0454
2020-02-05T22:00:00;23.7079;30.2726;34.8596
2020-02-05T23:00:00;24.4199;32.3587;39.0022
2020-02-06T00:00:00;20.5325;29.5133;38.8722
2020-02-06T01:00:00;28.1552;34.6751;32.6959
2020-02-06T02:00:00;17.2891;16.3842;29.4803
2020-02-06T03:00:00;21.9653;30.95;33.1219
2020-02-06T04:00:00;21.0756;36.0124;39.2782
2020-02-06T05:00:00;23.7671;39.3502;40.446
2020-02-06T06:00:00;25.3943;33.6598;37.7644
2020-02-06T07:00:00;25.6137;46.7409;51.9869
2020-02-06T08:00:00;40.637;47.1141;64.1694
2020-02-06T09:00:00;43.1241;53.5257;61.7976
2020-02-06T10:00:00;38.3209;62.3729;79.1038
2020-02-06T11:00:00;41.9199;64.625;76.2665
2020-02-06T12:00:00;54.3722;64.1305;86.75
2020-02-06T13:00:00;54.7199;67.2047;87.2799
2020-02-06T14:00:00;55.3076;64.2201;73.8518
2020-02-06T15:00:00;54.2939;70.6841;76.8196
2020-02-06T16:00:00;52.8406;64.698;71.4628
2020-02-06T17:00:00;52.5189;57.9244;62.7607
2020-02-06T18:00:00;37.2536;50.678;68.6103
2020-02-06T19:00:00;31.1557;48.7947;65.8672
2020-02-06T20:00:00;25.1866;42.2187;44.6914
2020-02-06T21:00:00;25.4446;24.3474;40.2708
2020-02-06T22:00:00;30.2247;23.5616;43.4231
2020-02-06T23:00:00;21.8433;34.7725;37.0417
2020-02-07T00:00:00;11.4915;23.1243;35.8734
2020-02-07T01:00:00;15.48;32.7374;34.7716
2020-02-07T02:00:00;19.8348;38.0845;38.6878
2020-02-07T03:00:00;21.2114;38.0962;40.3735
2020-02-07T04:00:00;21.9581;33.6894;38.309
2020-02-07T05:00:00;24.1929;33.544;38.1373
2020-02-07T06:00:00;22.4413;41.2595;35.744
2020-02-07T07:00:00;35.8999;26.6445;38.015
2020-02-07T08:00:00;33.6355;43.9478;60.0119
2020-02-07T09:00:00;38.4975;57.7539;57.7906
2020-02-07T10:00:00;50.175;58.0394;74.7679
2020-02-07T11:00:00;44.0346;70.8399;81.3479
2020-02-07T12:00:00;56.3823;67.8455;75.9486
2020-02-07T13:00:00;56.3375;70.4396;80.698
2020-02-07T14:00:00;55.0875;68.4075;94.3444
2020-02-07T15:00:00;62.3752;65.4297;81.2533
2020-02-07T16:00:00;48.6018;61.9055;71.4682
2020-02-07T17:00:00;58.0821;61.0816;75.6753
2020-02-07T18:00:00;41.682;49.6386;60.3503
2020-02-07T19:00:00;30.6305;51.0355;45.9207
2020-02-07T20:00:00;31.0028;41.5826;48.5786
2020-02-07T21:00:00;18.6188;35.4971;31.4169
2020-02-07T22:00:00;20.2412;24.3554;37.6059
2020-02-07T23:00:00;25.9852;21.5026;31.9365
2020-02-08T00:00:00;26.7779;29.9791;39.536
2020-02-08T01:00:00;20.8892;44.494;36.9175
2020-02-08T02:00:00;28.937;36.331;23.054
2020-02-08T03:00:00;29.7875;27.2278;37.9101
2020-02-08T04:00:00;31.1815;32.1226;34.5513
2020-02-08T05:00:00;26.6471;33.6379;43.0836
2020-02-08T06:00:00;30.8171;23.1581;37.976
2020-02-08T07:00:00;21.2492;45.1646;49.7606
2020-02-08T08:00:00;35.426;45.4323;51.9707
2020-02-08T09:00:00;38.4741;53.058;60.2634
2020-02-08T10:00:00;48.3768;59.8447;71.5427
2020-02-08T11:00:00;48.8556;70.3637;75.7661
2020-02-08T12:00:00;53.603;64.2663;88.3408
2020-02-08T13:00:00;65.2356;61.246;82.9705
2020-02-08T14:00:00;54.9761;71.3957;77.6129
2020-02-08T15:00:00;56.5028;57.824;77.5128
2020-02-08T16:00:00;50.5515;63.1355;82.3945
2020-02-08T17:00:00;48.1592;65.6602;70.8347
2020-02-08T18:00:00;42.8392;56.4069;63.1101
2020-02-08T19:00:00;39.2572;51.4812;60.8243
2020-02-08T20:00:00;36.4797;41.4182;41.4059
2020-02-08T21:00:00;32.237;42.0517;24.8241
2020-02-08T22:00:00;25.5481;27.0588;31.7357
2020-02-08T23:00:00;26.9477;31.9907;37.2104
2020-02-09T00:00:00;18.2457;27.8094;34.7524
2020-02-09T01:00:00;23.5606;34.784;28.1979
2020-02-09T02:00:00;28.7014;29.6921;41.0803
2020-02-09T03:00:00;28.3298;38.5942;36.8175
2020-02-09T04:00:00;25.058;27.3459;37.9451
2020-02-09T05:00:00;28.432;37.0356;38.0981
2020-02-09T06:00:00;26.4538;32.9657;29.5074
2020-02-09T07:00:00;36.6547;38.1542;47.4942
2020-02-09T08:00:00;38.4624;48.9817;60.0606
2020-02-09T09:00:00;41.0306;54.8177;69.9152
2020-02-09T10:00:00;49.4598;61.5056;75.2773
2020-02-09T11:00:00;37.0598;63.6067;80.1349
2020-02-09T12:00:00;56.3482;64.5343;72.9636
2020-02-09T13:00:00;37.5826;68.1055;83.6624
2020-02-09T14:00:00;47.2074;61.3652;78.9542
2020-02-09T15:00:00;56.6927;72.252;88.0616
2020-02-09T16:00:00;54.1005;58.4652;83.2211
2020-02-09T17:00:00;41.9685;58.6376;66.9183
2020-02-09T18:00:00;39.2486;56.7516;63.9838
2020-02-09T19:00:00;43.8683;50.4664;56.7659
2020-02-09T20:00:00;28.233;29.4432;50.4837
2020-02-09T21:00:00;35.2146;29.5408;27.6219
2020-02-09T22:00:00;23.9904;32.2987;24.9519
2020-02-09T23:00:00;26.0402;30.2601;36.1907
2020-02-10T00:00:00;32.0844;36.7204;23.3429
2020-02-10T01:00:00;24.6551;25.891;36.7929
2020-02-10T02:00:00;18.9883;19.7548;38.961
2020-02-10T03:00:00;23.4514;34.0516;42.1804
2020-02-10T04:00:00;23.8219;27.3146;32.8872
2020-02-10T05:00:00;17.1763;21.2073;36.8059
2020-02-10T06:00:00;22.7208;29.2074;39.2575
2020-02-10T07:00:00;26.9422;44.4693;40.1012
2020-02-10T08:00:00;41.6374;39.9532;60.1001
2020-02-10T09:00:00;42.9822;65.1914;65.5854
2020-02-10T10:00:00;46.3667;55.5364;68.6437
2020-02-10T11:00:00;51.1819;65.0761;78.2761
2020-02-10T12:00:00;55.5494;61.9466;80.954
2020-02-10T13:00:00;58.9088;69.9889;87.6374
2020-02-10T14:00:00;50.8261;69.1121;81.9348
2020-02-10T15:00:00;49.2259;60.5948;82.7862
2020-02-10T16:00:00;57.2362;78.7702;74.4646
2020-02-10T17:00:00;45.719;57.2491;66.9817
2020-02-10T18:00:00;35.7249;51.0391;65.0714
2020-02-10T19:00:00;39.2346;51.1146;51.0395
2020-02-10T20:00:00;32.97;47.3877;49.9827
2020-02-10T21:00:00;16.3464;35.6322;38.9612
2020-02-10T22:00:00;25.1474;23.9941;32.1744
2020-02-10T23:00:00;27.6779;31.0695;37.0689
2020-02-11T00:00:00;25.8719;20.5931;32.1515
2020-02-11T01:00:00;27.1599;34.5085;27.9784
2020-02-11T02:00:00;16.9787;21.8241;33.0139
2020-02-11T03:00:00;25.6552;25.984;35.7484
2020-02-11T04:00:00;22.4869;29.984;38.607
2020-02-11T05:00:00;21.586;32.225;36.7474
2020-02-11T06:00:00;28.3528;28.6953;40.5384
2020-02-11T07:00:00;38.0495;45.9119;41.0739
2020-02-11T08:00:00;45.9874;49.8857;53.6399
2020-02-11T09:00:00;49.3832;56.735;72.4355
2020-02-11T10:00:00;47.232;53.5788;62.0156
2020-02-11T11:00:00;53.4764;73.1379;75.3094
2020-02-11T12:00:00;58.2679;64.0269;76.2932
2020-02-11T13:00:00;56.4306;78.4686;82.7601
2020-02-11T14:00:00;56.4785;79.8919;81.5648
2020-02-11T15:00:00;58.5526;70.6055;84.6615
2020-02-11T16:00:00;51.4164;69.8011;78.8468
2020-02-11T17:00:00;44.1342;44.3112;65.1429
2020-02-11T18:00:00;40.7368;52.5364;61.2729
2020-02-11T19:00:00;40.1851;51.7803;55.5228
2020-02-11T20:00:00;30.6681;42.939;49.6767
2020-02-11T21:00:00;25.701;23.9014;48.1648
2020-02-11T22:00:00;27.3504;28.5314;39.514
2020-02-11T23:00:00;22.1258;17.3182;30.9375
2020-02-12T00:00:00;27.7812;32.065;35.5308
2020-02-12T01:00:00;25.8942;20.5834;36.9049
2020-02-12T02:00:00;17.8259;35.6524;33.403
2020-02-12T03:00:00;31.2115;35.9136;38.3513
2020-02-12T04:00:00;21.4963;27.6282;24.6431
2020-02-12T05:00:00;15.7245;32.6064;38.7657
2020-02-12T06:00:00;18.7748;28.9145;33.6181
2020-02-12T07:00:00;25.5479;39.526;45.4312
2020-02-12T08:00:00;37.2764;40.5332;62.852
2020-02-12T09:00:00;41.4399;56.6239;57.9061
2020-02-12T10:00:00;46.0965;51.5199;73.0345
2020-02-12T11:00:00;54.8113;55.4914;81.5388
2020-02-12T12:00:00;56.1332;67.4326;82.5024
2020-02-12T13:00:00;57.4049;68.7247;75.6661
2020-02-12T14:00:00;57.8738;71.1424;90.489
2020-02-12T15:00:00;57.5145;64.7947;80.5939
2020-02-12T16:00:00;41.173;74.0695;74.9315
2020-02-12T17:00:00;45.9584;60.5288;70.1185
2020-02-12T18:00:00;31.9081;54.6758;62.303
2020-02-12T19:00:00;37.1959;47.2556;49.5725
2020-02-12T20:00:00;30.63;43.331;46.8045
2020-02-12T21:00:00;29.2277;32.8801;33.0138
2020-02-12T22:00:00;29.9382;32.2101;39.3544
2020-02-12T23:00:00;25.0139;33.6799;38.588
2020-02-13T00:00:00;21.4982;20.8769;44.1283
2020-02-13T01:00:00;26.4258;21.0658;34.9418
2020-02-13T02:00:00;21.3604;29.6197;31.9838
2020-02-13T03:00:00;23.993;29.0116;28.6513
2020-02-13T04:00:00;28.9307;32.899;46.9667
2020-02-13T05:00:00;21.2111;30.1001;39.3105
2020-02-13T06:00:00;28.0284;32.9093;32.5379
2020-02-13T07:00:00;34.0402;32.0885;54.4455
2020-02-13T08:00:00;32.2416;46.2157;62.3042
2020-02-13T09:00:00;47.6786;46.8061;57.4573
2020-02-13T10:00:00;51.2735;61.6601;67.9036
2020-02-13T11:00:00;52.2224;55.2496;76.9076
2020-02-13T12:00:00;50.6222;69.7838;76.3003
2020-02-13T13:00:00;51.5287;62.4359;83.2542
2020-02-13T14:00:00;53.1364;67.8632;87.2969
2020-02-13T15:00:00;57.1468;72.5169;74.7844
2020-02-13T16:00:00;46.9347;65.7779;79.0342
2020-02-13T17:00:00;49.9682;51.4975;77.5134
2020-02-13T18:00:00;36.6004;50.1494;66.2148
2020-02-13T19:00:00;35.9952;38.7626;55.1453
2020-02-13T20:00:00;31.2014;29.8427;42.6393
2020-02-13T21:00:00;36.2257;30.5883;40.1542
2020-02-13T22:00:00;17.1134;32.8015;30.1154
2020-02-13T23:00:00;31.3601;32.203;37.214
2020-02-14T00:00:00;24.7492;33.0131;36.1276
2020-02-14T01:00:00;26.0559;29.9404;41.6281
2020-02-14T02:00:00;24.5917;28.633;33.0863
2020-02-14T03:00:00;26.2236;24.6347;33.5113
2020-02-14T04:00:00;23.2316;27.7996;29.7907
2020-02-14T05:00:00;31.2703;23.3933;38.1864
2020-02-14T06:00:00;21.7176;25.7742;33.8809
2020-02-14T07:00:00;36.3143;38.7611;41.6694
2020-02-14T08:00:00;33.7937;45.6804;51.6893
2020-02-14T09:00:00;42.5079;68.8351;66.8992
2020-02-14T10:00:00;42.4208;52.9968;66.1561
2020-02-14T11:00:00;53.9879;64.0155;72.4984
2020-02-14T12:00:00;61.6594;60.9236;86.1325
2020-02-14T13:00:00;55.4379;67.8419;82.9064
2020-02-14T14:00:00;54.8403;68.0454;88.5143
2020-02-14T15:00:00;48.8607;72.2667;79.8539
2020-02-14T16:00:00;50.5663;62.3927;77.5636
2020-02-14T17:00:00;39.8167;58.7692;72.4524
2020-02-14T18:00:00;38.2447;51.3598;71.1501
2020-02-14T19:00:00;38.1495;39.2642;62.0527
2020-02-14T20:00:00;37.2482;35.056;51.7459
2020-02-14T21:00:00;38.0461;28.0903;32.8559
2020-02-14T22:00:00;21.0671;30.3691;31.0659
2020-02-14T23:00:00;31.1765;32.7947;39.804
2020-02-15T00:00:00;25.2188;28.827;42.8838
2020-02-15T01:00:00;23.2438;28.7391;41.8141
2020-02-15T02:00:00;26.163;21.3959;36.0652
2020-02-15T03:00:00;24.3096;32.6987;39.639
2020-02-15T04:00:00;24.552;26.5205;39.7269
2020-02-15T05:00:00;21.9583;33.7356;36.7447
2020-02-15T06:00:00;17.0095;36.5822;36.9619
2020-02-15T07:00:00;22.935;37.3769;46.4707
2020-02-15T08:00:00;40.2818;41.1529;51.5829
2020-02-15T09:00:00;41.4256;53.4279;60.7834
2020-02-15T10:00:00;44.8002;61.4693;68.1635
2020-02-15T11:00:00;51.7553;63.0634;69.573
2020-02-15T12:00:00;58.4085;65.2221;82.365
2020-02-15T13:00:00;56.7265;72.5985;83.5342
2020-02-15T14:00:00;52.5444;72.2688;87.5469
2020-02-15T15:00:00;60.5653;66.3108;87.9543
2020-02-15T16:00:00;59.6087;56.3707;84.1907
2020-02-15T17:00:00;50.2534;62.0077;78.7633
2020-02-15T18:00:00;47.6774;49.6748;60.4283
2020-02-15T19:00:00;43.2254;47.3412;48.3636
2020-02-15T20:00:00;36.3037;39.0723;50.6335
2020-02-15T21:00:00;27.0705;20.5553;42.9107
2020-02-15T22:00:00;26.9917;30.4054;43.78
2020-02-15T23:00:00;26.5983;32.5727;38.425
2020-02-16T00:00:00;18.5133;33.1858;26.0165
2020-02-16T01:00:00;27.5036;30.5868;37.828
2020-02-16T02:00:00;17.2209;20.1141;38.7772
2020-02-16T03:00:00;20.027;36.3854;42.2604
2020-02-16T04:00:00;30.5178;32.0551;43.1481
2020-02-16T05:00:00;28.2011;23.9834;40.5482
2020-02-16T06:00:00;31.437;26.0612;33.0636
2020-02-16T07:00:00;29.2948;39.4726;40.8342
2020-02-16T08:00:00;31.2543;49.6684;58.1932
2020-02-16T09:00:00;41.6069;51.0716;60.2516
2020-02-16T10:00:00;48.2908;63.8534;79.0466
2020-02-16T11:00:00;52.1078;55.6772;69.0464
2020-02-16T12:00:00;60.1022;62.83;84.4851
2020-02-16T13:00:00;54.0183;59.4591;85.3347
2020-02-16T14:00:00;57.5849;65.2939;82.7032
2020-02-16T15:00:00;49.4907;75.5826;77.0251
2020-02-16T16:00:00;53.9644;74.93;67.2603
2020-02-16T17:00:00;47.7962;60.8987;69.0138
2020-02-16T18:00:00;39.0601;50.3193;61.6443
2020-02-16T19:00:00;35.8364;45.1613;61.082
2020-02-16T20:00:00;29.7323;40.6832;42.0655
2020-02-16T21:00:00;22.6492;22.1851;38.2639
2020-02-16T22:00:00;32.8567;27.1375;29.5388
2020-02-16T23:00:00;23.5078;37.1745;38.4012
2020-02-17T00:00:00;22.7805;24.7714;24.8115
2020-02-17T01:00:00;13.5127;26.2549;46.4765
2020-02-17T02:00:00;19.529;30.066;35.2947
2020-02-17T03:00:00;22.6846;31.4157;22.0275
2020-02-17T04:00:00;20.5707;26.875;32.4113
2020-02-17T05:00:00;30.9085;30.3848;31.6217
2020-02-17T06:00:00;23.1753;33.0397;32.7209
2020-02-17T07:00:00;37.0954;48.1237;44.1566
2020-02-17T08:00:00;37.3241;45.6382;52.2103
2020-02-17T09:00:00;42.9953;53.3049;60.1316
2020-02-17T10:00:00;47.3367;67.3631;65.8775
2020-02-17T11:00:00;51.7318;61.8952;81.6782
2020-02-17T12:00:00;63.0278;61.4205;87.6564
2020-02-17T13:00:00;44.2266;71.0321;82.4642
2020-02-17T14:00:00;45.817;75.1618;83.6489
2020-02-17T15:00:00;51.718;69.8475;76.0191
2020-02-17T16:00:00;51.7855;64.1559;77.9243
2020-02-17T17:00:00;51.2312;52.4838;72.8208
2020-02-17T18:00:00;45.1746;53.2196;63.1167
2020-02-17T19:00:00;35.0943;52.4352;57.5037
2020-02-17T20:00:00;35.7484;32.1459;47.5233
2020-02-17T21:00:00;29.151;28.7763;30.7293
2020-02-17T22:00:00;24.9203;28.0626;41.9652
2020-02-17T23:00:00;28.8133;26.5115;34.9618
2020-02-18T00:00:00;25.3632;31.2396;44.3779
2020-02-18T01:00:00;21.1926;32.2165;38.1021
2020-02-18T02:00:00;27.4891;32.1641;45.8547
2020-02-18T03:00:00;24.5531;25.116;41.8763
2020-02-18T04:00:00;24.0067;21.7701;37.1359
2020-02-18T05:00:00;31.3648;31.3119;32.3845
2020-02-18T06:00:00;11.7456;27.4704;32.4922
2020-02-18T07:00:00;23.5648;47.508;48.6449
2020-02-18T08:00:00;31.0802;55.692;56.239
2020-02-18T09:00:00;40.9928;63.4649;61.2686
2020-02-18T10:00:00;46.5076;55.0252;75.8363
2020-02-18T11:00:00;44.1762;67.4879;77.7631
2020-02-18T12:00:00;49.508;72.397;85.8458
2020-02-18T13:00:00;51.5205;73.5726;78.8597
2020-02-18T14:00:00;68.1118;68.0089;88.7344
2020-02-18T15:00:00;63.4425;74.4381;84.1557
2020-02-18T16:00:00;49.6541;64.6434;83.5571
2020-02-18T17:00:00;45.9627;60.3663;76.5581
2020-02-18T18:00:00;37.0631;45.8222;63.7889
2020-02-18T19:00:00;27.4749;49.4933;54.6965
2020-02-18T20:00:00;30.0688;37.0144;54.8949
2020-02-18T21:00:00;19.0107;32.3239;34.5472
2020-02-18T22:00:00;23.5757;31.1756;39.7422
2020-02-18T23:00:00;15.999;30.9047;34.0931
2020-02-19T00:00:00;20.1901;29.7714;26.6906
2020-02-19T01:00:00;24.7431;33.933;29.8633
2020-02-19T02:00:00;25.831;29.0055;38.0296
2020-02-19T03:00:00;26.0874;22.724;39.5057
2020-02-19T04:00:00;17.3976;32.8448;38.0461
2020-02-19T05:00:00;28.2734;25.955;41.7297
2020-02-19T06:00:00;19.9989;23.3787;37.9563
2020-02-19T07:00:00;33.8175;33.2053;42.1036
2020-02-19T08:00:00;36.9624;47.6861;58.4949
2020-02-19T09:00:00;35.9272;53.0288;65.0617
2020-02-19T10:00:00;46.1996;49.0624;68.7932
2020-02-19T11:00:00;53.5396;62.7227;79.9318
2020-02-19T12:00:00;57.4986;73.8884;82.0476
2020-02-19T13:00:00;55.1198;67.5244;80.712
2020-02-19T14:00:00;63.4836;68.9535;82.8477
2020-02-19T15:00:00;59.4714;73.2572;88.7185
2020-02-19T16:00:00;50.4295;68.6185;84.4737
2020-02-19T17:00:00;51.5312;64.8345;72.6117
2020-02-19T18:00:00;52.4781;39.6486;64.5
2020-02-19T19:00:00;46.818;54.9371;48.3581
2020-02-19T20:00:00;24.5132;41.4985;54.5766
2020-02-19T21:00:00;19.3673;42.3074;41.1817
2020-02-19T22:00:00;31.4246;26.0884;39.7598
2020-02-19T23:00:00;18.7086;21.1827;24.6263
2020-02-20T00:00:00;17.3873;30.0361;36.2046
2020-02-20T01:00:00;21.569;28.6231;35.3644
2020-02-20T02:00:00;26.1011;33.2683;39.4141
2020-02-20T03:00:00;23.488;35.3746;33.7448
2020-02-20T04:00:00;20.7472;29.5635;34.8414
2020-02-20T05:00:00;20.6289;28.7965;39.0971
2020-02-20T06:00:00;20.4383;32.6136;32.1321
2020-02-20T07:00:00;26.2556;37.0348;43.1095
2020-02-20T08:00:00;48.4237;44.5696;56.49
2020-02-20T09:00:00;44.2967;58.6971;70.9061
2020-02-20T10:00:00;52.2144;66.0247;75.7133
2020-02-20T11:00:00;49.2674;70.0608;82.9462
2020-02-20T12:00:00;53.504;67.2011;81.9673
2020-02-20T13:00:00;52.2569;59.0819;91.2124
2020-02-20T14:00:00;42.5662;69.0398;75.0311
2020-02-20T15:00:00;47.5438;64.2524;91.7619
2020-02-20T16:00:00;42.6597;63.9924;88.328
2020-02-20T17:00:00;36.5317;56.3703;73.954
2020-02-20T18:00:00;36.8323;53.4077;68.375
2020-02-20T19:00:00;43.6404;41.0731;55.3334
2020-02-20T20:00:00;30.431;31.9129;44.9319
2020-02-20T21:00:00;30.4528;36.1135;32.9456
2020-02-20T22:00:00;26.0549;25.1517;35.7549
2020-02-20T23:00:00;27.9128;30.0017;38.7797
2020-02-21T00:00:00;19.4955;34.7726;38.0994
2020-02-21T01:00:00;26.6198;34.5715;45.933
2020-02-21T02:00:00;27.6436;33.9742;36.5014
2020-02-21T03:00:00;21.1168;31.5143;28.5559
2020-02-21T04:00:00;26.7977;33.62;44.2216
2020-02-21T05:00:00;26.8309;36.8654;29.8952
2020-02-21T06:00:00;21.2522;32.1251;33.203
2020-02-21T07:00:00;25.0393;29.1305;47.3385
2020-02-21T08:00:00;31.0949;43.6268;57.6092
2020-02-21T09:00:00;43.2417;56.9933;56.9865
2020-02-21T10:00:00;49.4157;56.5903;67.9386
2020-02-21T11:00:00;47.7502;72.7415;70.1653
2020-02-21T12:00:00;54.5667;67.7264;84.7593
2020-02-21T13:00:00;58.6774;70.2071;89.654
2020-02-21T14:00:00;58.9157;75.4046;77.6279
2020-02-21T15:00:00;62.1932;67.128;86.629
2020-02-21T16:00:00;58.0977;65.5224;82.2231
2020-02-21T17:00:00;42.7742;64.2214;68.3756
2020-02-21T18:00:00;51.2271;46.1501;54.3008
2020-02-21T19:00:00;34.3607;44.843;50.1671
2020-02-21T20:00:00;35.8775;42.4622;43.0035
2020-02-21T21:00:00;24.3399;30.328;43.7084
2020-02-21T22:00:00;21.9393;37.3367;35.4085
2020-02-21T23:00:00;14.9615;22.1204;30.9659
2020-02-22T00:00:00;23.1422;21.55;36.7392
2020-02-22T01:00:00;16.2031;33.8484;29.5233
2020-02-22T02:00:00;28.8365;34.329;38.5717
2020-02-22T03:00:00;31.584;29.0337;31.1117
2020-02-22T04:00:00;20.0154;32.002;31.8374
2020-02-22T05:00:00;25.5099;33.726;37.8775
2020-02-22T06:00:00;20.373;25.9307;44.7512
2020-02-22T07:00:00;27.5108;34.7822;56.9687
2020-02-22T08:00:00;40.888;47.2181;50.324
2020-02-22T09:00:00;42.6164;58.0319;61.2307
2020-02-22T10:00:00;56.4789;53.896;74.2486
2020-02-22T11:00:00;49.3017;63.6513;83.4132
2020-02-22T12:00:00;59.4305;66.8211;70.8303
2020-02-22T13:00:00;56.3118;71.8707;84.1737
2020-02-22T14:00:00;59.8036;69.7374;81.3013
2020-02-22T15:00:00;52.198;65.3128;72.0306
2020-02-22T16:00:00;51.465;70.8838;70.8834
2020-02-22T17:00:00;47.2031;57.0295;68.8321
2020-02-22T18:00:00;38.6288;52.0509;64.5078
2020-02-22T19:00:00;40.326;38.312;60.5639
2020-02-22T20:00:00;33.9044;34.7483;47.7515
2020-02-22T21:00:00;26.9678;32.5804;40.7377
2020-02-22T22:00:00;31.6848;31.603;36.1336
2020-02-22T23:00:00;31.2467;32.9976;32.4753
2020-02-23T00:00:00;22.1253;32.7549;35.0813
2020-02-23T01:00:00;25.8653;40.4386;39.4776
2020-02-23T02:00:00;20.882;26.2607;41.1628
2020-02-23T03:00:00;24.1168;21.9029;35.2606
2020-02-23T04:00:00;21.0013;24.7472;31.3544
2020-02-23T05:00:00;32.1004;26.4817;37.6783
2020-02-23T06:00:00;25.8185;25.1284;38.3899
2020-02-23T07:00:00;29.563;38.7848;52.1434
2020-02-23T08:00:00;42.9837;52.5327;52.1295
2020-02-23T09:00:00;31.9561;61.2097;60.8747
2020-02-23T10:00:00;37.7101;62.2473;75.4518
2020-02-23T11:00:00;55.692;75.3474;75.5321
2020-02-23T12:00:00;54.7362;66.2604;79.4023
2020-02-23T13:00:00;57.0769;61.6183;90.0078
2020-02-23T14:00:00;49.1927;75.0468;76.882
2020-02-23T15:00:00;54.3176;58.8493;91.9317
2020-02-23T16:00:00;61.7304;60.866;74.506
2020-02-23T17:00:00;51.9016;62.3264;76.0046
2020-02-23T18:00:00;43.6577;52.9995;63.6697
2020-02-23T19:00:00;34.8203;45.3147;56.8802
2020-02-23T20:00:00;28.6803;32.4125;44.6658
2020-02-23T21:00:00;13.354;29.946;40.2829
2020-02-23T22:00:00;25.2882;35.0183;34.2634
2020-02-23T23:00:00;28.2274;30.0998;33.1353
2020-02-24T00:00:00;16.1219;25.8489;45.0667
2020-02-24T01:00:00;20.6929;23.7623;36.1469
2020-02-24T02:00:00;18.2127;25.952;32.6215
2020-02-24T03:00:00;19.1732;31.9617;28.5486
2020-02-24T04:00:00;24.2674;31.718;45.3279
2020-02-24T05:00:00;13.578;25.9975;33.2404
2020-02-24T06:00:00;27.0714;18.9462;46.3092
2020-02-24T07:00:00;34.4224;40.4165;47.974
2020-02-24T08:00:00;35.7601;41.7809;56.2378
2020-02-24T09:00:00;30.4056;56.9567;65.0629
2020-02-24T10:00:00;42.7985;55.9452;82.7507
2020-02-24T11:00:00;57.8773;59.7015;66.6081
2020-02-24T12:00:00;40.5438;68.8081;82.7224
2020-02-24T13:00:00;54.0871;81.5694;82.411
2020-02-24T14:00:00;49.9247;73.526;82.6716
2020-02-24T15:00:00;58.4567;68.7234;82.3973
2020-02-24T16:00:00;48.3372;66.4353;76.2379
2020-02-24T17:00:00;49.8004;50.9702;72.6116
2020-02-24T18:00:00;45.6364;47.8997;64.0958
2020-02-24T19:00:00;46.1967;33.7148;48.9556
2020-02-24T20:00:00;29.6385;46.9658;47.8866
2020-02-24T21:00:00;25.8802;37.6369;39.5803
2020-02-24T22:00:00;16.5747;31.9641;33.2897
2020-02-24T23:00:00;29.9521;30.6756;45.3395
2020-02-25T00:00:00;20.1975;22.242;42.6779
2020-02-25T01:00:00;21.1962;28.9035;40.2198
2020-02-25T02:00:00;23.8888;38.962;40.1591
2020-02-25T03:00:00;16.1856;30.6571;36.1505
2020-02-25T04:00:00;25.1439;27.1768;41.7069
2020-02-25T05:00:00;28.8373;21.2096;43.8538
2020-02-25T06:00:00;25.4647;36.9015;40.0401
2020-02-25T07:00:00;22.7087;37.966;43.1283
2020-02-25T08:00:00;36.3965;37.4858;55.325
2020-02-25T09:00:00;46.5193;48.8901;67.082
2020-02-25T10:00:00;38.3907;53.3381;75.8597
2020-02-25T11:00:00;46.339;63.9823;77.1818
2020-02-25T12:00:00;58.8165;69.079;78.8167
2020-02-25T13:00:00;57.1752;67.2648;91.6581
2020-02-25T14:00:00;57.8846;73.6661;78.3755
2020-02-25T15:00:00;63.7313;68.4363;76.9441
2020-02-25T16:00:00;54.0556;69.9526;70.9336
2020-02-25T17:00:00;51.0701;57.9398;66.9532
2020-02-25T18:00:00;56.3629;68.738;70.4504
2020-02-25T19:00:00;35.9465;43.447;61.9275
2020-02-25T20:00:00;26.6638;33.7998;45.6095
2020-02-25T21:00:00;26.139;24.8685;38.4816
2020-02-25T22:00:00;26.195;28.9453;35.9475
2020-02-25T23:00:00;21.3664;21.4023;30.0401
2020-02-26T00:00:00;18.838;31.4728;47.0905
2020-02-26T01:00:00;35.5492;20.4735;42.8737
2020-02-26T02:00:00;25.6342;30.8084;37.7721
2020-02-26T03:00:00;20.3386;23.2437;31.7206
2020-02-26T04:00:00;28.5797;28.0935;34.8753
2020-02-26T05:00:00;23.4543;33.0227;32.5379
2020-02-26T06:00:00;22.7356;41.5202;36.4879
2020-02-26T07:00:00;33.4645;32.9265;47.5294
2020-02-26T08:00:00;30.5562;45.5179;53.8177
2020-02-26T09:00:00;44.5723;49.8926;56.9416
2020-02-26T10:00:00;57.3454;55.3764;82.3312
2020-02-26T11:00:00;54.0437;61.0661;78.7569
2020-02-26T12:00:00;52.5527;72.1626;83.9337
2020-02-26T13:00:00;53.2892;67.3406;81.625
2020-02-26T14:00:00;53.773;81.0274;75.927
2020-02-26T15:00:00;53.164;70.1222;81.2342
2020-02-26T16:00:00;49.8238;59.591;75.9531
2020-02-26T17:00:00;52.3622;57.8923;75.2186
2020-02-26T18:00:00;34.1431;49.5022;68.7441
2020-02-26T19:00:00;41.3256;50.2698;59.3485
2020-02-26T20:00:00;28.7547;30.1226;50.9211
2020-02-26T21:00:00;25.8847;23.2952;45.0183
2020-02-26T22:00:00;18.3651;27.0423;37.9493
2020-02-26T23:00:00;30.6432;33.4147;41.4961
2020-02-27T00:00:00;30.2282;36.1653;38.4693
2020-02-27T01:00:00;28.798;36.9027;26.4998
2020-02-27T02:00:00;16.4262;32.649;35.2274
2020-02-27T03:00:00;28.1456;29.5856;31.6614
2020-02-27T04:00:00;26.0243;33.9731;37.1572
2020-02-27T05:00:00;15.9736;24.2775;32.0449
2020-02-27T06:00:00;23.8785;20.7767;39.0284
2020-02-27T07:00:00;32.4758;40.4997;50.8849
2020-02-27T08:00:00;39.7959;41.2411;61.5412
2020-02-27T09:00:00;43.6954;53.1849;72.31
2020-02-27T10:00:00;49.2368;60.3239;63.2908
2020-02-27T11:00:00;59.0809;65.8816;71.5742
2020-02-27T12:00:00;60.564;72.7312;96.2898
2020-02-27T13:00:00;41.4894;73.9413;88.7847
2020-02-27T14:00:00;54.2375;70.7559;84.8593
2020-02-27T15:00:00;53.6106;65.8322;81.8109
2020-02-27T16:00:00;42.9523;65.1798;77.2849
2020-02-27T17:00:00;48.2515;56.7447;62.0022
2020-02-27T18:00:00;49.0529;52.5293;60.352
2020-02-27T19:00:00;31.5827;59.3603;54.9641
2020-02-27T20:00:00;32.3352;39.2274;42.4005
2020-02-27T21:00:00;19.4209;32.2512;33.0743
2020-02-27T22:00:00;20.6404;26.4726;48.7937
2020-02-27T23:00:00;31.387;35.1004;34.7417
2020-02-28T00:00:00;21.2872;33.8014;37.3906
2020-02-28T01:00:00;26.3111;33.8368;37.2127
2020-02-28T02:00:00;14.6439;31.0745;38.9473
2020-02-28T03:00:00;33.3116;35.171;33.6136
2020-02-28T04:00:00;27.0133;36.3584;42.2349
2020-02-28T05:00:00;23.0875;31.4155;38.2178
2020-02-28T06:00:00;26.8777;29.4269;29.5642
2020-02-28T07:00:00;23.6041;42.7893;45.4422
2020-02-28T08:00:00;42.9282;41.7488;54.6626
2020-02-28T09:00:00;41.1892;49.9216;63.1229
2020-02-28T10:00:00;46.7603;59.4593;74.2174
2020-02-28T11:00:00;49.2545;55.9342;80.7428
2020-02-28T12:00:00;51.5306;72.1802;84.234
2020-02-28T13:00:00;59.2981;64.9663;85.4316
2020-02-28T14:00:00;57.1042;67.4234;84.1652
2020-02-28T15:00:00;57.6925;66.9759;70.8947
2020-02-28T16:00:00;51.6688;64.8375;81.4587
2020-02-28T17:00:00;50.3466;58.0075;74.1127
2020-02-28T18:00:00;40.7149;53.1746;59.2899
2020-02-28T19:00:00;48.1642;45.9713;56.9263
2020-02-28T20:00:00;22.8135;36.0813;49.2195
2020-02-28T21:00:00;30.3047;26.134;41.8562
2020-02-28T22:00:00;30.8395;35.4074;38.5515
2020-02-28T23:00:00;19.7392;19.478;37.608
2020-02-29T00:00:00;35.1464;28.9714;40.7339
2020-02-29T01:00:00;28.9775;27.6555;34.4673
2020-02-29T02:00:00;28.8557;32.094;38.06
2020-02-29T03:00:00;24.1401;22.7285;32.8944
2020-02-29T04:00:00;22.9139;27.5011;41.5515
2020-02-29T05:00:00;22.953;29.4882;27.9514
2020-02-29T06:00:00;25.9527;35.3504;40.0837
2020-02-29T07:00:00;37.6591;39.9774;46.0683
2020-02-29T08:00:00;37.9221;40.352;60.3503
2020-02-29T09:00:00;38.2519;51.074;60.311
2020-02-29T10:00:00;51.9028;64.156;72.1209
2020-02-29T11:00:00;56.3186;58.6371;77.8724
2020-02-29T12:00:00;57.7071;67.649;83.8201
2020-02-29T13:00:00;59.5522;69.7353;78.4992
2020-02-29T14:00:00;54.4701;67.852;86.9181
2020-02-29T15:00:00;49.7889;81.521;72.4212
2020-02-29T16:00:00;47.3718;62.5774;74.23
2020-02-29T17:00:00;39.6033;61.9746;63.8573
2020-02-29T18:00:00;43.9939;49.6799;68.3548
2020-02-29T19:00:00;36.5983;48.9082;57.524
2020-02-29T20:00:00;28.4532;42.6704;48.26
2020-02-29T21:00:00;9.2219;27.0602;43.3659
2020-02-29T22:00:00;17.7634;29.7265;34.4203
2020-02-29T23:00:00;29.6042;25.5236;39.0479
2020-03-01T00:00:00;20.6769;24.278;36.3301
2020-03-01T01:00:00;25.803;35.184;35.5688
2020-03-01T02:00:00;17.0466;27.23;42.5331
2020-03-01T03:00:00;31.1935;17.9319;46.4094
2020-03-01T04:00:00;23.2799;38.8268;33.8427
2020-03-01T05:00:00;25.4502;25.9895;40.1686
2020-03-01T06:00:00;35.6289;28.7681;37.5956
2020-03-01T07:00:00;38.2354;46.521;47.6353
2020-03-01T08:00:00;35.4827;45.5608;56.7592
2020-03-01T09:00:00;39.843;52.6947;62.5483
2020-03-01T10:00:00;46.1529;53.5849;53.746
2020-03-01T11:00:00;54.2623;56.4668;85.2433
2020-03-01T12:00:00;53.9077;67.2103;78.177
2020-03-01T13:00:00;53.8485;71.5949;82.5293
2020-03-01T14:00:00;63.1606;71.3085;82.6356
2020-03-01T15:00:00;53.8628;65.636;77.7317
2020-03-01T16:00:00;63.2108;64.7423;78.7704
2020-03-01T17:00:00;48.2343;50.5397;71.4494
2020-03-01T18:00:00;51.7357;55.8122;60.631
2020-03-01T19:00:00;38.8022;47.0765;56.2699
2020-03-01T20:00:00;35.468;48.1848;45.8145
2020-03-01T21:00:00;20.3769;30.0374;40.6392
2020-03-01T22:00:00;19.7312;25.2867;29.2981
2020-03-01T23:00:00;26.2985;29.7464;31.9731
2020-03-02T00:00:00;28.9428;28.361;39.6265
2020-03-02T01:00:00;24.2013;32.1735;32.8013
2020-03-02T02:00:00;17.568;30.1345;31.483
2020-03-02T03:00:00;17.1987;23.7003;33.0485
2020-03-02T04:00:00;16.8643;21.8213;35.4951
2020-03-02T05:00:00;15.1619;31.3145;35.5141
2020-03-02T06:00:00;24.5474;36.9156;34.9502
2020-03-02T07:00:00;36.2784;38.7132;40.8369
2020-03-02T08:00:00;36.9485;50.336;59.3892
2020-03-02T09:00:00;31.5071;58.5755;70.8448
2020-03-02T10:00:00;46.8268;61.0598;62.1188
2020-03-02T11:00:00;50.8988;60.5686;69.8015
2020-03-02T12:00:00;64.9138;69.0188;86.665
2020-03-02T13:00:00;48.539;75.8162;91.586
2020-03-02T14:00:00;53.8713;72.4303;73.0912
2020-03-02T15:00:00;62.9631;71.7835;85.7279
2020-03-02T16:00:00;53.9627;62.3283;85.7586
2020-03-02T17:00:00;50.5972;58.714;67.3589
2020-03-02T18:00:00;43.3821;52.9178;72.112
2020-03-02T19:00:00;38.6653;46.0128;54.6334
2020-03-02T20:00:00;34.5412;44.1563;47.5529
2020-03-02T21:00:00;19.9526;18.2641;32.4038
2020-03-02T22:00:00;28.3903;30.1527;41.0051
2020-03-02T23:00:00;17.135;29.6025;40.1723
2020-03-03T00:00:00;25.6418;23.1425;44.6235
2020-03-03T01:00:00;24.8937;33.3588;43.203
2020-03-03T02:00:00;20.9185;26.3775;35.9542
2020-03-03T03:00:00;23.8866;28.2148;51.5419
2020-03-03T04:00:00;20.8873;39.2439;42.754
2020-03-03T05:00:00;18.6415;35.0499;38.7026
2020-03-03T06:00:00;22.2319;32.8724;31.0142
2020-03-03T07:00:00;25.1332;40.2204;38.3296
2020-03-03T08:00:00;38.6296;45.4461;48.2982
2020-03-03T09:00:00;37.0587;63.5083;59.5454
2020-03-03T10:00:00;51.3405;63.7366;78.5575
2020-03-03T11:00:00;45.8054;60.8933;80.0047
2020-03-03T12:00:00;51.6023;61.0417;78.5838
2020-03-03T13:00:00;52.7017;72.6151;83.0577
2020-03-03T14:00:00;62.4504;69.5015;82.4483
2020-03-03T15:00:00;56.0853;60.8976;85.651
2020-03-03T16:00:00;50.6541;66.7839;73.1752
2020-03-03T17:00:00;50.2742;58.3807;73.4194
2020-03-03T18:00:00;32.2732;56.1647;65.7141
2020-03-03T19:00:00;36.7999;48.4782;51.279
2020-03-03T20:00:00;40.6407;35.2751;53.9198
2020-03-03T21:00:00;24.6617;33.1642;34.5221
2020-03-03T22:00:00;24.3396;27.5105;31.0362
2020-03-03T23:00:00;26.7406;27.8356;40.2644
2020-03-04T00:00:00;28.478;27.3386;36.2725
2020-03-04T01:00:00;14.0127;35.6549;38.0421
2020-03-04T02:00:00;15.5884;28.5971;30.0766
2020-03-04T03:00:00;25.0515;36.8622;40.0621
2020-03-04T04:00:00;20.4256;38.9174;46.8621
2020-03-04T05:00:00;30.5601;26.3064;29.6858
2020-03-04T06:00:00;22.4241;15.395;37.771
2020-03-04T07:00:00;20.9805;43.539;42.0532
2020-03-04T08:00:00;30.6755;44.5596;68.9714
2020-03-04T09:00:00;29.0607;49.1805;70.4119
2020-03-04T10:00:00;46.61;56.7822;73.0815
2020-03-04T11:00:00;50.7709;62.5669;71.4299
2020-03-04T12:00:00;52.3115;74.5282;76.7204
2020-03-04T13:00:00;61.2191;70.5804;87.4684
2020-03-04T14:00:00;61.8173;76.1989;76.9246
2020-03-04T15:00:00;53.5819;70.5134;74.9951
2020-03-04T16:00:00;41.0393;63.0949;77.6134
2020-03-04T17:00:00;50.867;57.774;72.338
2020-03-04T18:00:00;45.5859;56.3195;66.1138
2020-03-04T19:00:00;38.5625;50.3716;53.3257
2020-03-04T20:00:00;35.5606;43.3004;50.5805
2020-03-04T21:00:00;18.1759;28.6923;31.6909
2020-03-04T22:00:00;34.0438;30.876;39.1332
2020-03-04T23:00:00;19.2029;32.9202;37.0706
2020-03-05T00:00:00;27.7461;28.0802;39.0032
2020-03-05T01:00:00;15.5633;24.3253;41.91
2020-03-05T02:00:00;19.3487;25.9686;33.7233
2020-03-05T03:00:00;31.5818;28.7948;32.6946
2020-03-05T04:00:00;22.6955;33.311;27.558
2020-03-05T05:00:00;28.1996;36.2949;25.905
2020-03-05T06:00:00;25.1848;23.2198;35.1201
2020-03-05T07:00:00;30.1284;35.3297;45.4421
2020-03-05T08:00:00;43.8348;44.4802;50.0929
2020-03-05T09:00:00;41.6258;57.485;59.8582
2020-03-05T10:00:00;38.8769;57.0852;79.2882
2020-03-05T11:00:00;47.6966;62.4924;81.9484
2020-03-05T12:00:00;57.1898;60.9823;75.3427
2020-03-05T13:00:00;57.8022;72.1979;81.5253
2020-03-05T14:00:00;47.9894;68.9739;85.7671
2020-03-05T15:00:00;50.8121;64.772;78.5185
2020-03-05T16:00:00;48.8042;63.3435;73.5257
2020-03-05T17:00:00;45.9533;65.3608;69.9797
2020-03-05T18:00:00;35.9296;48.487;69.667
2020-03-05T19:00:00;33.8737;42.0612;61.4304
2020-03-05T20:00:00;27.0101;44.5777;42.3025
2020-03-05T21:00:00;27.8577;30.3789;38.3028
2020-03-05T22:00:00;28.0456;33.3488;35.9679
2020-03-05T23:00:00;23.2709;32.0088;30.9588
2020-03-06T00:00:00;22.0398;29.8233;34.5146
2020-03-06T01:00:00;24.6996;28.2585;29.6788
2020-03-06T02:00:00;19.9171;34.1578;41.8153
2020-03-06T03:00:00;18.2658;35.8117;43.7624
2020-03-06T04:00:00;19.2989;35.4209;33.9471
2020-03-06T05:00:00;20.8259;24.0726;32.7546
2020-03-06T06:00:00;18.1826;36.5246;41.273
2020-03-06T07:00:00;31.4635;36.5268;52.0605
2020-03-06T08:00:00;40.6642;42.4943;49.9513
2020-03-06T09:00:00;34.8736;52.6648;63.4735
2020-03-06T10:00:00;47.9063;63.8814;71.3763
2020-03-06T11:00:00;50.6131;67.3433;73.7153
2020-03-06T12:00:00;56.1414;66.7653;83.5806
2020-03-06T13:00:00;55.76;73.9692;80.2373
2020-03-06T14:00:00;48.5567;70.4802;81.0357
2020-03-06T15:00:00;48.1219;65.1774;81.144
2020-03-06T16:00:00;51.8599;61.1008;70.1239
2020-03-06T17:00:00;52.9245;61.777;61.3887
2020-03-06T18:00:00;31.7382;53.0988;68.8051
2020-03-06T19:00:00;38.7442;39.3919;51.8217
2020-03-06T20:00:00;36.6013;42.5523;56.6541
2020-03-06T21:00:00;23.2349;27.5986;45.8592
2020-03-06T22:00:00;26.751;37.9606;33.4676
2020-03-06T23:00:00;20.4847;22.9851;47.6953
2020-03-07T00:00:00;23.4032;29.0965;40.6879
2020-03-07T01:00:00;15.8954;26.5001;32.7734
2020-03-07T02:00:00;12.2783;25.1229;23.0908
2020-03-07T03:00:00;28.7138;27.566;39.4408
2020-03-07T04:00:00;19.075;38.8528;36.1565
2020-03-07T05:00:00;21.7224;30.7169;38.1568
2020-03-07T06:00:00;17.0678;26.0415;34.8558
2020-03-07T07:00:00;23.6033;29.1733;40.2605
2020-03-07T08:00:00;36.1464;37.6627;53.3882
2020-03-07T09:00:00;39.1612;50.8291;67.7469
2020-03-07T10:00:00;49.6705;56.5574;69.8991
2020-03-07T11:00:00;53.9755;63.5208;75.7671
2020-03-07T12:00:00;56.0381;56.6813;74.0538
2020-03-07T13:00:00;57.0177;69.3225;84.1931
2020-03-07T14:00:00;63.7135;74.9195;78.1774
2020-03-07T15:00:00;49.0958;76.1565;86.2433
2020-03-07T16:00:00;51.4381;55.1688;73.8987
2020-03-07T17:00:00;53.4441;55.7188;70.1924
2020-03-07T18:00:00;49.1318;49.2402;75.0336
2020-03-07T19:00:00;29.9068;46.9981;53.9905
2020-03-07T20:00:00;29.0914;32.2176;43.7769
2020-03-07T21:00:00;30.7906;38.4113;38.9281
2020-03-07T22:00:00;26.5404;30.2176;27.0737
2020-03-07T23:00:00;24.9763;29.3843;42.254
2020-03-08T00:00:00;22.9116;37.9636;40.9697
2020-03-08T01:00:00;22.081;29.9198;38.6223
2020-03-08T02:00:00;25.4411;32.0015;19.1145
2020-03-08T03:00:00;22.7381;26.246;34.7029
2020-03-08T04:00:00;23.7871;23.1475;29.6357
2020-03-08T05:00:00;24.393;26.9482;41.6205
2020-03-08T06:00:00;20.6096;40.9349;41.2628
2020-03-08T07:00:00;33.3138;41.4816;47.9198
2020-03-08T08:00:00;51.5868;47.6421;49.5078
2020-03-08T09:00:00;33.9242;48.6295;71.6852
2020-03-08T10:00:00;49.4007;64.282;70.3596
2020-03-08T11:00:00;47.9119;57.8525;86.5961
2020-03-08T12:00:00;57.3208;60.207;82.9776
2020-03-08T13:00:00;56.0575;66.9864;86.2711
2020-03-08T14:00:00;59.634;79.5533;81.4355
2020-03-08T15:00:00;60.3113;77.5317;88.6855
2020-03-08T16:00:00;52.6749;62.3848;80.6114
2020-03-08T17:00:00;53.4409;56.3548;78.8854
2020-03-08T18:00:00;31.0876;45.3096;65.1014
2020-03-08T19:00:00;44.9678;46.6596;55.2882
2020-03-08T20:00:00;32.5285;39.1265;48.9554
2020-03-08T21:00:00;29.3892;33.9478;43.2127
2020-03-08T22:00:00;17.9006;34.5535;41.0837
2020-03-08T23:00:00;19.8462;29.0129;36.6911
2020-03-09T00:00:00;24.7297;32.7801;26.7139
2020-03-09T01:00:00;23.9148;26.4968;40.0519
2020-03-09T02:00:00;25.4153;32.6852;28.8065
2020-03-09T03:00:00;29.4226;27.4638;36.175
2020-03-09T04:00:00;15.1739;32.2973;35.4212
2020-03-09T05:00:00;28.8691;31.8925;28.9112
2020-03-09T06:00:00;24.0414;30.344;37.8625
2020-03-09T07:00:00;29.6343;42.2892;56.7513
2020-03-09T08:00:00;29.66;38.4175;53.9603
2020-03-09T09:00:00;45.3244;48.1868;68.0431
2020-03-09T10:00:00;35.7101;58.3755;83.4494
2020-03-09T11:00:00;54.9548;57.4247;81.8823
2020-03-09T12:00:00;46.9733;66.0079;78.4265
2020-03-09T13:00:00;56.092;67.9077;84.9221
2020-03-09T14:00:00;55.2289;76.3293;86.141
2020-03-09T15:00:00;60.2815;68.7549;88.8198
2020-03-09T16:00:00;50.8195;69.7882;83.6395
2020-03-09T17:00:00;44.3099;61.2342;57.8215
2020-03-09T18:00:00;40.2761;50.8331;59.9327
2020-03-09T19:00:00;43.38;46.938;55.1732
2020-03-09T20:00:00;33.3347;41.9636;40.9033
2020-03-09T21:00:00;22.0719;35.967;17.4995
2020-03-09T22:00:00;22.8178;29.3384;32.3719
2020-03-09T23:00:00;16.1641;21.7624;35.9819
2020-03-10T00:00:00;25.9424;21.411;33.3736
2020-03-10T01:00:00;15.2009;28.3679;31.0153
2020-03-10T02:00:00;27.759;18.3105;36.2073
2020-03-10T03:00:00;24.6431;38.9755;37.7154
2020-03-10T04:00:00;35.9348;32.9847;33.657
2020-03-10T05:00:00;18.4993;26.8217;42.8587
2020-03-10T06:00:00;23.4867;24.4518;36.2886
2020-03-10T07:00:00;39.6446;43.4571;41.6222
2020-03-10T08:00:00;42.9725;40.7013;49.9007
2020-03-10T09:00:00;39.3281;48.4203;63.1488
2020-03-10T10:00:00;48.9005;55.8961;77.2381
2020-03-10T11:00:00;51.7228;65.2115;73.4508
2020-03-10T12:00:00;55.8436;71.1462;84.6301
2020-03-10T13:00:00;52.3313;75.7442;84.2098
2020-03-10T14:00:00;55.3781;75.0057;93.7032
2020-03-10T15:00:00;46.4435;68.0461;83.602
2020-03-10T16:00:00;52.3884;69.7436;74.0781
2020-03-10T17:00:00;50.0307;56.3708;75.3528
2020-03-10T18:00:00;41.672;44.4071;68.0638
2020-03-10T19:00:00;28.9403;42.9138;53.5383
2020-03-10T20:00:00;35.5958;34.2852;40.1598
2020-03-10T21:00:00;25.8226;26.8401;38.6802
2020-03-10T22:00:00;20.3699;25.2031;36.3176
2020-03-10T23:00:00;22.597;27.6945;28.4172
2020-03-11T00:00:00;16.4967;33.1001;37.2726
2020-03-11T01:00:00;18.8729;38.5763;32.815
2020-03-11T02:00:00;21.3109;21.3733;28.422
2020-03-11T03:00:00;30.1421;23.5613;34.2394
2020-03-11T04:00:00;20.8025;26.0428;42.4146
2020-03-11T05:00:00;27.2011;33.8287;42.0403
2020-03-11T06:00:00;21.3084;28.9753;40.7338
2020-03-11T07:00:00;31.8929;34.6959;47.3259
2020-03-11T08:00:00;36.3086;49.8531;58.5023
2020-03-11T09:00:00;47.1744;58.2934;64.7069
2020-03-11T10:00:00;45.1066;59.632;66.1457
2020-03-11T11:00:00;43.8502;60.5599;73.0417
2020-03-11T12:00:00;47.5241;69.3937;78.6148
2020-03-11T13:00:00;53.1653;68.6145;90.7438
2020-03-11T14:00:00;49.5794;68.5758;89.1205
2020-03-11T15:00:00;56.4849;65.4803;76.2513
2020-03-11T16:00:00;49.384;69.2659;77.8362
2020-03-11T17:00:00;59.6537;60.9752;69.6579
2020-03-11T18:00:00;34.1206;58.6899;63.4382
2020-03-11T19:00:00;38.0337;52.9511;52.8431
2020-03-11T20:00:00;25.0134;40.6114;53.0082
2020-03-11T21:00:00;21.533;27.4676;35.9055
2020-03-11T22:00:00;24.7071;35.2016;37.0808
2020-03-11T23:00:00;12.3731;32.3283;37.1213
2020-03-12T00:00:00;25.1841;43.0168;30.8611
2020-03-12T01:00:00;33.5145;31.5505;36.5428
2020-03-12T02:00:00;21.7328;33.4884;41.3116
2020-03-12T03:00:00;25.299;31.4521;43.3635
2020-03-12T04:00:00;29.1246;29.5045;30.2609
2020-03-12T05:00:00;23.1802;28.706;28.407
2020-03-12T06:00:00;21.0952;31.4712;36.3107
2020-03-12T07:00:00;19.2745;40.9223;51.5257
2020-03-12T08:00:00;40.2205;52.0414;57.3213
2020-03-12T09:00:00;42.2433;55.0557;67.6152
2020-03-12T10:00:00;42.7172;57.4113;64.8697
2020-03-12T11:00:00;52.3458;63.0067;74.7093
2020-03-12T12:00:00;51.5154;61.4276;70.6702
2020-03-12T13:00:00;53.1826;78.0869;83.0246
2020-03-12T14:00:00;58.8562;67.075;72.916
2020-03-12T15:00:00;47.7419;72.8795;88.314
2020-03-12T16:00:00;56.9494;66.0238;85.3433
2020-03-12T17:00:00;40.7922;61.2445;72.3742
2020-03-12T18:00:00;39.4956;52.9242;56.6508
2020-03-12T19:00:00;46.6303;42.3305;57.4019
2020-03-12T20:00:00;36.2899;33.4738;55.2754
2020-03-12T21:00:00;24.488;38.6423;38.3787
2020-03-12T22:00:00;19.2973;30.5698;41.9249
2020-03-12T23:00:00;21.3536;35.6263;33.5742
2020-03-13T00:00:00;24.3664;36.9245;31.6439
2020-03-13T01:00:00;24.1876;27.9458;35.6457
2020-03-13T02:00:00;23.5456;32.1175;26.3665
2020-03-13T03:00:00;23.8458;30.2251;47.3204
2020-03-13T04:00:00;22.9281;24.2139;36.6983
2020-03-13T05:00:00;16.7901;29.0726;40.3339
2020-03-13T06:00:00;21.4174;32.9375;33.6925
2020-03-13T07:00:00;35.2263;35.8213;38.2643
2020-03-13T08:00:00;30.1739;44.6452;62.6524
2020-03-13T09:00:00;41.8614;52.6446;58.5932
2020-03-13T10:00:00;43.6819;70.2834;73.4151
2020-03-13T11:00:00;52.2696;55.4708;79.7846
2020-03-13T12:00:00;52.4906;70.5505;82.0205
2020-03-13T13:00:00;63.2117;68.5142;79.8141
2020-03-13T14:00:00;58.3576;66.5776;82.9889
2020-03-13T15:00:00;47.8748;66.6529;76.9005
2020-03-13T16:00:00;55.069;67.9779;81.6151
2020-03-13T17:00:00;43.9074;63.3484;74.5287
2020-03-13T18:00:00;39.9241;54.4415;64.1067
2020-03-13T19:00:00;38.5847;51.7332;52.6816
2020-03-13T20:00:00;28.1944;44.6606;56.5164
2020-03-13T21:00:00;28.4643;34.0819;29.4897
2020-03-13T22:00:00;20.1274;27.269;28.2769
2020-03-13T23:00:00;20.9053;32.4722;35.59
2020-03-14T00:00:00;20.7181;32.496;34.7098
2020-03-14T01:00:00;21.1718;25.9218;41.4879
2020-03-14T02:00:00;29.496;22.1528;39.2306
2020-03-14T03:00:00;27.144;19.8861;36.1476
2020-03-14T04:00:00;32.5497;30.3493;38.5017
2020-03-14T05:00:00;35.3382;31.4902;38.4108
2020-03-14T06:00:00;18.8464;24.0911;46.5178
2020-03-14T07:00:00;31.0053;43.5466;47.2466
2020-03-14T08:00:00;31.1346;47.0306;52.118
2020-03-14T09:00:00;38.9211;60.2587;65.2062
2020-03-14T10:00:00;44.6302;61.5785;58.5776
2020-03-14T11:00:00;46.427;59.3093;77.406
2020-03-14T12:00:00;49.1744;70.3337;87.1156
2020-03-14T13:00:00;55.1033;73.1314;86.748
2020-03-14T14:00:00;49.7411;67.0428;85.2298
2020-03-14T15:00:00;58.6444;60.8318;84.8969
2020-03-14T16:00:00;47.124;65.1425;83.0855
2020-03-14T17:00:00;61.8285;54.7216;78.7971
2020-03-14T18:00:00;40.5522;59.1158;66.451
2020-03-14T19:00:00;37.3757;44.2336;53.9428
2020-03-14T20:00:00;24.1765;46.9395;34.4122
2020-03-14T21:00:00;32.5305;19.3792;40.8909
2020-03-14T22:00:00;29.5975;30.674;38.576
2020-03-14T23:00:00;25.4846;37.147;36.7633
2020-03-15T00:00:00;17.266;25.5485;32.5597
2020-03-15T01:00:00;25.0533;29.204;40.8258
2020-03-15T02:00:00;18.3928;27.9848;34.7138
2020-03-15T03:00:00;31.3118;26.5812;35.8279
2020-03-15T04:00:00;28.046;31.2231;35.7201
2020-03-15T05:00:00;24.4772;23.5229;38.2493
2020-03-15T06:00:00;11.8181;29.4452;30.2568
2020-03-15T07:00:00;25.7361;40.8964;48.7925
2020-03-15T08:00:00;40.4544;45.194;51.9189
2020-03-15T09:00:00;48.8735;48.5104;60.7847
2020-03-15T10:00:00;53.3265;64.8767;76.0972
2020-03-15T11:00:00;43.7527;68.2923;72.5941
2020-03-15T12:00:00;55.9416;62.8363;86.0679
2020-03-15T13:00:00;60.9023;63.3103;84.2439
2020-03-15T14:00:00;47.533;65.0213;75.4957
2020-03-15T15:00:00;54.3943;70.7686;88.4731
2020-03-15T16:00:00;53.082;66.0189;79.1205
2020-03-15T17:00:00;46.2768;63.6762;73.6416
2020-03-15T18:00:00;33.5483;51.8807;69.2499
2020-03-15T19:00:00;35.3871;41.6458;63.0195
2020-03-15T20:00:00;29.0166;42.9107;46.9849
2020-03-15T21:00:00;23.2596;27.2328;39.0864
2020-03-15T22:00:00;21.1826;30.9327;37.8559
2020-03-15T23:00:00;21.7849;22.2504;34.2857
2020-03-16T00:00:00;23.8015;27.1509;28.0828
2020-03-16T01:00:00;26.2123;35.047;37.0746
2020-03-16T02:00:00;22.4779;26.4186;42.8947
2020-03-16T03:00:00;21.9518;34.0725;38.9167
2020-03-16T04:00:00;24.4618;18.3449;30.6629
2020-03-16T05:00:00;14.3954;27.203;41.4876
2020-03-16T06:00:00;26.3852;29.1432;34.4527
2020-03-16T07:00:00;30.6504;47.0292;35.5196
2020-03-16T08:00:00;37.214;40.4242;60.6129
2020-03-16T09:00:00;47.6128;56.8664;59.4868
2020-03-16T10:00:00;38.0166;65.0105;80.5746
2020-03-16T11:00:00;41.8436;61.0336;83.3081
2020-03-16T12:00:00;55.8028;66.1746;80.5117
2020-03-16T13:00:00;55.7891;70.489;86.0339
2020-03-16T14:00:00;56.6756;62.3735;95.8566
2020-03-16T15:00:00;52.1232;65.7667;86.6507
2020-03-16T16:00:00;55.0346;71.0216;78.7602
2020-03-16T17:00:00;52.4438;62.3391;86.1167
2020-03-16T18:00:00;45.229;52.7277;64.8016
2020-03-16T19:00:00;35.7114;46.8348;58.4324
2020-03-16T20:00:00;20.1147;41.221;41.2987
2020-03-16T21:00:00;27.8462;33.8621;27.6264
2020-03-16T22:00:00;30.1086;27.2179;34.561
2020-03-16T23:00:00;27.2228;37.6736;36.192
2020-03-17T00:00:00;19.6018;36.5817;37.6463
2020-03-17T01:00:00;27.369;33.3863;28.9011
2020-03-17T02:00:00;28.3026;25.7852;39.3034
2020-03-17T03:00:00;31.7941;24.8989;31.8481
2020-03-17T04:00:00;19.6195;28.367;39.0437
2020-03-17T05:00:00;22.8677;30.3038;40.6746
2020-03-17T06:00:00;27.7364;21.1575;34.0225
2020-03-17T07:00:00;30.9402;40.7899;41.1607
2020-03-17T08:00:00;31.4289;52.7068;63.2416
2020-03-17T09:00:00;44.8822;56.3938;68.5783
2020-03-17T10:00:00;50.6739;56.3455;72.4308
2020-03-17T11:00:00;52.1526;60.669;84.9114
2020-03-17T12:00:00;55.5317;69.5415;82.067
2020-03-17T13:00:00;54.5312;69.0144;80.6345
2020-03-17T14:00:00;63.2161;71.9961;78.7285
2020-03-17T15:00:00;49.9303;71.0509;81.1117
2020-03-17T16:00:00;48.7762;70.1005;81.4278
2020-03-17T17:00:00;47.8356;54.0652;78.6197
2020-03-17T18:00:00;47.2039;54.6195;64.3312
2020-03-17T19:00:00;29.5287;44.4521;61.589
2020-03-17T20:00:00;24.1017;37.8233;44.9084
2020-03-17T21:00:00;13.8114;34.322;32.092
2020-03-17T22:00:00;24.1635;34.8656;29.4684
2020-03-17T23:00:00;18.4085;36.9922;33.4688
2020-03-18T00:00:00;22.0772;32.128;29.6567
2020-03-18T01:00:00;27.3069;29.4499;46.0476
2020-03-18T02:00:00;20.7923;28.7356;38.1965
2020-03-18T03:00:00;25.1564;21.3262;35.5219
2020-03-18T04:00:00;22.5033;36.6987;44.61
2020-03-18T05:00:00;27.3606;28.3905;29.4887
2020-03-18T06:00:00;26.3756;32.5295;35.3143
2020-03-18T07:00:00;27.1935;41.7115;55.9781
2020-03-18T08:00:00;36.1723;40.0429;54.8032
2020-03-18T09:00:00;48.0278;48.8947;76.4478
2020-03-18T10:00:00;49.7475;67.4609;75.599
2020-03-18T11:00:00;44.728;66.0932;84.0988
2020-03-18T12:00:00;57.7119;65.1393;88.3252
2020-03-18T13:00:00;50.4016;69.1491;83.7451
2020-03-18T14:00:00;62.8873;75.2121;81.296
2020-03-18T15:00:00;59.5543;72.7138;81.0735
2020-03-18T16:00:00;53.1622;57.3106;72.6346
2020-03-18T17:00:00;48.5668;67.8972;71.3411
2020-03-18T18:00:00;41.764;58.3422;64.1917
2020-03-18T19:00:00;40.4082;45.5071;63.9695
2020-03-18T20:00:00;28.7993;32.3579;48.9461
2020-03-18T21:00:00;25.1778;35.27;47.8131
2020-03-18T22:00:00;28.3597;32.3821;25.2023
2020-03-18T23:00:00;21.191;22.711;29.9148
2020-03-19T00:00:00;20.919;28.8396;34.2233
2020-03-19T01:00:00;18.0282;45.6309;43.4625
2020-03-19T02:00:00;18.6776;30.0825;35.4521
2020-03-19T03:00:00;14.858;26.2901;28.6609
2020-03-19T04:00:00;27.6491;24.9575;34.7744
2020-03-19T05:00:00;33.0446;38.8605;30.012
2020-03-19T06:00:00;31.1266;34.2388;29.0319
2020-03-19T07:00:00;22.5228;45.3537;55.9739
2020-03-19T08:00:00;40.6398;47.5104;53.7653
2020-03-19T09:00:00;49.9197;59.7815;65.0795
2020-03-19T10:00:00;45.4966;55.4842;71.2062
2020-03-19T11:00:00;52.2201;65.454;76.3117
2020-03-19T12:00:00;44.3943;69.4775;77.4474
2020-03-19T13:00:00;57.1584;76.6931;82.1839
2020-03-19T14:00:00;50.5069;71.3751;85.4232
2020-03-19T15:00:00;55.432;64.9147;88.7439
2020-03-19T16:00:00;43.9068;64.9614;82.3064
2020-03-19T17:00:00;50.4949;51.3437;65.5756
2020-03-19T18:00:00;47.9317;41.9066;69.1564
2020-03-19T19:00:00;33.0997;50.4262;57.9005
2020-03-19T20:00:00;24.9686;36.4427;42.8562
2020-03-19T21:00:00;13.2199;28.6929;36.9105
2020-03-19T22:00:00;22.6679;34.1547;38.8614
2020-03-19T23:00:00;21.092;36.9851;36.2353
2020-03-20T00:00:00;16.2449;32.6724;38.4012
2020-03-20T01:00:00;26.2651;39.6404;31.6852
2020-03-20T02:00:00;21.7501;32.5134;45.9642
2020-03-20T03:00:00;18.6213;31.5111;26.3536
2020-03-20T04:00:00;21.2271;31.2019;38.8893
2020-03-20T05:00:00;29.3565;23.5725;37.8338
2020-03-20T06:00:00;27.0147;34.78;39.2147
2020-03-20T07:00:00;30.003;26.0891;42.4379
2020-03-20T08:00:00;40.1111;43.3382;61.3693
2020-03-20T09:00:00;37.0046;53.6261;63.6738
2020-03-20T10:00:00;47.9425;55.777;65.7399
2020-03-20T11:00:00;52.4494;62.3822;72.0952
2020-03-20T12:00:00;52.0846;77.2391;82.2742
2020-03-20T13:00:00;58.002;75.301;75.7544
2020-03-20T14:00:00;51.9225;66.3517;92.7396
2020-03-20T15:00:00;56.9829;65.6944;86.8953
2020-03-20T16:00:00;54.4721;58.256;86.7034
2020-03-20T17:00:00;33.1948;63.2508;80.2781
2020-03-20T18:00:00;48.7607;52.2627;62.4542
2020-03-20T19:00:00;21.7774;36.4371;51.1767
2020-03-20T20:00:00;27.5729;38.8204;32.5909
2020-03-20T21:00:00;29.1267;32.1949;33.9688
2020-03-20T22:00:00;22.4136;34.8157;44.8283
2020-03-20T23:00:00;16.6691;29.6332;31.8607
2020-03-21T00:00:00;18.5313;28.1366;34.9504
2020-03-21T01:00:00;29.1345;39.9313;33.2271
2020-03-21T02:00:00;14.3925;30.0329;37.875
2020-03-21T03:00:00;29.645;33.5978;42.4304
2020-03-21T04:00:00;23.7245;27.3023;28.3039
2020-03-21T05:00:00;18.038;33.4495;29.2611
2020-03-21T06:00:00;21.0844;22.7219;43.4331
2020-03-21T07:00:00;25.5671;36.0061;49.6451
2020-03-21T08:00:00;41.3467;40.2281;54.2265
2020-03-21T09:00:00;46.4713;50.4865;72.7491
2020-03-21T10:00:00;39.1848;65.9781;64.8458
2020-03-21T11:00:00;49.6949;61.5794;82.2253
2020-03-21T12:00:00;50.1179;71.6335;81.3095
2020-03-21T13:00:00;62.2923;77.3672;86.7698
2020-03-21T14:00:00;49.0742;69.643;71.8013
2020-03-21T15:00:00;62.455;73.0111;80.3472
2020-03-21T16:00:00;51.5463;67.2964;81.2532
2020-03-21T17:00:00;41.971;60.308;71.3543
2020-03-21T18:00:00;39.4228;57.263;70.4902
2020-03-21T19:00:00;33.0075;55.4692;61.6324
2020-03-21T20:00:00;24.2801;35.1301;41.1869
2020-03-21T21:00:00;24.4741;25.204;40.12
2020-03-21T22:00:00;17.8604;24.9104;31.0367
2020-03-21T23:00:00;13.0982;34.9721;36.2701
2020-03-22T00:00:00;22.1016;35.6468;39.2806
2020-03-22T01:00:00;14.9857;27.3148;31.8236
2020-03-22T02:00:00;20.2392;19.3199;39.9346
2020-03-22T03:00:00;19.4545;26.6262;33.4732
2020-03-22T04:00:00;19.6439;32.7393;33.0965
2020-03-22T05:00:00;34.0048;29.6664;39.5333
2020-03-22T06:00:00;24.2821;30.9017;31.8201
2020-03-22T07:00:00;31.88;35.6997;41.5456
2020-03-22T08:00:00;28.1336;51.3399;60.7291
2020-03-22T09:00:00;39.5393;55.2274;64.7565
2020-03-22T10:00:00;48.8571;62.6581;64.4004
2020-03-22T11:00:00;46.5902;65.4363;81.8474
2020-03-22T12:00:00;58.9741;70.6641;79.6177
2020-03-22T13:00:00;49.8112;72.0737;76.722
2020-03-22T14:00:00;54.3929;65.1405;71.2005
2020-03-22T15:00:00;51.5036;69.9076;86.1678
2020-03-22T16:00:00;52.5344;68.5986;73.2696
2020-03-22T17:00:00;44.5782;65.5015;65.4517
2020-03-22T18:00:00;41.4547;55.5919;67.4107
2020-03-22T19:00:00;35.8349;41.4432;59.5523
2020-03-22T20:00:00;26.9812;34.2599;42.0442
2020-03-22T21:00:00;26.4255;27.8243;40.5632
2020-03-22T22:00:00;25.1919;30.9473;46.2745
2020-03-22T23:00:00;23.5569;29.3888;42.7333
2020-03-23T00:00:00;21.8477;24.3813;41.9553
2020-03-23T01:00:00;27.9827;24.3514;37.5706
2020-03-23T02:00:00;22.8208;19.5074;33.7814
2020-03-23T03:00:00;22.4665;14.4026;35.7206
2020-03-23T04:00:00;24.5235;29.3411;38.2037
2020-03-23T05:00:00;32.4829;41.6012;29.7124
2020-03-23T06:00:00;17.2982;38.9839;32.1531
2020-03-23T07:00:00;34.5025;33.4253;38.841
2020-03-23T08:00:00;27.5497;47.019;56.6993
2020-03-23T09:00:00;43.8955;46.1885;64.629
2020-03-23T10:00:00;55.656;53.1652;68.4074
2020-03-23T11:00:00;54.1562;58.6537;81.6717
2020-03-23T12:00:00;55.2869;66.9148;76.4277
2020-03-23T13:00:00;53.0225;68.8686;80.2879
2020-03-23T14:00:00;55.9799;71.0444;87.6397
2020-03-23T15:00:00;53.1735;71.3583;86.2948
2020-03-23T16:00:00;47.7829;62.9566;73.5906
2020-03-23T17:00:00;46.3313;59.9068;72.8312
2020-03-23T18:00:00;43.801;48.0423;60.3197
2020-03-23T19:00:00;33.1795;39.547;54.5367
2020-03-23T20:00:00;26.6218;30.8216;46.6989
2020-03-23T21:00:00;17.1988;33.2462;38.8018
2020-03-23T22:00:00;25.9536;28.3105;37.5878
2020-03-23T23:00:00;26.7266;20.6444;37.3658
2020-03-24T00:00:00;25.1583;29.6846;30.6075
2020-03-24T01:00:00;28.8259;23.7559;37.9414
2020-03-24T02:00:00;24.4393;38.3019;38.7553
2020-03-24T03:00:00;25.9601;27.1059;39.4447
2020-03-24T04:00:00;25.5192;33.4075;32.4024
2020-03-24T05:00:00;23.5423;35.4448;40.5779
2020-03-24T06:00:00;21.3459;25.2254;29.4138
2020-03-24T07:00:00;41.7239;38.6967;43.8257
2020-03-24T08:00:00;34.7558;49.0368;54.1458
2020-03-24T09:00:00;39.4797;54.0891;57.9016
2020-03-24T10:00:00;49.9507;61.5313;70.2174
2020-03-24T11:00:00;52.9721;57.9929;78.6766
2020-03-24T12:00:00;47.4099;70.8124;72.5219
2020-03-24T13:00:00;61.4381;67.3501;81.7636
2020-03-24T14:00:00;55.3537;71.5281;74.995
2020-03-24T15:00:00;48.8792;72.6422;91.8584
2020-03-24T16:00:00;57.6567;67.9851;78.6317
2020-03-24T17:00:00;50.909;61.4694;72.3001
2020-03-24T18:00:00;36.4864;56.7221;65.3741
2020-03-24T19:00:00;45.9015;49.7115;58.546
2020-03-24T20:00:00;33.9472;45.794;50.8705
2020-03-24T21:00:00;23.949;29.8297;28.1822
2020-03-24T22:00:00;31.9511;30.8198;42.5509
2020-03-24T23:00:00;24.7965;34.6603;42.2291
2020-03-25T00:00:00;23.8596;27.5481;35.6683
2020-03-25T01:00:00;20.6985;23.3237;35.4064
2020-03-25T02:00:00;26.9093;32.4662;20.4862
2020-03-25T03:00:00;26.383;28.9699;29.78
2020-03-25T04:00:00;24.0734;23.9624;38.5942
2020-03-25T05:00:00;20.0501;32.5027;42.0031
2020-03-25T06:00:00;24.6496;37.1557;39.6442
2020-03-25T07:00:00;30.3042;30.1678;45.6012
2020-03-25T08:00:00;30.3482;51.3811;65.1527
2020-03-25T09:00:00;35.4501;40.8261;69.2396
2020-03-25T10:00:00;50.6064;57.7244;69.7018
2020-03-25T11:00:00;38.7034;73.8436;88.4798
2020-03-25T12:00:00;55.4609;66.4006;76.1699
2020-03-25T13:00:00;53.4343;70.2306;76.3778
2020-03-25T14:00:00;62.3659;73.5952;81.6315
2020-03-25T15:00:00;51.9665;59.4599;77.8575
2020-03-25T16:00:00;55.0102;65.0015;75.7446
2020-03-25T17:00:00;45.7961;60.0469;75.6614
2020-03-25T18:00:00;43.3779;62.823;64.0438
2020-03-25T19:00:00;40.6998;40.0908;55.4819
2020-03-25T20:00:00;28.3404;36.4088;46.2738
2020-03-25T21:00:00;28.9828;25.3582;24.4384
2020-03-25T22:00:00;19.0315;24.8279;28.4237
2020-03-25T23:00:00;25.473;35.637;34.0734
2020-03-26T00:00:00;28.6132;30.1333;31.7854
2020-03-26T01:00:00;27.3002;27.2222;34.8411
2020-03-26T02:00:00;33.5822;27.4108;43.0206
2020-03-26T03:00:00;20.1828;27.1839;35.6278
2020-03-26T04:00:00;17.1043;27.631;29.3892
2020-03-26T05:00:00;19.0283;23.6778;32.0345
2020-03-26T06:00:00;27.3022;28.7064;44.5529
2020-03-26T07:00:00;33.1428;36.5204;53.6422
2020-03-26T08:00:00;37.5269;42.4805;58.5027
2020-03-26T09:00:00;37.1943;54.2866;56.4013
2020-03-26T10:00:00;51.615;60.9252;73.205
2020-03-26T11:00:00;45.5893;61.8578;79.4877
2020-03-26T12:00:00;60.2286;67.3216;81.7784
2020-03-26T13:00:00;70.1119;80.574;80.887
2020-03-26T14:00:00;57.657;80.383;81.9239
2020-03-26T15:00:00;57.3493;62.7718;78.4521
2020-03-26T16:00:00;49.2485;60.0688;71.8438
2020-03-26T17:00:00;38.7296;54.4288;78.5009
2020-03-26T18:00:00;39.7955;58.7967;68.6253
2020-03-26T19:00:00;31.5511;44.2768;54.0987
2020-03-26T20:00:00;23.4182;39.5148;47.7407
2020-03-26T21:00:00;32.6118;39.9848;37.9485
2020-03-26T22:00:00;25.3643;29.9477;47.7144
2020-03-26T23:00:00;25.8984;33.5312;40.3628
2020-03-27T00:00:00;22.4549;32.6021;40.1738
2020-03-27T01:00:00;23.1356;27.0589;36.1899
2020-03-27T02:00:00;28.8228;35.2958;33.8279
2020-03-27T03:00:00;23.8383;25.7515;42.9136
2020-03-27T04:00:00;26.6535;36.6994;39.2614
2020-03-27T05:00:00;23.02;27.0627;31.8523
2020-03-27T06:00:00;22.2892;27.6102;38.2693
2020-03-27T07:00:00;23.6186;32.874;50.1667
2020-03-27T08:00:00;27.1268;41.6482;45.0442
2020-03-27T09:00:00;41.5013;51.3776;59.6018
2020-03-27T10:00:00;48.0631;47.5691;73.4848
2020-03-27T11:00:00;45.2822;63.4744;67.9469
2020-03-27T12:00:00;54.2614;65.5024;72.8201
2020-03-27T13:00:00;56.0935;73.7309;82.3847
2020-03-27T14:00:00;45.0447;71.8958;86.1948
2020-03-27T15:00:00;49.8582;64.5041;84.3396
2020-03-27T16:00:00;53.7491;62.3483;85.4812
2020-03-27T17:00:00;49.7159;58.5527;72.0823
2020-03-27T18:00:00;37.0408;60.9412;62.3504
2020-03-27T19:00:00;37.8078;42.1579;48.9866
2020-03-27T20:00:00;35.7652;34.7177;44.0566
2020-03-27T21:00:00;27.8854;24.3571;39.5376
2020-03-27T22:00:00;23.5236;22.5898;39.7636
2020-03-27T23:00:00;21.6601;31.535;37.3231
2020-03-28T00:00:00;20.8533;31.0145;38.7356
2020-03-28T01:00:00;26.3391;36.4138;42.3819
2020-03-28T02:00:00;24.9755;35.207;36.3764
2020-03-28T03:00:00;27.147;41.9856;42.8366
2020-03-28T04:00:00;24.6594;29.6306;32.3668
2020-03-28T05:00:00;28.0938;28.6974;35.6335
2020-03-28T06:00:00;24.473;23.4989;33.5958
2020-03-28T07:00:00;34.5766;41.7994;49.9433
2020-03-28T08:00:00;41.3697;46.8621;50.4509
2020-03-28T09:00:00;38.7865;56.7677;62.6049
2020-03-28T10:00:00;38.7399;54.0302;62.3726
2020-03-28T11:00:00;59.4303;66.399;80.5411
2020-03-28T12:00:00;55.7171;69.0683;87.8847
2020-03-28T13:00:00;47.2523;70.4761;88.2906
2020-03-28T14:00:00;52.2556;66.3645;87.8002
2020-03-28T15:00:00;58.2932;73.9889;85.8477
2020-03-28T16:00:00;50.3144;74.8926;81.0677
2020-03-28T17:00:00;45.2203;54.1741;74.7429
2020-03-28T18:00:00;49.8135;57.1136;67.6083
2020-03-28T19:00:00;31.7791;31.8802;52.2449
2020-03-28T20:00:00;26.6624;41.6595;44.9788
2020-03-28T21:00:00;25.0569;20.6492;36.3512
2020-03-28T22:00:00;25.9523;27.3752;34.3215
2020-03-28T23:00:00;26.4817;23.4349;28.1685
2020-03-29T00:00:00;28.5562;28.9219;29.825
2020-03-29T01:00:00;24.9929;34.194;37.1499
2020-03-29T02:00:00;26.4469;20.7134;40.5289
2020-03-29T03:00:00;22.704;28.2026;36.0467
2020-03-29T04:00:00;24.3135;27.4332;49.8241
2020-03-29T05:00:00;24.5377;37.9052;31.4012
2020-03-29T06:00:00;25.0755;32.1588;38.2247
2020-03-29T07:00:00;34.5159;32.4304;52.4358
2020-03-29T08:00:00;39.7913;43.913;60.8517
2020-03-29T09:00:00;43.0302;61.2919;67.489
2020-03-29T10:00:00;43.735;63.2976;77.0222
2020-03-29T11:00:00;52.0512;60.0498;77.8462
2020-03-29T12:00:00;54.2937;66.7069;89.9651
2020-03-29T13:00:00;56.7906;68.6053;90.1528
2020-03-29T14:00:00;66.8573;67.091;79.4759
2020-03-29T15:00:00;51.8149;59.4912;83.2586
2020-03-29T16:00:00;53.8243;61.2529;69.8327
2020-03-29T17:00:00;53.1229;66.6718;79.2799
2020-03-29T18:00:00;43.2991;51.6057;65.3348
2020-03-29T19:00:00;48.7048;45.7532;62.2672
2020-03-29T20:00:00;28.763;39.0191;45.433
2020-03-29T21:00:00;25.6204;41.0907;26.7187
2020-03-29T22:00:00;20.006;30.0444;49.1868
2020-03-29T23:00:00;22.2424;35.4697;36.6554
2020-03-30T00:00:00;25.2447;27.0091;30.999
2020-03-30T01:00:00;28.2315;28.703;41.7288
2020-03-30T02:00:00;25.5955;30.0628;46.1793
2020-03-30T03:00:00;30.2956;26.1293;34.9878
2020-03-30T04:00:00;23.5252;28.9814;35.5038
2020-03-30T05:00:00;22.3392;34.4403;37.1902
2020-03-30T06:00:00;37.5199;25.9982;30.4451
2020-03-30T07:00:00;32.6244;38.3169;42.5264
2020-03-30T08:00:00;33.4182;49.8131;64.433
2020-03-30T09:00:00;39.3378;49.3891;63.5527
2020-03-30T10:00:00;43.0672;65.2029;67.4832
2020-03-30T11:00:00;56.3957;65.0054;75.309
2020-03-30T12:00:00;52.6119;67.2166;87.0148
2020-03-30T13:00:00;56.4615;59.7401;73.8576
2020-03-30T14:00:00;55.5072;67.9128;85.0103
2020-03-30T15:00:00;58.0913;69.9002;93.9618
2020-03-30T16:00:00;47.4791;73.3677;87.7245
2020-03-30T17:00:00;42.4028;62.5652;74.537
2020-03-30T18:00:00;43.9306;59.1425;70.7959
2020-03-30T19:00:00;40.0204;40.2239;62.0575
2020-03-30T20:00:00;32.3158;37.6824;45.3505
2020-03-30T21:00:00;19.9527;36.1037;40.624
2020-03-30T22:00:00;27.3874;25.5613;44.9429
2020-03-30T23:00:00;20.2807;34.8261;29.6812
2020-03-31T00:00:00;21.3923;33.6666;38.8833
2020-03-31T01:00:00;19.2802;31.3736;37.8074
2020-03-31T02:00:00;30.5058;28.3565;36.5158
2020-03-31T03:00:00;27.1671;25.0685;36.0732
2020-03-31T04:00:00;27.025;38.8769;37.1583
2020-03-31T05:00:00;30.2361;33.1593;37.5779
2020-03-31T06:00:00;38.0632;31.7031;41.5931
2020-03-31T07:00:00;22.107;36.2522;48.3623
2020-03-31T08:00:00;33.3237;46.4588;54.634
2020-03-31T09:00:00;39.7283;54.335;60.0141
2020-03-31T10:00:00;43.5265;61.7252;69.3087
2020-03-31T11:00:00;46.3249;68.3127;78.875
2020-03-31T12:00:00;52.9355;64.1299;78.1204
2020-03-31T13:00:00;49.7417;62.4479;88.4664
2020-03-31T14:00:00;57.4999;70.2023;85.8873
2020-03-31T15:00:00;54.6923;59.3062;87.3683
2020-03-31T16:00:00;54.118;63.0227;74.3751
2020-03-31T17:00:00;50.3193;57.1798;67.5156
2020-03-31T18:00:00;45.8242;55.9702;69.894
2020-03-31T19:00:00;35.1485;56.1825;56.1731
2020-03-31T20:00:00;41.2589;28.5935;44.9672
2020-03-31T21:00:00;25.1722;41.3709;39.4933
2020-03-31T22:00:00;14.6876;28.8346;39.3072
2020-03-31T23:00:00;18.9881;31.739;29.7212
2020-04-01T00:00:00;15.2975;22.9258;42.9232
2020-04-01T01:00:00;24.0867;34.9844;33.948
2020-04-01T02:00:00;23.391;30.2074;44.5001
2020-04-01T03:00:00;21.6579;29.6927;29.3323
2020-04-01T04:00:00;34.0546;20.3131;37.587
2020-04-01T05:00:00;26.7449;30.369;35.0719
2020-04-01T06:00:00;27.6305;34.2291;26.1238
2020-04-01T07:00:00;25.9978;37.1351;49.2708
2020-04-01T08:00:00;32.0198;52.1405;45.9037
2020-04-01T09:00:00;42.9932;59.1759;62.7554
2020-04-01T10:00:00;48.6457;56.5203;77.1923
2020-04-01T11:00:00;42.4313;72.6166;74.919
2020-04-01T12:00:00;53.5323;68.2687;77.132
2020-04-01T13:00:00;55.8951;70.0296;87.7388
2020-04-01T14:00:00;54.749;70.2758;82.4895
2020-04-01T15:00:00;50.3669;68.3888;79.6254
2020-04-01T16:00:00;49.0151;51.4903;83.9442
2020-04-01T17:00:00;46.8963;58.7983;65.8346
2020-04-01T18:00:00;43.2631;46.6917;61.9157
2020-04-01T19:00:00;40.0395;54.4011;59.8556
2020-04-01T20:00:00;36.0575;46.2469;39.82
2020-04-01T21:00:00;22.5283;34.2597;44.8767
2020-04-01T22:00:00;21.7192;28.8077;34.9158
2020-04-01T23:00:00;26.1883;24.9599;40.3726
2020-04-02T00:00:00;27.0542;26.7121;40.3622
2020-04-02T01:00:00;21.829;39.7132;35.2386
2020-04-02T02:00:00;27.952;26.539;33.6049
2020-04-02T03:00:00;28.8979;18.222;35.7852
2020-04-02T04:00:00;30.4584;35.1508;39.5634
2020-04-02T05:00:00;32.8916;37.5025;31.0679
2020-04-02T06:00:00;19.6679;38.2961;29.9837
2020-04-02T07:00:00;30.7227;43.5082;53.4008
2020-04-02T08:00:00;37.072;52.2771;51.8491
2020-04-02T09:00:00;42.3188;53.7761;65.9841
2020-04-02T10:00:00;44.5343;49.3443;70.6599
2020-04-02T11:00:00;44.285;64.7804;76.7799
2020-04-02T12:00:00;54.8972;71.1501;88.8027
2020-04-02T13:00:00;51.9829;69.1045;83.3112
2020-04-02T14:00:00;56.2547;68.8767;81.9529
2020-04-02T15:00:00;50.4636;63.2217;80.3021
2020-04-02T16:00:00;46.2145;59.6323;75.0519
2020-04-02T17:00:00;48.9521;68.9165;68.3205
2020-04-02T18:00:00;43.5637;62.8831;61.7165
2020-04-02T19:00:00;39.912;46.2562;63.8394
2020-04-02T20:00:00;41.5825;39.7241;49.5372
2020-04-02T21:00:00;25.3864;25.0957;34.274
2020-04-02T22:00:00;26.4254;33.2129;40.9083
2020-04-02T23:00:00;18.6122;38.7982;28.064
2020-04-03T00:00:00;17.5655;22.3538;42.8784
2020-04-03T01:00:00;31.9141;32.3194;42.4758
2020-04-03T02:00:00;19.3826;32.6951;47.1817
2020-04-03T03:00:00;18.7803;32.638;41.0578
2020-04-03T04:00:00;23.8045;38.2141;38.1862
2020-04-03T05:00:00;23.549;40.1801;42.4557
2020-04-03T06:00:00;19.4875;28.8326;32.871
2020-04-03T07:00:00;29.1283;41.6823;44.0027
2020-04-03T08:00:00;43.1625;46.6906;55.2021
2020-04-03T09:00:00;38.7792;50.3508;71.0581
2020-04-03T10:00:00;40.8123;61.0799;67.3916
2020-04-03T11:00:00;56.4258;67.9985;72.7589
2020-04-03T12:00:00;56.8953;69.1269;82.8334
2020-04-03T13:00:00;52.7221;65.375;87.3247
2020-04-03T14:00:00;47.9139;67.4631;80.2216
2020-04-03T15:00:00;50.7107;65.7627;85.0028
2020-04-03T16:00:00;51.4393;60.4288;84.4112
2020-04-03T17:00:00;53.609;61.2935;77.6733
2020-04-03T18:00:00;37.6262;55.602;65.9802
2020-04-03T19:00:00;36.593;51.1671;55.0704
2020-04-03T20:00:00;34.0289;34.0284;54.6579
2020-04-03T21:00:00;12.0937;27.1126;36.077
2020-04-03T22:00:00;29.1689;37.7728;40.7018
2020-04-03T23:00:00;18.0877;29.1775;45.7914
2020-04-04T00:00:00;25.66;30.1507;40.1763
2020-04-04T01:00:00;25.2334;29.1245;31.0145
2020-04-04T02:00:00;29.4229;35.6652;29.8049
2020-04-04T03:00:00;26.7546;35.859;34.5119
2020-04-04T04:00:00;12.1135;35.566;39.5475
2020-04-04T05:00:00;20.0761;30.1328;38.2239
2020-04-04T06:00:00;24.691;25.6378;47.0354
2020-04-04T07:00:00;29.6783;47.9425;48.155
2020-04-04T08:00:00;39.4036;50.551;53.8862
2020-04-04T09:00:00;46.756;51.2281;58.547
2020-04-04T10:00:00;50.8229;66.8449;77.5731
2020-04-04T11:00:00;50.6414;61.963;77.5389
2020-04-04T12:00:00;45.2021;75.0958;74.12
2020-04-04T13:00:00;53.5473;77.1723;83.8484
2020-04-04T14:00:00;57.9065;65.1735;78.7584
2020-04-04T15:00:00;48.9816;70.9511;79.5225
2020-04-04T16:00:00;54.8692;68.552;77.6002
2020-04-04T17:00:00;52.3226;72.8003;67.1451
2020-04-04T18:00:00;43.4435;49.7999;61.7756
2020-04-04T19:00:00;21.6967;53.4322;51.8028
2020-04-04T20:00:00;24.2627;38.4032;42.3933
2020-04-04T21:00:00;33.4309;23.7932;30.9599
2020-04-04T22:00:00;21.2673;29.4001;33.5862
2020-04-04T23:00:00;14.0793;30.0123;31.5265
2020-04-05T00:00:00;30.1762;24.7055;38.9329
2020-04-05T01:00:00;24.0668;31.5609;37.004
2020-04-05T02:00:00;29.5247;34.789;41.9736
2020-04-05T03:00:00;25.3848;31.191;45.4335
2020-04-05T04:00:00;26.2928;27.2908;39.3866
2020-04-05T05:00:00;25.815;29.2576;38.2479
2020-04-05T06:00:00;27.4874;29.9773;39.7017
2020-04-05T07:00:00;42.0403;39.4031;48.3127
2020-04-05T08:00:00;41.8706;51.8186;55.7744
2020-04-05T09:00:00;34.9074;54.8711;64.0671
2020-04-05T10:00:00;50.0139;52.7123;66.5626
2020-04-05T11:00:00;57.4202;61.8294;81.7638
2020-04-05T12:00:00;60.4473;68.8724;81.4942
2020-04-05T13:00:00;53.6917;75.4015;90.9846
2020-04-05T14:00:00;61.6494;76.2701;88.3127
2020-04-05T15:00:00;59.0725;76.9157;78.521
2020-04-05T16:00:00;64.5754;65.2941;83.8027
2020-04-05T17:00:00;44.0306;63.5423;58.8672
2020-04-05T18:00:00;40.2721;46.2391;73.8648
2020-04-05T19:00:00;35.485;48.4189;48.8311
2020-04-05T20:00:00;28.2021;32.9401;48.4553
2020-04-05T21:00:00;19.5499;29.6873;38.1371
2020-04-05T22:00:00;10.1866;45.1492;41.6186
2020-04-05T23:00:00;21.8265;31.5178;34.3565
2020-04-06T00:00:00;25.8468;25.6809;25.2724
2020-04-06T01:00:00;21.5339;32.0389;34.3636
2020-04-06T02:00:00;33.6769;27.4146;34.9042
2020-04-06T03:00:00;24.0669;25.1963;25.754
2020-04-06T04:00:00;30.4551;40.5157;36.2269
2020-04-06T05:00:00;25.3071;35.3341;30.6207
2020-04-06T06:00:00;28.132;31.7277;39.2454
2020-04-06T07:00:00;32.0494;36.3574;44.7494
2020-04-06T08:00:00;43.8595;44.7155;65.3288
2020-04-06T09:00:00;43.0888;61.2238;62.9328
2020-04-06T10:00:00;50.2612;61.2587;73.8229
2020-04-06T11:00:00;53.5445;49.227;76.5039
2020-04-06T12:00:00;52.9924;80.147;73.5344
2020-04-06T13:00:00;57.8496;70.6962;82.7135
2020-04-06T14:00:00;66.9966;71.4977;87.5041
2020-04-06T15:00:00;53.0818;73.4757;84.6607
2020-04-06T16:00:00;53.8101;66.968;76.1029
2020-04-06T17:00:00;54.0695;63.4603;64.3872
2020-04-06T18:00:00;48.5104;51.3928;67.436
2020-04-06T19:00:00;37.0742;40.1205;57.6208
2020-04-06T20:00:00;18.7362;39.7176;50.1968
2020-04-06T21:00:00;26.5835;37.1581;34.6294
2020-04-06T22:00:00;12.9026;26.761;27.5781
2020-04-06T23:00:00;31.3497;26.3599;38.6688
2020-04-07T00:00:00;24.8474;36.1051;35.9543
2020-04-07T01:00:00;28.9984;27.7138;42.9584
2020-04-07T02:00:00;19.4894;27.9472;36.1437
2020-04-07T03:00:00;16.2375;28.1343;35.7727
2020-04-07T04:00:00;25.3038;29.6751;38.0863
2020-04-07T05:00:00;23.832;22.1318;33.0153
2020-04-07T06:00:00;21.5423;27.3033;32.7743
2020-04-07T07:00:00;31.0765;39.4683;45.4903
2020-04-07T08:00:00;50.8528;47.3857;50.9213
2020-04-07T09:00:00;46.9818;59.3014;63.0682
2020-04-07T10:00:00;53.0281;68.9228;81.3688
2020-04-07T11:00:00;55.9325;72.2034;82.7824
2020-04-07T12:00:00;61.8311;72.6155;83.1909
2020-04-07T13:00:00;54.8743;69.0372;91.4954
2020-04-07T14:00:00;45.5509;66.6655;79.6126
2020-04-07T15:00:00;53.4909;68.1317;94.1029
2020-04-07T16:00:00;55.7715;67.5689;75.2667
2020-04-07T17:00:00;42.9316;63.8355;81.69
2020-04-07T18:00:00;41.9273;56.6268;74.2107
2020-04-07T19:00:00;33.5567;45.6636;46.7572
2020-04-07T20:00:00;38.1633;42.2508;53.3152
2020-04-07T21:00:00;27.7473;36.3044;34.5805
2020-04-07T22:00:00;27.2577;34.4008;33.1602
2020-04-07T23:00:00;27.108;29.8399;38.6232
2020-04-08T00:00:00;23.8138;25.8308;30.9604
2020-04-08T01:00:00;24.9878;25.7122;38.51
2020-04-08T02:00:00;18.0741;26.5939;31.296
2020-04-08T03:00:00;13.0678;31.2854;36.8854
2020-04-08T04:00:00;24.7504;32.599;42.6768
2020-04-08T05:00:00;25.62;22.9273;37.9326
2020-04-08T06:00:00;30.0463;27.48;34.201
2020-04-08T07:00:00;38.5099;39.5329;48.6868
2020-04-08T08:00:00;44.8656;41.7711;48.491
2020-04-08T09:00:00;37.819;55.6809;60.0194
2020-04-08T10:00:00;46.0193;58.1887;69.5196
2020-04-08T11:00:00;54.1145;61.0239;81.5035
2020-04-08T12:00:00;67.0933;68.3083;83.6797
2020-04-08T13:00:00;63.2252;71.7423;86.4129
2020-04-08T14:00:00;61.4217;65.5382;83.6001
2020-04-08T15:00:00;52.4949;66.8292;77.7102
2020-04-08T16:00:00;47.2968;66.9794;85.0098
2020-04-08T17:00:00;51.7252;55.9153;68.182
2020-04-08T18:00:00;37.3058;45.2226;66.3089
2020-04-08T19:00:00;35.8234;38.5866;54.9628
2020-04-08T20:00:00;30.0793;36.2262;48.7947
2020-04-08T21:00:00;31.9646;23.4079;32.9726
2020-04-08T22:00:00;22.2265;28.2614;41.2634
2020-04-08T23:00:00;11.8038;38.3247;42.8914
2020-04-09T00:00:00;26.5222;23.107;40.9566
2020-04-09T01:00:00;20.5049;28.587;36.7881
2020-04-09T02:00:00;24.2132;40.6615;33.8244
2020-04-09T03:00:00;23.5665;32.0407;50.1106
2020-04-09T04:00:00;22.6315;28.1614;31.0419
2020-04-09T05:00:00;27.9517;29.2156;40.4061
2020-04-09T06:00:00;16.3357;32.1468;37.6639
2020-04-09T07:00:00;28.0681;46.7953;45.6671
2020-04-09T08:00:00;40.4358;43.6152;56.4492
2020-04-09T09:00:00;39.7387;49.7234;61.6626
2020-04-09T10:00:00;39.7366;52.8317;73.8062
2020-04-09T11:00:00;55.0556;65.1565;79.1533
2020-04-09T12:00:00;60.0493;61.0138;95.039
2020-04-09T13:00:00;55.5997;67.462;89.0912
2020-04-09T14:00:00;46.0205;65.2375;86.3165
2020-04-09T15:00:00;57.9637;73.4129;84.5285
2020-04-09T16:00:00;43.4134;62.099;86.7669
2020-04-09T17:00:00;49.3246;61.7104;66.8188
2020-04-09T18:00:00;38.3718;45.491;63.3
2020-04-09T19:00:00;31.2164;46.927;45.9877
2020-04-09T20:00:00;28.4436;32.3007;48.7736
2020-04-09T21:00:00;23.0835;27.8718;40.2409
2020-04-09T22:00:00;20.779;41.056;31.022
2020-04-09T23:00:00;26.9435;34.6609;43.1754
2020-04-10T00:00:00;21.7697;29.3579;32.4056
2020-04-10T01:00:00;28.901;45.9947;34.2877
2020-04-10T02:00:00;25.4059;25.4241;36.5978
2020-04-10T03:00:00;20.5122;35.8261;43.971
2020-04-10T04:00:00;19.6703;22.3366;31.709
2020-04-10T05:00:00;15.7625;28.7804;37.4562
2020-04-10T06:00:00;25.4537;23.2611;39.8742
2020-04-10T07:00:00;28.8802;39.6028;48.8221
2020-04-10T08:00:00;25.1546;46.5493;58.5504
2020-04-10T09:00:00;40.1306;51.9731;68.0212
2020-04-10T10:00:00;43.2755;65.1861;68.8973
2020-04-10T11:00:00;59.5912;61.8055;86.0081
2020-04-10T12:00:00;45.9199;69.6765;81.095
2020-04-10T13:00:00;48.6179;73.8837;82.5178
2020-04-10T14:00:00;61.3745;62.3648;90.4752
2020-04-10T15:00:00;61.2176;64.3002;78.4979
2020-04-10T16:00:00;47.9879;64.9103;79.1706
2020-04-10T17:00:00;44.6202;62.8766;68.0568
2020-04-10T18:00:00;45.8903;60.6176;76.8099
2020-04-10T19:00:00;25.3801;45.1901;67.0666
2020-04-10T20:00:00;21.3472;36.7341;45.4286
2020-04-10T21:00:00;22.5963;25.637;38.5993
2020-04-10T22:00:00;31.7495;31.6499;36.026
2020-04-10T23:00:00;21.8213;28.5144;34.257
2020-04-11T00:00:00;24.5047;28.6298;36.5982
2020-04-11T01:00:00;29.6689;29.5306;35.797
2020-04-11T02:00:00;34.5344;32.7581;28.3967
2020-04-11T03:00:00;21.1158;27.1813;37.3151
2020-04-11T04:00:00;23.9158;26.1392;35.7885
2020-04-11T05:00:00;33.1103;32.1586;37.561
2020-04-11T06:00:00;16.389;14.8714;35.6124
2020-04-11T07:00:00;35.7911;35.2981;44.1781
2020-04-11T08:00:00;31.924;40.5129;59.8979
2020-04-11T09:00:00;43.3215;59.5277;66.8794
2020-04-11T10:00:00;46.5675;57.5211;78.6512
2020-04-11T11:00:00;46.9228;61.8374;80.0429
2020-04-11T12:00:00;49.5183;67.7991;80.6627
2020-04-11T13:00:00;57.2068;66.804;86.8209
2020-04-11T14:00:00;60.8024;67.7676;73.834
2020-04-11T15:00:00;53.7851;68.5278;92.1691
2020-04-11T16:00:00;52.0634;62.5308;78.9411
2020-04-11T17:00:00;50.6365;57.5797;82.5932
2020-04-11T18:00:00;37.951;48.4606;59.867
2020-04-11T19:00:00;40.714;40.5005;49.9351
2020-04-11T20:00:00;34.7499;38.6197;47.8089
2020-04-11T21:00:00;37.0181;31.533;37.8127
2020-04-11T22:00:00;22.1195;22.8592;37.6912
2020-04-11T23:00:00;21.7096;33.7997;36.9291
2020-04-12T00:00:00;27.8448;33.8202;32.8594
2020-04-12T01:00:00;28.0955;34.8734;28.5732
2020-04-12T02:00:00;21.3246;31.4994;37.4158
2020-04-12T03:00:00;21.9842;33.1854;29.587
2020-04-12T04:00:00;26.7057;40.9251;29.115
2020-04-12T05:00:00;19.8621;28.4924;34.0968
2020-04-12T06:00:00;21.9473;24.7715;38.1533
2020-04-12T07:00:00;31.1011;30.6462;55.9186
2020-04-12T08:00:00;41.9953;55.0478;60.4197
2020-04-12T09:00:00;39.7861;62.3553;71.3798
2020-04-12T10:00:00;38.5687;55.1028;74.9393
2020-04-12T11:00:00;42.1298;61.0044;79.4035
2020-04-12T12:00:00;48.1367;66.4223;94.1797
2020-04-12T13:00:00;49.2589;75.9022;77.1228
2020-04-12T14:00:00;55.0516;63.3444;81.6709
2020-04-12T15:00:00;48.4894;58.2092;79.9748
2020-04-12T16:00:00;48.199;75.4786;82.037
2020-04-12T17:00:00;43.9102;61.2877;66.7771
2020-04-12T18:00:00;40.6066;55.7835;68.0308
2020-04-12T19:00:00;43.6281;45.2439;58.4216
2020-04-12T20:00:00;33.9629;40.6454;50.0465
2020-04-12T21:00:00;24.0806;22.429;39.9761
2020-04-12T22:00:00;21.6949;25.7954;43.6916
2020-04-12T23:00:00;21.8338;30.5258;35.754
2020-04-13T00:00:00;25.6387;18.6455;38.6508
2020-04-13T01:00:00;26.9208;28.4874;32.3173
2020-04-13T02:00:00;19.4619;28.1792;31.176
2020-04-13T03:00:00;24.1824;28.4865;44.8241
2020-04-13T04:00:00;13.8419;27.2446;31.9394
2020-04-13T05:00:00;25.0586;25.0205;39.2066
2020-04-13T06:00:00;27.8107;20.8898;38.6552
2020-04-13T07:00:00;29.2528;39.0402;51.8547
2020-04-13T08:00:00;46.0982;44.7688;47.2324
2020-04-13T09:00:00;38.4029;46.635;68.6697
2020-04-13T10:00:00;48.8678;60.0385;71.3808
2020-04-13T11:00:00;51.5337;63.1663;74.5697
2020-04-13T12:00:00;53.9323;65.7371;80.3966
2020-04-13T13:00:00;55.2531;58.9964;88.9209
2020-04-13T14:00:00;56.3602;73.1947;87.3933
2020-04-13T15:00:00;58.6736;61.877;81.0111
2020-04-13T16:00:00;58.6015;64.9574;71.8737
2020-04-13T17:00:00;47.7694;55.6845;66.3282
2020-04-13T18:00:00;46.8857;51.5678;67.9788
2020-04-13T19:00:00;33.5067;52.0309;49.1346
2020-04-13T20:00:00;34.483;40.9746;45.389
2020-04-13T21:00:00;20.19;35.6502;49.4054
2020-04-13T22:00:00;29.4533;31.6519;38.2978
2020-04-13T23:00:00;35.0532;31.9807;39.7112
2020-04-14T00:00:00;23.3896;21.0943;30.6948
2020-04-14T01:00:00;13.0373;28.4124;29.8635
2020-04-14T02:00:00;21.2596;28.8755;39.9791
2020-04-14T03:00:00;30.1594;36.1183;34.5882
2020-04-14T04:00:00;26.7654;27.4689;41.8681
2020-04-14T05:00:00;25.2446;31.3243;36.7157
2020-04-14T06:00:00;29.0433;31.1288;53.7818
2020-04-14T07:00:00;33.0754;44.1048;43.6182
2020-04-14T08:00:00;43.1042;45.6007;57.469
2020-04-14T09:00:00;47.4062;57.6503;60.243
2020-04-14T10:00:00;55.3891;51.2015;77.3314
2020-04-14T11:00:00;53.5068;56.5709;80.2718
2020-04-14T12:00:00;58.9601;56.6255;77.3448
2020-04-14T13:00:00;54.2891;73.7108;82.6506
2020-04-14T14:00:00;52.8174;73.1492;91.0962
2020-04-14T15:00:00;62.9676;72.5264;88.4093
2020-04-14T16:00:00;52.7938;61.2542;70.9972
2020-04-14T17:00:00;51.805;56.9081;69.8411
2020-04-14T18:00:00;43.4278;52.9062;73.8207
2020-04-14T19:00:00;34.083;53.488;55.1875
2020-04-14T20:00:00;30.7081;46.7856;47.3969
2020-04-14T21:00:00;31.18;33.969;41.6347
2020-04-14T22:00:00;26.7762;31.6551;29.8392
2020-04-14T23:00:00;15.4426;36.6769;31.8015
2020-04-15T00:00:00;22.9238;28.7208;34.8815
2020-04-15T01:00:00;32.9115;28.0453;42.5231
2020-04-15T02:00:00;22.931;29.3549;41.5988
2020-04-15T03:00:00;14.9976;25.1064;40.0988
2020-04-15T04:00:00;33.4652;29.125;35.8042
2020-04-15T05:00:00;27.412;24.413;42.1478
2020-04-15T06:00:00;23.6499;35.125;35.7368
2020-04-15T07:00:00;28.7961;41.0349;49.3696
2020-04-15T08:00:00;42.4273;53.4173;60.5836
2020-04-15T09:00:00;40.0992;45.365;73.1978
2020-04-15T10:00:00;53.5219;69.2343;71.8893
2020-04-15T11:00:00;54.4238;56.7786;76.2562
2020-04-15T12:00:00;55.6572;62.0507;88.6261
2020-04-15T13:00:00;56.5523;66.6768;91.0963
2020-04-15T14:00:00;54.9499;76.3195;81.5202
2020-04-15T15:00:00;59.662;69.1701;76.6255
2020-04-15T16:00:00;47.3861;63.4219;84.1644
2020-04-15T17:00:00;39.671;55.7627;63.9623
2020-04-15T18:00:00;45.8813;46.6317;56.2497
2020-04-15T19:00:00;40.1718;51.9326;54.6819
2020-04-15T20:00:00;33.0544;42.3097;46.492
2020-04-15T21:00:00;26.0386;36.7623;30.7002
2020-04-15T22:00:00;22.3973;31.9841;37.1093
2020-04-15T23:00:00;27.9374;16.7895;37.3324
2020-04-16T00:00:00;23.7722;23.7771;33.5981
2020-04-16T01:00:00;21.5644;32.3244;46.1673
2020-04-16T02:00:00;22.4405;28.1514;38.1488
2020-04-16T03:00:00;34.1032;27.2058;41.6424
2020-04-16T04:00:00;15.3251;24.4839;28.7189
2020-04-16T05:00:00;26.4989;34.7379;28.6758
2020-04-16T06:00:00;15.6044;32.281;38.3003
2020-04-16T07:00:00;30.112;40.8224;55.254
2020-04-16T08:00:00;34.8474;43.1015;50.4737
2020-04-16T09:00:00;32.384;54.3928;64.9306
2020-04-16T10:00:00;49.7258;53.037;65.4955
2020-04-16T11:00:00;49.8126;63.9919;73.9761
2020-04-16T12:00:00;43.9378;55.4026;82.6163
2020-04-16T13:00:00;60.0225;61.9403;81.274
2020-04-16T14:00:00;62.9997;68.1693;77.2094
2020-04-16T15:00:00;61.8844;79.9179;75.0111
2020-04-16T16:00:00;53.5076;55.6373;68.1392
2020-04-16T17:00:00;48.0109;53.5079;74.0539
2020-04-16T18:00:00;49.4499;54.5953;67.2016
2020-04-16T19:00:00;45.4275;55.1166;58.4861
2020-04-16T20:00:00;36.321;39.3273;41.4339
2020-04-16T21:00:00;19.2923;33.5107;41.0298
2020-04-16T22:00:00;25.0067;28.312;39.5339
2020-04-16T23:00:00;26.1976;27.4469;36.0365
2020-04-17T00:00:00;14.9519;30.4109;35.2159
2020-04-17T01:00:00;26.3468;26.7086;32.7544
2020-04-17T02:00:00;35.365;33.6213;36.9608
2020-04-17T03:00:00;27.1997;21.9686;44.0862
2020-04-17T04:00:00;31.3671;34.4499;41.6893
2020-04-17T05:00:00;24.9146;30.1966;34.7189
2020-04-17T06:00:00;23.6339;28.9264;38.6931
2020-04-17T07:00:00;32.5595;30.1015;40.4726
2020-04-17T08:00:00;32.9364;41.3705;59.1737
2020-04-17T09:00:00;37.9903;59.5047;60.0594
2020-04-17T10:00:00;54.1122;58.6828;75.1222
2020-04-17T11:00:00;58.5745;66.033;92.4146
2020-04-17T12:00:00;49.4783;63.6446;78.8007
2020-04-17T13:00:00;60.6647;69.6356;98.3511
2020-04-17T14:00:00;55.3899;62.9201;86.1902
2020-04-17T15:00:00;56.1329;68.5417;77.9026
2020-04-17T16:00:00;54.0139;66.4942;73.5919
2020-04-17T17:00:00;52.7524;61.3289;83.4957
2020-04-17T18:00:00;43.2227;48.9935;66.6786
2020-04-17T19:00:00;44.0664;44.5592;52.6926
2020-04-17T20:00:00;32.2002;41.0024;44.9625
2020-04-17T21:00:00;27.1209;28.9428;38.1539
2020-04-17T22:00:00;19.8337;28.5635;35.9564
2020-04-17T23:00:00;34.7933;39.5173;37.7295
2020-04-18T00:00:00;26.3491;25.2451;44.8681
2020-04-18T01:00:00;27.565;35.4021;30.3601
2020-04-18T02:00:00;15.9591;24.2266;39.2232
2020-04-18T03:00:00;19.8865;33.2739;35.6355
2020-04-18T04:00:00;30.1894;33.5408;33.5048
2020-04-18T05:00:00;25.4345;27.4482;41.3609
2020-04-18T06:00:00;14.4311;23.9126;28.6929
2020-04-18T07:00:00;35.8446;28.4643;34.1476
2020-04-18T08:00:00;34.2967;43.1939;56.646
2020-04-18T09:00:00;49.8657;56.1425;63.5228
2020-04-18T10:00:00;47.3415;54.3377;64.9067
2020-04-18T11:00:00;52.7363;65.1258;69.0165
2020-04-18T12:00:00;60.3286;60.6601;91.3039
2020-04-18T13:00:00;51.3372;68.6114;86.0521
2020-04-18T14:00:00;50.8605;64.0457;83.8353
2020-04-18T15:00:00;53.4513;67.6524;92.6269
2020-04-18T16:00:00;55.8487;62.1356;82.6795
2020-04-18T17:00:00;41.1262;53.774;80.5173
2020-04-18T18:00:00;34.469;50.217;58.3139
2020-04-18T19:00:00;41.1342;41.5987;49.4364
2020-04-18T20:00:00;27.6383;31.7468;49.0651
2020-04-18T21:00:00;22.0389;35.4137;38.0725
2020-04-18T22:00:00;14.7159;28.1991;42.2483
2020-04-18T23:00:00;20.6051;18.9889;27.8461
2020-04-19T00:00:00;23.9622;26.8836;39.518
2020-04-19T01:00:00;28.6519;34.5736;40.9463
2020-04-19T02:00:00;20.1438;26.1932;40.6809
2020-04-19T03:00:00;32.2869;37.4887;33.9665
2020-04-19T04:00:00;20.5772;25.7167;38.5931
2020-04-19T05:00:00;20.5845;32.517;32.1217
2020-04-19T06:00:00;31.6868;35.1832;34.5353
2020-04-19T07:00:00;31.7105;40.5674;40.7651
2020-04-19T08:00:00;34.2554;39.397;51.73
2020-04-19T09:00:00;42.0335;48.7991;63.0089
2020-04-19T10:00:00;54.546;65.5761;69.2163
2020-04-19T11:00:00;59.0438;60.618;73.7753
2020-04-19T12:00:00;50.3498;72.9206;75.1527
2020-04-19T13:00:00;55.6125;67.6295;93.5425
2020-04-19T14:00:00;56.2755;70.4881;81.2342
2020-04-19T15:00:00;49.5026;61.1117;83.3005
2020-04-19T16:00:00;51.4344;61.5997;68.7744
2020-04-19T17:00:00;47.8072;55.3493;78.4592
2020-04-19T18:00:00;48.5102;54.6394;65.0495
2020-04-19T19:00:00;43.0527;46.7355;53.304
2020-04-19T20:00:00;29.0071;40.6297;43.8041
2020-04-19T21:00:00;22.9302;27.5474;40.347
2020-04-19T22:00:00;27.3215;25.3488;21.2345
2020-04-19T23:00:00;21.0741;30.9136;31.879
2020-04-20T00:00:00;26.9432;24.8521;35.4046
2020-04-20T01:00:00;23.5605;35.3921;35.3469
2020-04-20T02:00:00;19.153;29.4274;48.5266
2020-04-20T03:00:00;19.2158;28.3693;34.312
2020-04-20T04:00:00;31.2353;32.3109;40.9511
2020-04-20T05:00:00;23.2179;29.6182;45.0583
2020-04-20T06:00:00;32.2018;21.7097;39.3531
2020-04-20T07:00:00;28.085;33.0093;42.6107
2020-04-20T08:00:00;38.4716;51.558;49.1009
2020-04-20T09:00:00;54.7725;53.9308;67.9408
2020-04-20T10:00:00;42.4937;51.318;79.8961
2020-04-20T11:00:00;42.2237;66.4016;80.299
2020-04-20T12:00:00;60.8668;65.246;87.818
2020-04-20T13:00:00;51.6907;65.4084;96.6968
2020-04-20T14:00:00;55.7212;64.0565;87.9239
2020-04-20T15:00:00;51.5042;73.0419;76.1475
2020-04-20T16:00:00;53.0536;54.8135;77.8245
2020-04-20T17:00:00;43.028;55.5381;78.522
2020-04-20T18:00:00;41.9094;54.112;62.9698
2020-04-20T19:00:00;39.2646;54.1613;63.0519
2020-04-20T20:00:00;25.6116;41.0858;45.6451
2020-04-20T21:00:00;20.4996;25.7699;37.6717
2020-04-20T22:00:00;22.2631;37.6468;34.2463
2020-04-20T23:00:00;16.8559;23.2244;36.7977
2020-04-21T00:00:00;21.8872;31.3267;37.0622
2020-04-21T01:00:00;24.594;32.4389;27.9573
2020-04-21T02:00:00;22.0023;25.5944;33.792
2020-04-21T03:00:00;22.6431;33.488;29.834
2020-04-21T04:00:00;23.9005;27.4305;33.9645
2020-04-21T05:00:00;20.7213;33.4757;32.0242
2020-04-21T06:00:00;27.4553;20.802;41.0591
2020-04-21T07:00:00;37.8331;39.9913;51.0968
2020-04-21T08:00:00;34.6937;44.2089;58.3248
2020-04-21T09:00:00;45.2351;59.2599;57.8754
2020-04-21T10:00:00;46.5825;59.5059;71.1803
2020-04-21T11:00:00;53.5402;70.8872;70.8333
2020-04-21T12:00:00;62.2627;70.5803;80.9142
2020-04-21T13:00:00;58.368;69.1433;86.9742
2020-04-21T14:00:00;46.9576;73.7192;88.6976
2020-04-21T15:00:00;56.7038;72.0126;84.0149
2020-04-21T16:00:00;57.8771;67.0006;83.8616
2020-04-21T17:00:00;46.6727;48.2643;72.9697
2020-04-21T18:00:00;47.7873;48.5986;63.0459
2020-04-21T19:00:00;33.565;53.19;59.8917
2020-04-21T20:00:00;23.2255;32.0367;50.5121
2020-04-21T21:00:00;24.7058;34.4123;33.3791
2020-04-21T22:00:00;15.2176;33.5323;37.8949
2020-04-21T23:00:00;22.8011;26.3712;34.5284
2020-04-22T00:00:00;30.4342;20.0238;25.957
2020-04-22T01:00:00;14.4512;27.1554;38.2005
2020-04-22T02:00:00;17.6025;40.3901;29.5274
2020-04-22T03:00:00;18.8398;25.6836;37.6411
2020-04-22T04:00:00;23.6834;26.0287;28.3235
2020-04-22T05:00:00;22.1714;25.0121;32.4017
2020-04-22T06:00:00;30.9957;36.0739;33.832
2020-04-22T07:00:00;35.4249;37.1019;51.9884
2020-04-22T08:00:00;39.4919;43.1399;52.8558
2020-04-22T09:00:00;43.5373;60.5788;58.8388
2020-04-22T10:00:00;49.7468;62.6233;73.4927
2020-04-22T11:00:00;47.4029;60.0446;76.4844
2020-04-22T12:00:00;58.7199;61.9243;85.6035
2020-04-22T13:00:00;50.2645;75.5717;78.6777
2020-04-22T14:00:00;60.0016;69.8648;84.7913
2020-04-22T15:00:00;60.3645;60.2969;93.9985
2020-04-22T16:00:00;52.7671;55.7254;76.3728
2020-04-22T17:00:00;46.8996;54.1456;72.6046
2020-04-22T18:00:00;44.8107;47.314;55.9085
2020-04-22T19:00:00;22.708;36.0391;51.2585
2020-04-22T20:00:00;32.1645;32.8189;48.2784
2020-04-22T21:00:00;23.4332;25.4046;34.3505
2020-04-22T22:00:00;23.7469;27.6866;39.0722
2020-04-22T23:00:00;27.5327;38.4646;38.1247
2020-04-23T00:00:00;23.6262;28.6658;29.4099
2020-04-23T01:00:00;18.299;29.1621;41.0765
2020-04-23T02:00:00;23.293;32.5463;29.7866
2020-04-23T03:00:00;24.3378;28.8134;32.1754
2020-04-23T04:00:00;24.5747;32.0008;37.1474
2020-04-23T05:00:00;24.8096;31.4031;43.8351
2020-04-23T06:00:00;29.1968;30.6129;30.9806
2020-04-23T07:00:00;25.223;52.1488;46.7182
2020-04-23T08:00:00;37.8941;50.8251;56.3035
2020-04-23T09:00:00;49.2588;48.1028;67.5005
2020-04-23T10:00:00;39.1076;61.5769;77.5911
2020-04-23T11:00:00;52.611;60.6823;75.5488
2020-04-23T12:00:00;51.5069;70.2735;86.71
2020-04-23T13:00:00;53.9711;62.9049;90.3887
2020-04-23T14:00:00;51.3007;64.242;92.6568
2020-04-23T15:00:00;53.5861;69.7618;84.1603
2020-04-23T16:00:00;60.9191;69.6294;78.3564
2020-04-23T17:00:00;41.4585;62.239;69.298
2020-04-23T18:00:00;36.9611;57.782;56.9188
2020-04-23T19:00:00;30.5059;48.1386;54.1336
2020-04-23T20:00:00;39.2903;39.1789;46.5414
2020-04-23T21:00:00;21.6883;27.4815;35.4525
2020-04-23T22:00:00;23.8718;34.065;38.9886
2020-04-23T23:00:00;21.9861;35.1244;28.7291
2020-04-24T00:00:00;19.2779;29.6844;35.0901
2020-04-24T01:00:00;22.8242;29.4154;45.9738
2020-04-24T02:00:00;36.2912;37.957;40.978
2020-04-24T03:00:00;30.9604;29.8979;39.081
2020-04-24T04:00:00;19.7353;30.3784;37.9534
2020-04-24T05:00:00;27.2379;32.4211;34.1728
2020-04-24T06:00:00;19.8424;29.511;27.2296
2020-04-24T07:00:00;21.7713;34.2148;48.2654
2020-04-24T08:00:00;42.1131;48.1593;43.2812
2020-04-24T09:00:00;48.6096;53.3176;62.5859
2020-04-24T10:00:00;53.0109;68.937;71.6527
2020-04-24T11:00:00;49.3635;68.5833;75.3333
2020-04-24T12:00:00;53.5999;65.0648;92.5076
2020-04-24T13:00:00;59.5735;73.4262;92.8588
2020-04-24T14:00:00;57.7822;71.3202;88.9011
2020-04-24T15:00:00;52.4656;74.5894;77.0241
2020-04-24T16:00:00;43.6175;62.0187;87.1763
2020-04-24T17:00:00;48.35;60.6692;74.7658
2020-04-24T18:00:00;48.2042;53.0159;59.5038
2020-04-24T19:00:00;31.0276;46.5619;55.6869
2020-04-24T20:00:00;33.847;33.8905;50.7726
2020-04-24T21:00:00;25.6577;32.8796;33.0056
2020-04-24T22:00:00;27.7507;32.0898;36.7027
2020-04-24T23:00:00;28.3599;36.4261;37.5824
2020-04-25T00:00:00;20.5277;29.9499;30.4957
2020-04-25T01:00:00;15.9152;27.9408;34.6495
2020-04-25T02:00:00;21.3324;33.9465;30.8727
2020-04-25T03:00:00;28.4456;26.029;40.3433
2020-04-25T04:00:00;21.29;35.4249;31.4597
2020-04-25T05:00:00;20.5298;35.4142;37.459
2020-04-25T06:00:00;14.8932;36.2864;29.0492
2020-04-25T07:00:00;39.4164;40.1996;40.3126
2020-04-25T08:00:00;41.1441;43.837;49.614
2020-04-25T09:00:00;46.6586;54.0573;62.7658
2020-04-25T10:00:00;52.6193;61.6261;72.5729
2020-04-25T11:00:00;54.5964;61.8403;79.393
2020-04-25T12:00:00;53.2122;74.7078;72.7895
2020-04-25T13:00:00;55.0059;72.6813;82.8939
2020-04-25T14:00:00;53.6869;65.3198;79.9842
2020-04-25T15:00:00;67.6075;77.4566;84.3216
2020-04-25T16:00:00;54.4924;65.128;76.231
2020-04-25T17:00:00;45.4616;54.2553;71.2668
2020-04-25T18:00:00;45.1366;49.3601;60.4889
2020-04-25T19:00:00;31.9612;53.7084;64.1466
2020-04-25T20:00:00;38.1757;47.4414;39.5619
2020-04-25T21:00:00;20.6947;35.0474;34.0013
2020-04-25T22:00:00;26.5054;36.5965;36.538
2020-04-25T23:00:00;29.3299;36.0831;34.7432
2020-04-26T00:00:00;25.9238;32.7846;32.1803
2020-04-26T01:00:00;24.4723;31.6452;26.9416
2020-04-26T02:00:00;24.054;32.6993;32.5425
2020-04-26T03:00:00;23.7178;33.6801;31.2031
2020-04-26T04:00:00;21.1165;26.292;44.3961
2020-04-26T05:00:00;21.7526;33.6598;47.3235
2020-04-26T06:00:00;31.398;37.2931;35.746
2020-04-26T07:00:00;30.1105;37.2846;38.956
2020-04-26T08:00:00;33.0866;44.7032;59.2136
2020-04-26T09:00:00;40.2276;55.8941;59.3083
2020-04-26T10:00:00;53.2825;56.4775;68.9251
2020-04-26T11:00:00;55.0908;58.0569;74.425
2020-04-26T12:00:00;57.2355;73.7809;79.1482
2020-04-26T13:00:00;54.5371;67.5261;81.9634
2020-04-26T14:00:00;58.6915;69.8731;77.1695
2020-04-26T15:00:00;51.216;64.9916;78.1406
2020-04-26T16:00:00;50.4147;71.0248;82.6689
2020-04-26T17:00:00;52.6297;63.9917;71.5032
2020-04-26T18:00:00;47.1805;52.3077;64.8403
2020-04-26T19:00:00;32.106;40.37;44.3621
2020-04-26T20:00:00;26.3755;36.5818;50.7187
2020-04-26T21:00:00;24.5435;32.8508;32.5724
2020-04-26T22:00:00;32.6307;30.9432;41.6198
2020-04-26T23:00:00;14.4222;30.5455;36.7714
2020-04-27T00:00:00;25.3917;31.0585;33.1897
2020-04-27T01:00:00;17.1198;33.794;27.6111
2020-04-27T02:00:00;20.8283;29.7907;46.8742
2020-04-27T03:00:00;22.1779;32.2501;40.0162
2020-04-27T04:00:00;21.8975;25.0654;40.3154
2020-04-27T05:00:00;21.331;42.7693;45.0941
2020-04-27T06:00:00;24.036;28.5807;37.1204
2020-04-27T07:00:00;27.9769;39.3344;52.7418
2020-04-27T08:00:00;29.7033;49.1018;53.1305
2020-04-27T09:00:00;46.7085;51.4575;67.9016
2020-04-27T10:00:00;51.545;59.7649;68.5205
2020-04-27T11:00:00;55.9287;64.6194;75.0499
2020-04-27T12:00:00;46.7301;63.4721;82.1357
2020-04-27T13:00:00;57.3193;71.9738;77.4001
2020-04-27T14:00:00;59.2046;61.5348;85.3842
2020-04-27T15:00:00;49.2778;76.8058;80.0909
2020-04-27T16:00:00;51.7587;68.6059;67.6314
2020-04-27T17:00:00;47.1993;62.9214;69.3826
2020-04-27T18:00:00;52.0199;44.8282;62.4884
2020-04-27T19:00:00;46.6381;42.3068;59.7875
2020-04-27T20:00:00;22.3314;45.2632;47.4058
2020-04-27T21:00:00;36.4696;50.7562;43.2374
2020-04-27T22:00:00;19.4239;35.9735;38.6005
2020-04-27T23:00:00;28.9034;35.1847;33.2302
2020-04-28T00:00:00;28.8525;32.6249;35.7082
2020-04-28T01:00:00;19.0215;25.7625;34.2598
2020-04-28T02:00:00;26.4663;34.9759;38.4399
2020-04-28T03:00:00;23.4623;24.494;36.2991
2020-04-28T04:00:00;26.7717;23.9471;32.8572
2020-04-28T05:00:00;25.1534;23.6324;36.043
2020-04-28T06:00:00;29.9817;34.8786;38.3059
2020-04-28T07:00:00;31.0302;38.0294;40.9477
2020-04-28T08:00:00;36.1762;46.7738;57.1084
2020-04-28T09:00:00;48.2894;53.4344;56.3203
2020-04-28T10:00:00;50.6826;54.0972;77.1988
2020-04-28T11:00:00;55.3719;61.2874;80.2051
2020-04-28T12:00:00;51.1109;64.9401;89.7971
2020-04-28T13:00:00;50.5984;62.7545;78.1541
2020-04-28T14:00:00;52.9861;67.2598;89.4043
2020-04-28T15:00:00;51.3297;62.6357;86.3296
2020-04-28T16:00:00;55.6438;67.5294;76.6581
2020-04-28T17:00:00;52.6606;63.0306;69.7877
2020-04-28T18:00:00;42.0335;47.0432;58.788
2020-04-28T19:00:00;44.1702;44.7863;48.7943
2020-04-28T20:00:00;37.4955;47.5968;42.2236
2020-04-28T21:00:00;25.217;25.0962;29.7211
2020-04-28T22:00:00;19.8905;32.1332;43.9786
2020-04-28T23:00:00;31.8769;30.5276;28.4897
2020-04-29T00:00:00;23.6949;35.4644;36.7445
2020-04-29T01:00:00;24.6308;31.4773;38.1785
2020-04-29T02:00:00;22.302;27.8435;37.7875
2020-04-29T03:00:00;19.551;30.3338;38.2264
2020-04-29T04:00:00;16.6568;30.4068;40.732
2020-04-29T05:00:00;27.1643;29.5415;33.7704
2020-04-29T06:00:00;20.083;23.4044;36.4378
2020-04-29T07:00:00;45.9508;44.5319;44.512
2020-04-29T08:00:00;31.5852;51.6016;62.036
2020-04-29T09:00:00;36.5222;48.2905;74.713
2020-04-29T10:00:00;50.3313;58.2222;65.7013
2020-04-29T11:00:00;59.3594;63.5156;67.4137
2020-04-29T12:00:00;54.7568;62.2597;84.4964
2020-04-29T13:00:00;58.6859;60.4469;89.0889
2020-04-29T14:00:00;46.607;66.4279;93.5219
2020-04-29T15:00:00;51.0463;66.2602;85.3402
2020-04-29T16:00:00;46.3447;57.4348;84.5481
2020-04-29T17:00:00;38.3054;60.6107;79.9713
2020-04-29T18:00:00;43.394;59.3257;71.5376
2020-04-29T19:00:00;25.8014;50.48;59.9292
2020-04-29T20:00:00;24.0422;37.683;39.5687
2020-04-29T21:00:00;21.314;20.7979;35.9582
2020-04-29T22:00:00;19.8436;33.5785;37.5002
2020-04-29T23:00:00;25.982;30.732;35.501
2020-04-30T00:00:00;25.5279;32.1218;35.8095
2020-04-30T01:00:00;28.469;39.6805;43.8361
2020-04-30T02:00:00;27.7619;25.8759;32.2158
2020-04-30T03:00:00;29.7041;15.6259;39.9953
2020-04-30T04:00:00;23.9904;24.7327;37.5822
2020-04-30T05:00:00;25.5173;32.4302;31.7123
2020-04-30T06:00:00;26.5576;30.1346;30.617
2020-04-30T07:00:00;31.3615;32.2383;37.4732
2020-04-30T08:00:00;35.0296;39.1709;57.9512
2020-04-30T09:00:00;41.1469;51.7384;63.8975
2020-04-30T10:00:00;43.6928;53.4953;67.5421
2020-04-30T11:00:00;53.8209;67.2442;68.1887
2020-04-30T12:00:00;53.9637;65.9851;83.8143
2020-04-30T13:00:00;52.5088;66.6453;82.8684
2020-04-30T14:00:00;52.5135;65.9895;80.1686
2020-04-30T15:00:00;48.3818;69.3579;76.8305
2020-04-30T16:00:00;56.607;64.8541;76.3763
2020-04-30T17:00:00;48.1737;60.7356;74.0209
2020-04-30T18:00:00;38.4951;54.4121;62.5638
2020-04-30T19:00:00;41.0583;45.9085;49.5807
2020-04-30T20:00:00;27.8509;33.1508;45.6891
2020-04-30T21:00:00;16.9675;26.3481;41.2277
2020-04-30T22:00:00;29.1061;28.0266;36.2013
2020-04-30T23:00:00;21.3145;40.326;36.3421
2020-05-01T00:00:00;21.9555;23.2558;34.3717
2020-05-01T01:00:00;24.2059;27.9051;31.5517
2020-05-01T02:00:00;29.7129;30.4913;31.3855
2020-05-01T03:00:00;24.1002;28.4833;27.6907
2020-05-01T04:00:00;18.0044;35.3698;41.9061
2020-05-01T05:00:00;26.7194;28.4575;38.3123
2020-05-01T06:00:00;21.5751;28.8273;36.4124
2020-05-01T07:00:00;40.0928;42.3896;47.4577
2020-05-01T08:00:00;37.01;55.323;57.221
2020-05-01T09:00:00;31.634;60.5489;60.541
2020-05-01T10:00:00;49.5675;59.0425;70.0446
2020-05-01T11:00:00;61.4358;64.3934;75.1982
2020-05-01T12:00:00;62.3134;68.2759;94.2078
2020-05-01T13:00:00;64.9795;70.5159;88.8381
2020-05-01T14:00:00;50.7259;65.5441;84.5765
2020-05-01T15:00:00;58.9946;72.7252;88.4806
2020-05-01T16:00:00;48.1028;65.6741;83.7677
2020-05-01T17:00:00;48.9021;59.5015;64.7683
2020-05-01T18:00:00;36.4444;47.1557;63.0994
2020-05-01T19:00:00;33.7933;46.5809;55.4417
2020-05-01T20:00:00;27.2719;28.8504;49.0374
2020-05-01T21:00:00;28.4928;27.0918;34.88
2020-05-01T22:00:00;28.0036;27.1845;35.5073
2020-05-01T23:00:00;25.3841;31.435;33.6933
2020-05-02T00:00:00;17.2479;39.3993;41.2447
2020-05-02T01:00:00;22.4418;32.8595;28.7833
2020-05-02T02:00:00;20.2694;37.242;33.8632
2020-05-02T03:00:00;28.3484;33.2261;26.7816
2020-05-02T04:00:00;29.8909;35.6253;30.8518
2020-05-02T05:00:00;29.2819;39.2856;37.5859
2020-05-02T06:00:00;20.2239;26.3408;37.6808
2020-05-02T07:00:00;16.9555;34.3309;44.4138
2020-05-02T08:00:00;28.1808;49.6135;61.1433
2020-05-02T09:00:00;49.9173;53.493;70.9839
2020-05-02T10:00:00;45.7744;60.8276;71.3248
2020-05-02T11:00:00;47.9592;63.3977;78.8214
2020-05-02T12:00:00;62.6471;65.061;79.388
2020-05-02T13:00:00;62.1505;77.8847;86.8715
2020-05-02T14:00:00;55.9469;64.2816;77.7667
2020-05-02T15:00:00;52.9668;71.4742;90.6299
2020-05-02T16:00:00;51.0523;67.2622;83.2691
2020-05-02T17:00:00;48.9164;51.8307;65.6763
2020-05-02T18:00:00;50.8094;49.3575;60.2686
2020-05-02T19:00:00;39.1279;42.956;57.6296
2020-05-02T20:00:00;34.2833;41.1394;44.2885
2020-05-02T21:00:00;29.8464;28.1648;38.723
2020-05-02T22:00:00;18.1516;29.5721;34.203
2020-05-02T23:00:00;27.7743;22.7118;43.6241
2020-05-03T00:00:00;22.5272;41.6296;36.0415
2020-05-03T01:00:00;11.4195;30.356;48.1028
2020-05-03T02:00:00;13.3592;32.495;39.0134
2020-05-03T03:00:00;18.9094;27.2969;29.253
2020-05-03T04:00:00;26.6561;26.7369;46.4325
2020-05-03T05:00:00;24.569;39.5634;41.4934
2020-05-03T06:00:00;24.9218;20.4164;37.9007
2020-05-03T07:00:00;40.4079;39.7097;49.2129
2020-05-03T08:00:00;30.6701;40.2119;49.5781
2020-05-03T09:00:00;42.672;51.4864;55.1918
2020-05-03T10:00:00;49.3028;56.5353;71.4622
2020-05-03T11:00:00;48.0314;59.7111;84.4631
2020-05-03T12:00:00;54.5754;68.2195;83.6293
2020-05-03T13:00:00;47.825;56.9407;92.2829
2020-05-03T14:00:00;62.8742;68.2034;90.3432
2020-05-03T15:00:00;51.0257;67.5908;81.7538
2020-05-03T16:00:00;61.8698;57.8446;83.488
2020-05-03T17:00:00;47.6183;67.2919;79.2839
2020-05-03T18:00:00;47.9494;50.5391;63.8128
2020-05-03T19:00:00;36.7491;45.082;54.4545
2020-05-03T20:00:00;30.4995;35.3554;46.682
2020-05-03T21:00:00;21.0799;29.5922;23.9405
2020-05-03T22:00:00;24.5956;36.5407;37.4022
2020-05-03T23:00:00;25.59;42.3651;39.6022
2020-05-04T00:00:00;20.0787;33.7282;36.7226
2020-05-04T01:00:00;23.3748;35.44;37.7234
2020-05-04T02:00:00;20.9495;38.5821;35.7826
2020-05-04T03:00:00;35.4983;31.2444;26.0149
2020-05-04T04:00:00;23.5513;37.8513;44.313
2020-05-04T05:00:00;31.7262;33.962;34.1609
2020-05-04T06:00:00;23.0219;30.7199;32.9111
2020-05-04T07:00:00;31.9496;40.0682;52.7697
2020-05-04T08:00:00;30.4088;37.1624;60.4169
2020-05-04T09:00:00;40.5738;54.972;65.579
2020-05-04T10:00:00;48.8333;52.0071;75.5178
2020-05-04T11:00:00;59.6428;56.5147;71.7943
2020-05-04T12:00:00;55.5437;69.0067;81.2462
2020-05-04T13:00:00;62.7433;64.2105;90.211
2020-05-04T14:00:00;59.0283;69.7453;80.3513
2020-05-04T15:00:00;62.5708;68.7344;76.659
2020-05-04T16:00:00;51.4176;65.5563;77.9622
2020-05-04T17:00:00;59.7317;55.2052;72.1812
2020-05-04T18:00:00;40.3821;58.0048;67.4516
2020-05-04T19:00:00;33.1833;45.8233;48.6326
2020-05-04T20:00:00;24.6029;40.5218;33.2329
2020-05-04T21:00:00;35.6551;24.0178;40.6062
2020-05-04T22:00:00;28.0972;29.1084;30.5851
2020-05-04T23:00:00;22.3294;35.4865;32.95
2020-05-05T00:00:00;30.2451;34.8509;25.0838
2020-05-05T01:00:00;27.4385;26.0135;41.1146
2020-05-05T02:00:00;33.8306;27.2722;37.7517
2020-05-05T03:00:00;16.2608;25.0566;37.551
2020-05-05T04:00:00;22.6732;26.7179;37.5173
2020-05-05T05:00:00;21.6874;23.0047;25.6992
2020-05-05T06:00:00;14.1316;29.3091;31.0742
2020-05-05T07:00:00;35.9548;41.4822;43.7211
2020-05-05T08:00:00;35.6636;42.3442;51.7796
2020-05-05T09:00:00;46.5073;53.0584;62.8561
2020-05-05T10:00:00;59.5795;58.6233;72.902
2020-05-05T11:00:00;49.9466;69.9166;82.6014
2020-05-05T12:00:00;52.328;64.9843;74.2497
2020-05-05T13:00:00;56.418;66.9048;83.6929
2020-05-05T14:00:00;60.7609;65.5508;87.2948
2020-05-05T15:00:00;51.6002;62.3547;77.0303
2020-05-05T16:00:00;48.558;67.2869;76.6051
2020-05-05T17:00:00;53.0666;59.0502;74.0037
2020-05-05T18:00:00;44.7023;53.7855;64.2697
2020-05-05T19:00:00;26.7919;52.6427;58.8943
2020-05-05T20:00:00;24.5262;44.9769;46.4533
2020-05-05T21:00:00;31.5062;21.7688;34.4407
2020-05-05T22:00:00;26.0096;33.2392;30.1365
2020-05-05T23:00:00;20.189;31.1282;37.2358
2020-05-06T00:00:00;23.148;27.692;36.4999
2020-05-06T01:00:00;24.0662;31.6384;31.0358
2020-05-06T02:00:00;27.6787;21.3681;38.9103
2020-05-06T03:00:00;17.2087;37.3132;42.3396
2020-05-06T04:00:00;19.7953;32.5747;32.6995
2020-05-06T05:00:00;25.3648;25.674;32.3618
2020-05-06T06:00:00;23.5008;27.0729;32.1793
2020-05-06T07:00:00;33.5125;29.8007;37.5865
2020-05-06T08:00:00;30.868;44.6997;65.5458
2020-05-06T09:00:00;44.5948;51.0978;61.9693
2020-05-06T10:00:00;53.2386;53.1002;67.3787
2020-05-06T11:00:00;54.1469;68.5245;71.9353
2020-05-06T12:00:00;55.1294;74.4262;79.7109
2020-05-06T13:00:00;55.3453;69.6441;80.261
2020-05-06T14:00:00;51.6504;68.2526;90.9274
2020-05-06T15:00:00;54.0738;70.2172;75.407
2020-05-06T16:00:00;58.0113;64.5428;69.8765
2020-05-06T17:00:00;47.1855;54.3149;74.4299
2020-05-06T18:00:00;38.3601;50.248;63.6777
2020-05-06T19:00:00;34.5543;44.7873;54.4086
2020-05-06T20:00:00;31.6574;39.5574;48.7779
2020-05-06T21:00:00;22.1324;30.0467;36.6836
2020-05-06T22:00:00;26.4265;31.0518;35.7659
2020-05-06T23:00:00;26.6142;22.3759;28.9718
2020-05-07T00:00:00;28.4449;33.3261;27.6595
2020-05-07T01:00:00;31.1178;30.0171;32.4979
2020-05-07T02:00:00;28.9793;42.7635;30.5782
2020-05-07T03:00:00;19.3288;28.0618;37.346
2020-05-07T04:00:00;19.4823;31.6173;27.0064
2020-05-07T05:00:00;23.6211;44.1461;33.7642
2020-05-07T06:00:00;21.7441;30.9705;35.1346
2020-05-07T07:00:00;24.9615;37.9783;45.7815
2020-05-07T08:00:00;34.8071;41.3349;57.5182
2020-05-07T09:00:00;40.4366;61.1527;62.581
2020-05-07T10:00:00;44.4214;53.9303;68.3335
2020-05-07T11:00:00;50.1339;66.7766;83.7916
2020-05-07T12:00:00;60.3261;65.6745;80.0505
2020-05-07T13:00:00;56.8209;68.8342;90.8327
2020-05-07T14:00:00;68.1837;62.6612;82.1114
2020-05-07T15:00:00;55.2863;74.7579;81.5694
2020-05-07T16:00:00;50.2625;63.252;76.8755
2020-05-07T17:00:00;47.8013;53.6503;72.827
2020-05-07T18:00:00;44.0916;59.7749;62.1145
2020-05-07T19:00:00;39.1918;43.7488;56.004
2020-05-07T20:00:00;41.0367;39.9895;53.6338
2020-05-07T21:00:00;19.7734;34.2071;41.2443
2020-05-07T22:00:00;28.2952;32.3702;41.2787
2020-05-07T23:00:00;25.0388;19.0168;29.2903
2020-05-08T00:00:00;16.1445;33.4768;30.0994
2020-05-08T01:00:00;27.8535;29.4969;37.0888
2020-05-08T02:00:00;30.3381;28.3549;39.8537
2020-05-08T03:00:00;19.7141;29.4546;33.4043
2020-05-08T04:00:00;23.9553;21.9498;32.5121
2020-05-08T05:00:00;15.3732;30.9609;42.9692
2020-05-08T06:00:00;17.706;23.178;39.4294
2020-05-08T07:00:00;35.8933;36.8873;51.2697
2020-05-08T08:00:00;34.6835;47.0508;53.3161
2020-05-08T09:00:00;37.2651;58.8816;61.6136
2020-05-08T10:00:00;48.9279;55.6277;76.4154
2020-05-08T11:00:00;49.1008;71.899;76.2556
2020-05-08T12:00:00;52.0797;72.7765;78.5964
2020-05-08T13:00:00;59.5213;67.6338;79.1711
2020-05-08T14:00:00;50.016;64.2371;81.1806
2020-05-08T15:00:00;49.907;60.8232;86.0261
2020-05-08T16:00:00;52.4832;65.9998;70.0209
2020-05-08T17:00:00;52.6277;56.0394;74.8162
2020-05-08T18:00:00;48.9999;59.5082;60.6726
2020-05-08T19:00:00;33.6903;42.8718;54.4719
2020-05-08T20:00:00;35.3401;33.8131;45.2485
2020-05-08T21:00:00;20.0793;31.1681;34.8963
2020-05-08T22:00:00;33.131;26.5698;34.5644
2020-05-08T23:00:00;18.3311;30.0427;33.7782
2020-05-09T00:00:00;30.6424;34.9299;33.1429
2020-05-09T01:00:00;20.7176;30.5861;42.5989
2020-05-09T02:00:00;34.0662;30.6048;36.1252
2020-05-09T03:00:00;26.9566;31.0257;35.3703
2020-05-09T04:00:00;18.9199;21.5345;32.7767
2020-05-09T05:00:00;21.3888;31.9592;33.9603
2020-05-09T06:00:00;27.9059;30.7997;32.7941
2020-05-09T07:00:00;35.9164;42.781;49.8065
2020-05-09T08:00:00;36.662;49.2985;51.7554
2020-05-09T09:00:00;43.0324;52.5017;52.9825
2020-05-09T10:00:00;51.5724;64.8878;71.9625
2020-05-09T11:00:00;52.3718;63.1779;76.1723
2020-05-09T12:00:00;47.9663;69.278;78.7218
2020-05-09T13:00:00;51.7598;68.2251;88.2948
2020-05-09T14:00:00;57.0003;72.0897;70.0695
2020-05-09T15:00:00;60.5112;66.1598;89.5319
2020-05-09T16:00:00;59.7927;72.8788;82.8426
2020-05-09T17:00:00;51.6783;69.8126;68.5307
2020-05-09T18:00:00;44.2456;57.8811;61.9598
2020-05-09T19:00:00;40.7596;53.9759;58.0453
2020-05-09T20:00:00;27.3194;30.6204;48.6358
2020-05-09T21:00:00;23.2338;22.8931;32.8306
2020-05-09T22:00:00;19.8793;28.3922;27.9161
2020-05-09T23:00:00;17.7563;30.2062;46.5685
2020-05-10T00:00:00;25.6677;29.009;40.7806
2020-05-10T01:00:00;24.9276;21.7893;36.7843
2020-05-10T02:00:00;27.4383;35.758;36.8789
2020-05-10T03:00:00;26.7306;40.771;39.1066
2020-05-10T04:00:00;25.2132;36.4049;39.7053
2020-05-10T05:00:00;26.7831;35.4276;25.5682
2020-05-10T06:00:00;23.7866;31.1306;34.2456
2020-05-10T07:00:00;32.7176;34.1015;43.7056
2020-05-10T08:00:00;33.3849;46.6321;54.7162
2020-05-10T09:00:00;44.6577;64.0394;68.0677
2020-05-10T10:00:00;51.1227;57.9659;62.7206
2020-05-10T11:00:00;48.3644;62.3662;70.8235
2020-05-10T12:00:00;54.693;73.5788;78.242
2020-05-10T13:00:00;52.7067;75.6493;84.5088
2020-05-10T14:00:00;53.1922;65.5414;87.8977
2020-05-10T15:00:00;48.8092;66.7348;89.8073
2020-05-10T16:00:00;58.0417;62.1315;76.1374
2020-05-10T17:00:00;53.1091;60.0742;75.8234
2020-05-10T18:00:00;45.4963;59.0298;67.7645
2020-05-10T19:00:00;46.8766;42.2493;58.2317
2020-05-10T20:00:00;29.7069;43.7648;45.8584
2020-05-10T21:00:00;39.1588;30.5083;34.0023
2020-05-10T22:00:00;22.8624;41.631;30.673
2020-05-10T23:00:00;25.276;31.5942;30.342
2020-05-11T00:00:00;22.0111;29.5154;37.7354
2020-05-11T01:00:00;25.8616;32.8736;35.7279
2020-05-11T02:00:00;28.1781;28.3143;33.9225
2020-05-11T03:00:00;23.4304;21.0236;39.324
2020-05-11T04:00:00;32.8836;28.7974;34.9976
2020-05-11T05:00:00;25.1957;28.7185;31.4341
2020-05-11T06:00:00;25.3524;22.0384;34.6675
2020-05-11T07:00:00;26.1082;37.9513;50.0829
2020-05-11T08:00:00;39.1081;35.9339;50.4058
2020-05-11T09:00:00;42.139;51.773;65.2601
2020-05-11T10:00:00;44.7394;60.9438;71.3938
2020-05-11T11:00:00;47.8304;65.126;73.7652
2020-05-11T12:00:00;67.7926;65.9869;80.184
2020-05-11T13:00:00;54.5073;69.3532;75.8786
2020-05-11T14:00:00;48.5398;65.8606;84.2853
2020-05-11T15:00:00;50.9427;68.0963;74.827
2020-05-11T16:00:00;51.455;64.9314;82.9314
2020-05-11T17:00:00;50.514;55.2245;71.2111
2020-05-11T18:00:00;45.5831;54.8499;61.3546
2020-05-11T19:00:00;40.3986;47.5767;61.3262
2020-05-11T20:00:00;27.4289;37.4854;40.8205
2020-05-11T21:00:00;25.7022;42.1052;32.2616
2020-05-11T22:00:00;19.6197;29.2965;26.8538
2020-05-11T23:00:00;20.9018;28.6038;42.5475
2020-05-12T00:00:00;19.4115;27.888;45.3643
2020-05-12T01:00:00;18.0581;25.1453;27.632
2020-05-12T02:00:00;29.321;33.4295;31.9211
2020-05-12T03:00:00;27.4431;26.5688;36.3491
2020-05-12T04:00:00;28.8833;27.1603;33.4215
2020-05-12T05:00:00;24.1966;27.3088;35.8434
2020-05-12T06:00:00;27.884;25.0753;35.412
2020-05-12T07:00:00;21.8467;29.5611;48.0175
2020-05-12T08:00:00;41.331;43.9548;50.7185
2020-05-12T09:00:00;43.6947;57.8781;65.177
2020-05-12T10:00:00;50.9162;60.7107;66.0903
2020-05-12T11:00:00;53.6129;72.4439;75.5099
2020-05-12T12:00:00;49.4985;71.797;72.967
2020-05-12T13:00:00;48.3345;72.4007;81.7143
2020-05-12T14:00:00;52.2644;79.1941;80.8734
2020-05-12T15:00:00;57.2584;67.5565;86.3686
2020-05-12T16:00:00;55.1633;64.9564;77.2729
2020-05-12T17:00:00;40.9409;59.6685;72.2835
2020-05-12T18:00:00;37.9036;61.2303;64.1014
2020-05-12T19:00:00;33.3994;46.282;44.8778
2020-05-12T20:00:00;28.8666;35.0751;35.995
2020-05-12T21:00:00;17.1897;32.9384;34.4066
2020-05-12T22:00:00;16.8897;25.9187;37.3928
2020-05-12T23:00:00;19.8908;32.6674;34.8257
2020-05-13T00:00:00;24.4313;32.0692;31.6797
2020-05-13T01:00:00;18.097;29.053;34.7984
2020-05-13T02:00:00;23.421;32.8291;34.3646
2020-05-13T03:00:00;29.2928;22.5611;39.895
2020-05-13T04:00:00;17.4911;30.8148;39.6151
2020-05-13T05:00:00;22.9678;27.6862;33.2329
2020-05-13T06:00:00;29.1238;44.3113;35.7504
2020-05-13T07:00:00;28.5618;39.0956;47.3608
2020-05-13T08:00:00;34.1472;43.2875;57.6466
2020-05-13T09:00:00;48.6266;46.6199;72.4767
2020-05-13T10:00:00;46.2496;66.2528;71.5302
2020-05-13T11:00:00;57.2353;62.8909;83.4129
2020-05-13T12:00:00;56.5786;64.0855;75.8503
2020-05-13T13:00:00;54.1105;71.4624;80.5487
2020-05-13T14:00:00;58.2232;73.0295;73.0579
2020-05-13T15:00:00;56.0361;71.212;82.4072
2020-05-13T16:00:00;56.8172;64.7398;80.8068
2020-05-13T17:00:00;45.0389;60.5217;58.894
2020-05-13T18:00:00;43.0152;54.6716;65.1551
2020-05-13T19:00:00;36.708;47.9514;58.5444
2020-05-13T20:00:00;34.1739;40.4409;48.7159
2020-05-13T21:00:00;18.8741;35.4723;30.0207
2020-05-13T22:00:00;29.0849;30.2821;39.8656
2020-05-13T23:00:00;26.3316;25.916;36.0465
2020-05-14T00:00:00;17.4154;29.2785;38.9552
2020-05-14T01:00:00;30.0413;33.7689;35.3707
2020-05-14T02:00:00;35.1705;21.0674;37.9052
2020-05-14T03:00:00;29.0092;21.0962;41.5462
2020-05-14T04:00:00;31.1349;34.5914;34.9799
2020-05-14T05:00:00;24.4269;37.6006;37.4205
2020-05-14T06:00:00;15.6925;23.674;42.2488
2020-05-14T07:00:00;21.4326;38.8188;45.3136
2020-05-14T08:00:00;38.291;44.2717;49.8964
2020-05-14T09:00:00;39.8492;52.2073;67.5939
2020-05-14T10:00:00;43.2078;61.2534;78.8453
2020-05-14T11:00:00;51.3991;58.1767;84.0131
2020-05-14T12:00:00;57.5117;62.5062;85.2257
2020-05-14T13:00:00;48.5609;68.2746;72.0163
2020-05-14T14:00:00;53.5803;69.054;80.5579
2020-05-14T15:00:00;61.9832;62.4125;78.7277
2020-05-14T16:00:00;46.3364;68.5893;77.7936
2020-05-14T17:00:00;52.1294;57.638;80.1123
2020-05-14T18:00:00;40.3855;51.4023;58.811
2020-05-14T19:00:00;39.7445;47.6828;66.7344
2020-05-14T20:00:00;36.1398;37.6719;44.0681
2020-05-14T21:00:00;27.7064;34.1874;32.1655
2020-05-14T22:00:00;28.5458;25.3329;40.226
2020-05-14T23:00:00;18.242;23.0131;40.6215
2020-05-15T00:00:00;29.5683;28.4511;39.2497
2020-05-15T01:00:00;19.7365;30.3012;32.1527
2020-05-15T02:00:00;25.2977;23.7962;38.5101
2020-05-15T03:00:00;25.2912;23.0612;30.8322
2020-05-15T04:00:00;26.4256;30.9115;32.0138
2020-05-15T05:00:00;25.6848;26.2111;35.5256
2020-05-15T06:00:00;19.781;22.7374;31.9002
2020-05-15T07:00:00;23.9038;43.1432;51.2435
2020-05-15T08:00:00;41.3773;43.1105;52.6325
2020-05-15T09:00:00;43.7383;59.2605;63.1114
2020-05-15T10:00:00;53.5275;59.8681;67.27
2020-05-15T11:00:00;51.4891;66.1148;82.7573
2020-05-15T12:00:00;47.408;66.9848;78.3201
2020-05-15T13:00:00;60.6553;56.5051;89.4471
2020-05-15T14:00:00;53.9728;64.0969;89.0798
2020-05-15T15:00:00;56.1438;67.4137;79.421
2020-05-15T16:00:00;48.4755;66.4647;77.7176
2020-05-15T17:00:00;56.0021;50.7774;69.3024
2020-05-15T18:00:00;38.4263;53.2434;66.9423
2020-05-15T19:00:00;35.3284;40.6581;54.551
2020-05-15T20:00:00;31.1904;39.4896;43.8924
2020-05-15T21:00:00;18.5391;29.903;36.2309
2020-05-15T22:00:00;25.6526;33.7175;28.0889
2020-05-15T23:00:00;32.0596;35.3341;35.6208
2020-05-16T00:00:00;21.5477;32.2949;39.2481
2020-05-16T01:00:00;25.9757;34.302;36.6903
2020-05-16T02:00:00;10.2528;28.2483;40.7583
2020-05-16T03:00:00;23.8054;44.1156;34.1135
2020-05-16T04:00:00;22.4348;23.9059;33.7035
2020-05-16T05:00:00;19.9075;27.3612;30.4134
2020-05-16T06:00:00;29.4073;34.5068;33.9713
2020-05-16T07:00:00;29.022;42.0801;55.8092
2020-05-16T08:00:00;36.1282;48.7064;56.9011
2020-05-16T09:00:00;40.9232;56.888;61.286
2020-05-16T10:00:00;38.1966;49.308;66.6402
2020-05-16T11:00:00;46.0529;72.5875;69.5766
2020-05-16T12:00:00;59.2393;67.0228;77.4987
2020-05-16T13:00:00;45.2749;76.0103;87.533
2020-05-16T14:00:00;51.9931;59.6132;81.6019
2020-05-16T15:00:00;52.4352;69.3251;76.8599
2020-05-16T16:00:00;60.4309;61.8235;73.3283
2020-05-16T17:00:00;51.6237;62.5864;74.9184
2020-05-16T18:00:00;40.0233;55.0968;63.8074
2020-05-16T19:00:00;43.5381;48.0997;52.3873
2020-05-16T20:00:00;26.9506;33.0218;44.4378
2020-05-16T21:00:00;29.0455;29.7152;47.0294
2020-05-16T22:00:00;17.2056;29.0992;42.0981
2020-05-16T23:00:00;29.3663;32.4766;43.3431
2020-05-17T00:00:00;21.9693;34.9465;27.2395
2020-05-17T01:00:00;18.8575;30.7524;35.2445
2020-05-17T02:00:00;22.9143;23.6191;32.7761
2020-05-17T03:00:00;25.3867;30.5379;38.7192
2020-05-17T04:00:00;21.5263;43.0554;41.299
2020-05-17T05:00:00;26.7698;38.23;37.6321
2020-05-17T06:00:00;21.085;15.128;31.6376
2020-05-17T07:00:00;33.755;38.6332;42.6747
2020-05-17T08:00:00;39.2267;50.9301;58.6262
2020-05-17T09:00:00;42.5045;52.5998;67.8141
2020-05-17T10:00:00;45.5737;57.4253;72.3757
2020-05-17T11:00:00;52.4705;63.3062;78.2182
2020-05-17T12:00:00;57.1851;70.8032;81.9013
2020-05-17T13:00:00;66.1337;64.0385;85.0825
2020-05-17T14:00:00;60.5218;75.7243;87.3169
2020-05-17T15:00:00;59.3138;67.7623;84.8015
2020-05-17T16:00:00;67.1554;59.9659;77.6871
2020-05-17T17:00:00;50.3604;65.3475;71.4257
2020-05-17T18:00:00;45.2323;45.7858;63.7772
2020-05-17T19:00:00;40.5356;43.4934;51.6217
2020-05-17T20:00:00;25.6083;35.4581;42.0146
2020-05-17T21:00:00;21.7805;40.7197;38.7198
2020-05-17T22:00:00;21.4692;26.5749;32.4357
2020-05-17T23:00:00;27.2381;19.2252;40.0697
2020-05-18T00:00:00;23.1291;27.0909;35.7433
2020-05-18T01:00:00;24.6911;32.2778;40.098
2020-05-18T02:00:00;29.4373;33.9204;39.1848
2020-05-18T03:00:00;28.3158;41.3827;40.2146
2020-05-18T04:00:00;23.1914;37.0345;33.6182
2020-05-18T05:00:00;20.65;30.9396;38.0445
2020-05-18T06:00:00;29.6764;25.5429;39.6894
2020-05-18T07:00:00;34.5226;46.4366;38.2231
2020-05-18T08:00:00;28.9843;44.4266;64.0318
2020-05-18T09:00:00;41.2434;50.2206;75.5435
2020-05-18T10:00:00;48.6082;57.6404;76.4074
2020-05-18T11:00:00;55.607;58.3796;81.5986
2020-05-18T12:00:00;58.9843;65.7172;84.5945
2020-05-18T13:00:00;57.2442;68.6153;82.1199
2020-05-18T14:00:00;58.7509;73.4342;83.1862
2020-05-18T15:00:00;54.7545;66.1018;86.4727
2020-05-18T16:00:00;48.3436;58.3037;72.7031
2020-05-18T17:00:00;46.4743;51.7069;66.3674
2020-05-18T18:00:00;42.9041;54.5593;62.227
2020-05-18T19:00:00;36.8422;46.6326;58.8046
2020-05-18T20:00:00;21.2253;35.5449;41.6501
2020-05-18T21:00:00;22.0126;27.6627;34.8729
2020-05-18T22:00:00;24.281;31.9424;35.4666
2020-05-18T23:00:00;22.5932;36.9527;30.9407
2020-05-19T00:00:00;22.7659;26.0993;23.8012
2020-05-19T01:00:00;26.44;30.4445;30.8674
2020-05-19T02:00:00;18.6052;34.7914;37.3044
2020-05-19T03:00:00;15.8598;26.1194;38.4307
2020-05-19T04:00:00;22.2592;29.9218;38.4718
2020-05-19T05:00:00;27.8206;29.81;39.0479
2020-05-19T06:00:00;32.4378;23.4435;32.868
2020-05-19T07:00:00;34.5638;39.159;41.7767
2020-05-19T08:00:00;29.6743;46.4272;57.3986
2020-05-19T09:00:00;41.6473;56.2868;63.1549
2020-05-19T10:00:00;49.0638;53.7914;76.2063
2020-05-19T11:00:00;52.6008;64.6909;79.4761
2020-05-19T12:00:00;57.1303;74.9509;88.0698
2020-05-19T13:00:00;51.2395;80.1684;81.4094
2020-05-19T14:00:00;56.1494;76.1815;89.0747
2020-05-19T15:00:00;56.5354;62.1569;91.8241
2020-05-19T16:00:00;55.8412;66.8963;77.8379
2020-05-19T17:00:00;43.752;57.3101;74.1675
2020-05-19T18:00:00;41.0833;54.9309;59.5611
2020-05-19T19:00:00;23.4965;42.4084;59.9936
2020-05-19T20:00:00;27.5459;29.7491;51.6251
2020-05-19T21:00:00;21.3779;28.2774;33.5277
2020-05-19T22:00:00;18.9021;33.613;38.9308
2020-05-19T23:00:00;24.8281;31.44;37.4024
2020-05-20T00:00:00;23.7203;32.0147;37.9539
2020-05-20T01:00:00;12.7039;31.0818;40.0601
2020-05-20T02:00:00;25.0775;32.0226;38.5945
2020-05-20T03:00:00;19.3584;32.6476;35.3051
2020-05-20T04:00:00;26.4284;28.6266;40.1665
2020-05-20T05:00:00;17.5907;30.4145;41.5593
2020-05-20T06:00:00;24.15;38.7163;33.229
2020-05-20T07:00:00;29.2374;39.0266;45.9708
2020-05-20T08:00:00;38.5311;46.4823;46.6799
2020-05-20T09:00:00;43.4326;54.0258;67.1317
2020-05-20T10:00:00;46.5048;58.6363;77.7865
2020-05-20T11:00:00;44.0315;62.4642;76.2827
2020-05-20T12:00:00;47.0478;69.0857;82.3179
2020-05-20T13:00:00;52.9053;67.2523;82.6361
2020-05-20T14:00:00;55.7833;69.0533;81.8176
2020-05-20T15:00:00;51.3926;64.0897;82.8116
2020-05-20T16:00:00;54.8389;65.1811;73.648
2020-05-20T17:00:00;46.3845;62.6468;70.4946
2020-05-20T18:00:00;37.9841;52.4518;59.6909
2020-05-20T19:00:00;35.6251;36.2276;58.4687
2020-05-20T20:00:00;31.7825;41.2683;47.176
2020-05-20T21:00:00;25.6244;30.6009;33.8438
2020-05-20T22:00:00;33.3919;25.0338;36.1854
2020-05-20T23:00:00;20.6555;33.8664;34.8964
2020-05-21T00:00:00;23.6326;23.0079;41.7195
2020-05-21T01:00:00;26.1306;35.227;33.7949
2020-05-21T02:00:00;23.8829;29.7132;39.1752
2020-05-21T03:00:00;21.4969;18.6557;32.474
2020-05-21T04:00:00;16.2537;30.8916;40.0712
2020-05-21T05:00:00;21.4458;27.969;41.1865
2020-05-21T06:00:00;18.6315;27.2158;41.4225
2020-05-21T07:00:00;22.0201;34.6278;53.3348
2020-05-21T08:00:00;33.0372;45.6334;56.9856
2020-05-21T09:00:00;37.5737;51.0855;70.4034
2020-05-21T10:00:00;50.6996;50.4423;79.7919
2020-05-21T11:00:00;54.7183;71.0014;71.959
2020-05-21T12:00:00;49.9144;66.8205;78.6345
2020-05-21T13:00:00;54.5236;66.1212;76.2585
2020-05-21T14:00:00;46.5335;64.1388;89.0428
2020-05-21T15:00:00;51.9621;71.8959;74.1081
2020-05-21T16:00:00;53.7077;58.1489;68.67
2020-05-21T17:00:00;51.9053;60.3957;66.184
2020-05-21T18:00:00;39.2439;50.5932;55.5221
2020-05-21T19:00:00;42.2748;43.6424;56.8841
2020-05-21T20:00:00;23.0747;32.7987;40.557
2020-05-21T21:00:00;17.7619;26.8984;27.5486
2020-05-21T22:00:00;27.5483;30.0441;35.7906
2020-05-21T23:00:00;32.3556;31.1766;36.0856
2020-05-22T00:00:00;26.4672;26.072;26.6511
2020-05-22T01:00:00;23.7983;29.5453;32.4315
2020-05-22T02:00:00;13.0241;34.4423;35.6268
2020-05-22T03:00:00;13.8878;21.6869;34.2159
2020-05-22T04:00:00;24.647;29.9687;34.3526
2020-05-22T05:00:00;22.2097;25.2461;41.8964
2020-05-22T06:00:00;18.4708;24.7366;46.7327
2020-05-22T07:00:00;30.9808;39.6215;44.4133
2020-05-22T08:00:00;37.5912;43.5432;48.914
2020-05-22T09:00:00;47.5312;47.4274;63.0408
2020-05-22T10:00:00;48.4636;66.3472;72.6424
2020-05-22T11:00:00;57.8548;69.2415;77.3028
2020-05-22T12:00:00;54.4738;58.3807;84.7042
2020-05-22T13:00:00;55.248;62.4087;94.7966
2020-05-22T14:00:00;61.1463;72.7482;75.1714
2020-05-22T15:00:00;49.5416;66.6179;79.1153
2020-05-22T16:00:00;65.7851;72.1439;85.2749
2020-05-22T17:00:00;49.6569;62.8075;69.0607
2020-05-22T18:00:00;44.7133;55.0087;68.1612
2020-05-22T19:00:00;39.6411;41.1602;58.6779
2020-05-22T20:00:00;40.0389;40.7737;52.1642
2020-05-22T21:00:00;27.9625;23.6212;45.5667
2020-05-22T22:00:00;15.9747;36.5262;37.6654
2020-05-22T23:00:00;31.0174;32.1107;27.2709
2020-05-23T00:00:00;22.2955;25.8758;32.498
2020-05-23T01:00:00;24.5358;34.0234;46.9303
2020-05-23T02:00:00;17.6037;41.2076;28.929
2020-05-23T03:00:00;26.631;28.9119;38.484
2020-05-23T04:00:00;20.7431;32.7521;23.4275
2020-05-23T05:00:00;24.5008;27.8409;29.2439
2020-05-23T06:00:00;22.5795;30.4268;40.4347
2020-05-23T07:00:00;40.2782;30.7803;46.1596
2020-05-23T08:00:00;46.9269;46.2668;53.6411
2020-05-23T09:00:00;43.0417;53.7293;60.1419
2020-05-23T10:00:00;48.1005;68.7208;61.6882
2020-05-23T11:00:00;49.8456;55.666;81.0362
2020-05-23T12:00:00;59.9638;66.6378;80.235
2020-05-23T13:00:00;54.1801;76.2215;76.1277
2020-05-23T14:00:00;53.718;68.572;83.888
2020-05-23T15:00:00;59.3268;67.1856;84.557
2020-05-23T16:00:00;49.0213;60.4747;76.5659
2020-05-23T17:00:00;47.5919;55.0628;72.2509
2020-05-23T18:00:00;34.9026;44.3821;64.4043
2020-05-23T19:00:00;40.5365;43.1234;51.9894
2020-05-23T20:00:00;40.3575;33.3697;46.2511
2020-05-23T21:00:00;27.6061;30.5902;39.6761
2020-05-23T22:00:00;31.309;26.0617;41.1732
2020-05-23T23:00:00;19.7695;27.602;39.9536
2020-05-24T00:00:00;25.1816;27.739;32.6245
2020-05-24T01:00:00;19.2842;29.7592;39.1811
2020-05-24T02:00:00;22.8612;27.3574;38.3273
2020-05-24T03:00:00;27.8611;24.6911;32.4515
2020-05-24T04:00:00;24.5091;30.4288;33.6784
2020-05-24T05:00:00;16.9368;35.3374;39.3985
2020-05-24T06:00:00;17.4249;30.6423;42.8845
2020-05-24T07:00:00;23.7474;35.2674;36.9214
2020-05-24T08:00:00;39.4728;45.6537;63.7237
2020-05-24T09:00:00;53.1286;43.2582;70.0345
2020-05-24T10:00:00;54.5929;59.0288;72.6665
2020-05-24T11:00:00;42.2329;62.6392;76.3656
2020-05-24T12:00:00;61.5392;63.375;83.6029
2020-05-24T13:00:00;60.5067;66.0204;80.5342
2020-05-24T14:00:00;48.0982;67.7297;82.8486
2020-05-24T15:00:00;52.9178;73.0046;74.2756
2020-05-24T16:00:00;57.1904;70.1013;68.8616
2020-05-24T17:00:00;50.5328;55.0852;83.3325
2020-05-24T18:00:00;36.2637;50.921;64.5291
2020-05-24T19:00:00;40.0693;43.8065;56.5418
2020-05-24T20:00:00;19.9657;42.3642;45.8261
2020-05-24T21:00:00;22.8859;30.7275;31.8611
2020-05-24T22:00:00;29.6898;30.4639;34.4647
2020-05-24T23:00:00;24.092;32.6813;36.4559
2020-05-25T00:00:00;21.5053;27.0179;35.0168
2020-05-25T01:00:00;28.4467;36.8194;32.239
2020-05-25T02:00:00;28.8738;29.9913;38.3974
2020-05-25T03:00:00;30.5502;25.7204;36.9418
2020-05-25T04:00:00;28.3717;28.8518;37.9645
2020-05-25T05:00:00;29.4069;36.1596;39.5252
2020-05-25T06:00:00;27.6645;27.8743;35.1474
2020-05-25T07:00:00;31.9808;43.0643;45.1353
2020-05-25T08:00:00;37.4631;43.1427;62.9356
2020-05-25T09:00:00;41.6228;49.6831;59.4936
2020-05-25T10:00:00;41.7188;63.0238;62.3028
2020-05-25T11:00:00;46.9363;60.2712;80.3469
2020-05-25T12:00:00;53.0237;72.155;78.504
2020-05-25T13:00:00;57.032;71.539;78.3503
2020-05-25T14:00:00;63.0288;65.4129;88.1632
2020-05-25T15:00:00;54.2248;67.685;80.9269
2020-05-25T16:00:00;56.7302;61.8971;71.2514
2020-05-25T17:00:00;53.1772;61.4707;81.3457
2020-05-25T18:00:00;41.6519;62.9504;56.1603
2020-05-25T19:00:00;39.989;44.4159;55.09
2020-05-25T20:00:00;29.4355;40.9853;36.5334
2020-05-25T21:00:00;30.6107;30.1222;37.3533
2020-05-25T22:00:00;27.1792;30.1203;32.7945
2020-05-25T23:00:00;18.0476;29.174;40.0964
2020-05-26T00:00:00;24.8076;25.7129;35.9131
2020-05-26T01:00:00;32.2406;31.6757;42.753
2020-05-26T02:00:00;23.0938;28.5563;33.8514
2020-05-26T03:00:00;26.2386;25.476;27.9773
2020-05-26T04:00:00;26.7294;35.0709;37.1876
2020-05-26T05:00:00;18.8169;30.495;34.7372
2020-05-26T06:00:00;26.5535;28.8595;26.9037
2020-05-26T07:00:00;23.684;45.0168;40.7029
2020-05-26T08:00:00;33.8875;37.0891;51.8377
2020-05-26T09:00:00;48.1877;59.8755;71.9906
2020-05-26T10:00:00;49.5644;55.3249;75.2082
2020-05-26T11:00:00;50.1904;65.6987;75.8305
2020-05-26T12:00:00;56.6661;65.1019;84.0051
2020-05-26T13:00:00;55.5242;65.1659;73.5398
2020-05-26T14:00:00;55.8876;76.3503;80.9125
2020-05-26T15:00:00;57.7179;77.3233;83.6557
2020-05-26T16:00:00;48.076;63.5349;78.3961
2020-05-26T17:00:00;47.9823;61.4032;68.9742
2020-05-26T18:00:00;41.2478;53.7964;64.0222
2020-05-26T19:00:00;29.0876;54.922;57.2139
2020-05-26T20:00:00;26.0509;27.7507;45.933
2020-05-26T21:00:00;31.841;31.8856;40.305
2020-05-26T22:00:00;25.9236;26.3644;37.5935
2020-05-26T23:00:00;17.3821;18.2202;38.5562
2020-05-27T00:00:00;16.2982;28.1973;44.5678
2020-05-27T01:00:00;23.4392;39.2402;40.1375
2020-05-27T02:00:00;31.8059;26.7198;44.7048
2020-05-27T03:00:00;23.0662;33.9538;32.6404
2020-05-27T04:00:00;30.535;35.9934;28.0379
2020-05-27T05:00:00;25.7597;29.9365;35.2986
2020-05-27T06:00:00;26.3563;30.6023;34.872
2020-05-27T07:00:00;23.9746;29.735;53.2768
2020-05-27T08:00:00;41.7032;42.6886;49.8731
2020-05-27T09:00:00;41.1345;58.0464;63.8193
2020-05-27T10:00:00;52.0961;60.0292;73.6968
2020-05-27T11:00:00;47.642;66.4777;78.0697
2020-05-27T12:00:00;55.3191;68.708;80.7931
2020-05-27T13:00:00;57.5847;80.7409;85.5299
2020-05-27T14:00:00;55.0545;67.6283;89.1325
2020-05-27T15:00:00;56.4565;76.0693;89.3294
2020-05-27T16:00:00;50.3808;65.3085;77.7333
2020-05-27T17:00:00;44.5353;68.1968;67.5917
2020-05-27T18:00:00;50.8365;47.3865;71.8864
2020-05-27T19:00:00;42.2603;47.1927;50.1352
2020-05-27T20:00:00;26.8489;36.348;54.9327
2020-05-27T21:00:00;26.8422;30.6974;42.7207
2020-05-27T22:00:00;20.2866;36.1119;43.447
2020-05-27T23:00:00;18.0766;31.894;39.427
2020-05-28T00:00:00;29.169;36.1019;25.4375
2020-05-28T01:00:00;15.4795;26.6489;30.8044
2020-05-28T02:00:00;28.6343;25.8858;37.5344
2020-05-28T03:00:00;22.7364;30.0805;32.6218
2020-05-28T04:00:00;22.9423;29.8067;34.4236
2020-05-28T05:00:00;26.0488;29.0707;39.064
2020-05-28T06:00:00;26.906;25.2068;35.1501
2020-05-28T07:00:00;26.5215;44.3097;39.8847
2020-05-28T08:00:00;40.6042;44.4553;59.9517
2020-05-28T09:00:00;43.376;60.6418;66.7882
2020-05-28T10:00:00;41.5004;59.7895;70.426
2020-05-28T11:00:00;50.8634;67.8832;81.1256
2020-05-28T12:00:00;61.3402;70.8308;82.1259
2020-05-28T13:00:00;64.2077;65.6595;90.3939
2020-05-28T14:00:00;59.4114;71.6169;84.4931
2020-05-28T15:00:00;48.4821;77.6839;88.2704
2020-05-28T16:00:00;54.1658;65.8991;68.201
2020-05-28T17:00:00;52.0349;64.2322;73.967
2020-05-28T18:00:00;46.4377;56.9778;62.2244
2020-05-28T19:00:00;40.9403;47.8047;51.2281
2020-05-28T20:00:00;32.4695;39.2489;51.7723
2020-05-28T21:00:00;23.6379;32.7366;40.4454
2020-05-28T22:00:00;20.9582;33.8164;25.9676
2020-05-28T23:00:00;14.5103;23.2392;39.5775
2020-05-29T00:00:00;25.6982;31.2365;38.9707
2020-05-29T01:00:00;24.9303;29.0796;32.3846
2020-05-29T02:00:00;26.7879;28.0424;31.8235
2020-05-29T03:00:00;17.3123;36.4798;28.0471
2020-05-29T04:00:00;27.2251;26.3343;34.3123
2020-05-29T05:00:00;34.2727;23.0262;35.1126
2020-05-29T06:00:00;24.3923;33.9786;39.985
2020-05-29T07:00:00;30.3448;31.2145;47.3267
2020-05-29T08:00:00;38.5606;36.6298;50.2238
2020-05-29T09:00:00;52.9708;58.0527;65.4081
2020-05-29T10:00:00;42.6624;60.5194;70.4007
2020-05-29T11:00:00;52.7288;67.0046;72.8951
2020-05-29T12:00:00;50.4355;65.8301;73.7032
2020-05-29T13:00:00;53.0897;62.8588;86.8611
2020-05-29T14:00:00;55.5767;63.8519;85.969
2020-05-29T15:00:00;61.1704;66.6813;84.4346
2020-05-29T16:00:00;60.7178;58.279;73.928
2020-05-29T17:00:00;50.0213;61.2611;72.5264
2020-05-29T18:00:00;40.9262;51.1991;57.3369
2020-05-29T19:00:00;49.4793;47.1946;50.5904
2020-05-29T20:00:00;28.5154;39.0922;46.1484
2020-05-29T21:00:00;21.1443;31.934;37.3118
2020-05-29T22:00:00;15.1253;32.4974;27.8559
2020-05-29T23:00:00;30.9805;28.2805;30.7123
2020-05-30T00:00:00;28.8412;30.9198;34.173
2020-05-30T01:00:00;36.089;31.18;40.7926
2020-05-30T02:00:00;17.0524;17.8555;31.9345
2020-05-30T03:00:00;31.2909;33.2326;36.7029
2020-05-30T04:00:00;24.3507;30.7497;37.227
2020-05-30T05:00:00;28.0305;32.8202;34.7515
2020-05-30T06:00:00;15.7611;23.5658;37.3401
2020-05-30T07:00:00;37.9936;36.7376;39.2552
2020-05-30T08:00:00;40.9482;40.8118;52.2444
2020-05-30T09:00:00;42.6146;57.2344;71.3855
2020-05-30T10:00:00;51.0062;52.7002;79.1948
2020-05-30T11:00:00;47.8853;59.9977;81.7838
2020-05-30T12:00:00;51.5366;70.7138;87.1527
2020-05-30T13:00:00;53.5075;66.634;74.6075
2020-05-30T14:00:00;46.5611;65.1389;78.9936
2020-05-30T15:00:00;58.7426;72.5759;80.0952
2020-05-30T16:00:00;57.6708;69.3796;89.6474
2020-05-30T17:00:00;44.2739;63.3361;70.1055
2020-05-30T18:00:00;44.5501;57.755;67.9382
2020-05-30T19:00:00;35.6879;45.1116;57.4152
2020-05-30T20:00:00;32.2945;37.2935;47.7604
2020-05-30T21:00:00;20.8621;26.7596;35.8823
2020-05-30T22:00:00;19.5829;30.8386;29.9998
2020-05-30T23:00:00;29.2604;27.3605;22.4942
2020-05-31T00:00:00;23.6806;27.8347;42.4092
2020-05-31T01:00:00;34.1105;32.9995;32.9175
2020-05-31T02:00:00;24.2315;35.9227;26.6644
2020-05-31T03:00:00;19.3696;31.9913;38.1898
2020-05-31T04:00:00;30.1347;38.9716;38.0939
2020-05-31T05:00:00;27.154;26.4724;39.8395
2020-05-31T06:00:00;27.6344;20.8101;41.5786
2020-05-31T07:00:00;36.6062;41.8896;41.3848
2020-05-31T08:00:00;33.7516;42.4103;51.1485
2020-05-31T09:00:00;42.1729;52.1429;62.6202
2020-05-31T10:00:00;46.9234;50.8768;75.7792
2020-05-31T11:00:00;45.2591;60.145;67.056
2020-05-31T12:00:00;53.1159;60.5311;82.2917
2020-05-31T13:00:00;62.5066;67.6094;88.3977
2020-05-31T14:00:00;57.0114;67.8081;88.1913
2020-05-31T15:00:00;47.7035;68.4921;85.1935
2020-05-31T16:00:00;43.9336;70.8396;82.8842
2020-05-31T17:00:00;56.1045;63.1103;57.935
2020-05-31T18:00:00;42.3575;45.4006;72.281
2020-05-31T19:00:00;33.7785;49.3095;57.1754
2020-05-31T20:00:00;29.2832;38.8752;52.653
2020-05-31T21:00:00;16.6135;29.5109;30.1268
2020-05-31T22:00:00;31.1155;29.8865;27.2309
2020-05-31T23:00:00;22.0347;31.0228;44.9319
2020-06-01T00:00:00;30.837;26.5406;31.3674
2020-06-01T01:00:00;24.2583;29.0882;34.4458
2020-06-01T02:00:00;31.1477;35.9197;38.6373
2020-06-01T03:00:00;25.2835;26.4805;39.8644
2020-06-01T04:00:00;28.2662;24.8506;41.3921
2020-06-01T05:00:00;27.5955;29.6915;37.1169
2020-06-01T06:00:00;27.1165;24.3472;30.7285
2020-06-01T07:00:00;32.3928;29.7026;49.5129
2020-06-01T08:00:00;35.8513;44.5471;59.1361
2020-06-01T09:00:00;52.3863;60.7545;55.1385
2020-06-01T10:00:00;43.2459;59.5328;78.7644
2020-06-01T11:00:00;51.7344;65.5339;65.1338
2020-06-01T12:00:00;54.5082;57.3915;86.8228
2020-06-01T13:00:00;57.8369;71.9715;80.5665
2020-06-01T14:00:00;53.6773;70.2477;87.2646
2020-06-01T15:00:00;56.0075;64.7177;84.2017
2020-06-01T16:00:00;50.8686;65.5413;77.3836
2020-06-01T17:00:00;39.8709;60.5764;73.9264
2020-06-01T18:00:00;42.8569;48.214;63.7814
2020-06-01T19:00:00;31.5127;47.9287;59.0931
2020-06-01T20:00:00;21.9812;44.3021;56.9061
2020-06-01T21:00:00;24.6844;28.8603;29.2938
2020-06-01T22:00:00;26.4394;25.662;20.0593
2020-06-01T23:00:00;26.6335;29.1121;33.9216
2020-06-02T00:00:00;26.8359;34.2731;33.5799
2020-06-02T01:00:00;14.3371;23.8684;34.1122
2020-06-02T02:00:00;17.1949;32.8928;31.3678
2020-06-02T03:00:00;33.8676;26.6099;40.3622
2020-06-02T04:00:00;18.764;31.2103;29.0934
2020-06-02T05:00:00;27.0542;27.1783;38.2539
2020-06-02T06:00:00;20.5653;27.1649;39.1923
2020-06-02T07:00:00;31.0515;45.9319;47.5621
2020-06-02T08:00:00;33.8493;39.224;57.9591
2020-06-02T09:00:00;45.6168;55.9382;68.96
2020-06-02T10:00:00;48.4645;68.3824;71.9388
2020-06-02T11:00:00;49.4714;68.0686;75.8367
2020-06-02T12:00:00;49.1829;61.3868;84.0826
2020-06-02T13:00:00;57.1636;63.373;86.7389
2020-06-02T14:00:00;49.7611;66.0227;88.1855
2020-06-02T15:00:00;56.5712;68.8318;73.0887
2020-06-02T16:00:00;64.8452;65.7707;76.6516
2020-06-02T17:00:00;54.5315;53.3673;66.3441
2020-06-02T18:00:00;46.4009;49.1476;67.0185
2020-06-02T19:00:00;36.5875;42.2121;59.1569
2020-06-02T20:00:00;20.9594;37.4127;44.6077
2020-06-02T21:00:00;17.3886;39.9235;32.3537
2020-06-02T22:00:00;30.414;25.3341;38.9848
2020-06-02T23:00:00;20.0512;25.1152;35.3338
2020-06-03T00:00:00;20.5037;24.3343;43.1323
2020-06-03T01:00:00;23.1717;33.1777;44.8648
2020-06-03T02:00:00;18.6898;29.7933;41.0036
2020-06-03T03:00:00;17.8662;25.5189;37.1633
2020-06-03T04:00:00;23.7476;28.186;45.1279
2020-06-03T05:00:00;19.5424;26.0424;37.2036
2020-06-03T06:00:00;20.2949;31.4795;33.604
2020-06-03T07:00:00;26.7472;51.7384;42.6031
2020-06-03T08:00:00;39.6274;49.0238;52.0059
2020-06-03T09:00:00;41.6485;53.0465;64.1818
2020-06-03T10:00:00;46.8878;56.4009;73.9864
2020-06-03T11:00:00;54.6975;57.924;70.4934
2020-06-03T12:00:00;53.7236;71.7107;79.4061
2020-06-03T13:00:00;54.4334;73.1776;84.8013
2020-06-03T14:00:00;58.177;67.4504;86.9552
2020-06-03T15:00:00;57.7748;74.1089;81.5211
2020-06-03T16:00:00;50.9774;64.7466;78.7918
2020-06-03T17:00:00;48.1837;63.5996;65.4783
2020-06-03T18:00:00;38.9002;54.9924;59.6548
2020-06-03T19:00:00;32.7122;45.3838;55.219
2020-06-03T20:00:00;34.4989;33.542;48.5325
2020-06-03T21:00:00;26.2247;29.2723;37.1565
2020-06-03T22:00:00;26.2765;34.2103;31.7559
2020-06-03T23:00:00;25.4043;27.4593;34.8172
2020-06-04T00:00:00;24.231;32.1987;43.5592
2020-06-04T01:00:00;27.4821;24.5863;38.7213
2020-06-04T02:00:00;28.6755;33.9003;35.1873
2020-06-04T03:00:00;28.5561;31.5647;30.8708
2020-06-04T04:00:00;23.4961;23.9894;32.4331
2020-06-04T05:00:00;30.935;28.8799;36.033
2020-06-04T06:00:00;25.1423;34.6572;37.3797
2020-06-04T07:00:00;33.8151;32.0213;48.8076
2020-06-04T08:00:00;38.426;40.9147;57.4633
2020-06-04T09:00:00;44.0442;53.1639;62.3625
2020-06-04T10:00:00;44.1019;70.3924;69.1154
2020-06-04T11:00:00;55.2196;61.2781;87.8042
2020-06-04T12:00:00;68.6603;70.5186;78.8684
2020-06-04T13:00:00;53.9507;71.0816;77.2785
2020-06-04T14:00:00;56.1797;66.8333;75.5435
2020-06-04T15:00:00;52.2028;68.8479;79.8848
2020-06-04T16:00:00;49.2727;62.4018;82.2691
2020-06-04T17:00:00;55.5029;57.9368;68.7912
2020-06-04T18:00:00;39.4443;45.2051;71.6013
2020-06-04T19:00:00;34.6452;46.1473;55.487
2020-06-04T20:00:00;22.7157;42.8119;51.5276
2020-06-04T21:00:00;20.2119;30.2871;32.2114
2020-06-04T22:00:00;15.458;35.4525;32.2889
2020-06-04T23:00:00;27.159;32.9016;36.4552
2020-06-05T00:00:00;37.9985;29.7023;38.4128
2020-06-05T01:00:00;22.1666;26.8604;35.1052
2020-06-05T02:00:00;15.6662;27.5687;37.4623
2020-06-05T03:00:00;28.5;22.6474;38.9424
2020-06-05T04:00:00;20.3654;28.6646;28.8975
2020-06-05T05:00:00;30.4967;30.73;34.2953
2020-06-05T06:00:00;22.5899;38.5771;33.4066
2020-06-05T07:00:00;27.4941;40.9581;43.6292
2020-06-05T08:00:00;36.1258;41.9452;57.5577
2020-06-05T09:00:00;46.598;46.3146;61.6897
2020-06-05T10:00:00;46.6435;58.693;61.6456
2020-06-05T11:00:00;49.2292;68.6998;76.3866
2020-06-05T12:00:00;53.4397;66.9392;76.3287
2020-06-05T13:00:00;49.4654;72.4908;86.2187
2020-06-05T14:00:00;57.8099;68.8752;87.7655
2020-06-05T15:00:00;45.5002;71.6273;70.7766
2020-06-05T16:00:00;49.4922;56.6547;73.6981
2020-06-05T17:00:00;51.5776;67.7467;73.4378
2020-06-05T18:00:00;44.3244;47.949;57.1693
2020-06-05T19:00:00;39.9672;50.2381;59.4367
2020-06-05T20:00:00;30.3279;36.9555;51.2263
2020-06-05T21:00:00;29.8487;29.4209;35.1899
2020-06-05T22:00:00;28.6235;28.7945;32.1304
2020-06-05T23:00:00;26.2307;31.278;24.4472
2020-06-06T00:00:00;28.6377;32.2876;40.0701
2020-06-06T01:00:00;27.7521;35.2918;46.0127
2020-06-06T02:00:00;21.8027;37.0397;44.9783
2020-06-06T03:00:00;17.2805;31.6591;35.0251
2020-06-06T04:00:00;26.1018;38.5684;30.5366
2020-06-06T05:00:00;26.7304;30.4649;40.1881
2020-06-06T06:00:00;29.4524;35.3872;35.3657
2020-06-06T07:00:00;25.9716;40.4601;48.3704
2020-06-06T08:00:00;32.4834;43.5234;57.0371
2020-06-06T09:00:00;45.1086;54.4176;64.6787
2020-06-06T10:00:00;47.4248;62.2417;76.8135
2020-06-06T11:00:00;42.284;64.48;82.8976
2020-06-06T12:00:00;56.3093;70.1065;79.0373
2020-06-06T13:00:00;46.5626;74.1077;79.1215
2020-06-06T14:00:00;51.0984;69.664;71.2415
2020-06-06T15:00:00;61.1922;53.3228;79.9199
2020-06-06T16:00:00;60.8372;73.0324;72.1026
2020-06-06T17:00:00;41.7024;58.2378;73.7669
2020-06-06T18:00:00;41.1622;49.395;62.5344
2020-06-06T19:00:00;37.2287;40.6489;54.3862
2020-06-06T20:00:00;39.5593;36.6342;50.0396
2020-06-06T21:00:00;21.5357;27.1863;37.9863
2020-06-06T22:00:00;21.6156;26.315;35.4165
2020-06-06T23:00:00;31.7436;26.5894;44.4321
2020-06-07T00:00:00;22.1261;32.6487;39.6907
2020-06-07T01:00:00;27.611;40.1518;33.9207
2020-06-07T02:00:00;16.6143;34.1029;34.1437
2020-06-07T03:00:00;23.1438;35.613;39.9419
2020-06-07T04:00:00;15.702;28.1129;37.0142
2020-06-07T05:00:00;18.7228;30.5233;30.3942
2020-06-07T06:00:00;28.196;32.1324;40.4736
2020-06-07T07:00:00;30.4036;35.0187;52.2659
2020-06-07T08:00:00;35.42;44.1408;61.4303
2020-06-07T09:00:00;39.0654;57.7842;71.9274
2020-06-07T10:00:00;46.6774;65.1773;82.0169
2020-06-07T11:00:00;53.2184;64.9781;86.219
2020-06-07T12:00:00;59.3484;62.0665;83.354
2020-06-07T13:00:00;42.699;68.3029;82.6949
2020-06-07T14:00:00;51.6659;62.5742;74.589
2020-06-07T15:00:00;55.2293;68.4183;81.7051
2020-06-07T16:00:00;51.2185;65.918;80.1649
2020-06-07T17:00:00;49.7975;58.3722;71.8887
2020-06-07T18:00:00;44.1468;54.72;54.7726
2020-06-07T19:00:00;35.4912;48.354;54.0903
2020-06-07T20:00:00;28.0189;39.6008;49.2064
2020-06-07T21:00:00;22.7725;23.9923;30.8704
2020-06-07T22:00:00;29.7437;28.7337;36.8285
2020-06-07T23:00:00;20.34;32.0492;38.1581
2020-06-08T00:00:00;23.686;37.8936;41.5898
2020-06-08T01:00:00;24.9167;28.6404;44.563
2020-06-08T02:00:00;31.8018;32.7542;34.1109
2020-06-08T03:00:00;22.4985;34.3908;36.9188
2020-06-08T04:00:00;28.794;29.0169;37.0753
2020-06-08T05:00:00;30.1599;35.742;39.2469
2020-06-08T06:00:00;23.6812;36.0109;38.687
2020-06-08T07:00:00;29.5996;45.2184;53.1048
2020-06-08T08:00:00;35.3703;48.5616;43.8669
2020-06-08T09:00:00;41.53;65.3121;66.3038
2020-06-08T10:00:00;52.0518;56.6494;74.108
2020-06-08T11:00:00;52.8679;75.2614;76.3931
2020-06-08T12:00:00;55.6103;71.8838;70.3307
2020-06-08T13:00:00;50.1986;76.4828;83.4321
2020-06-08T14:00:00;50.9873;68.1807;80.1842
2020-06-08T15:00:00;65.151;72.2646;90.0405
2020-06-08T16:00:00;50.8237;71.7759;79.4457
2020-06-08T17:00:00;43.9068;54.289;67.6935
2020-06-08T18:00:00;49.9646;52.6948;53.9505
2020-06-08T19:00:00;38.4246;35.5632;58.4764
2020-06-08T20:00:00;33.5439;37.4248;49.4605
2020-06-08T21:00:00;23.3098;25.92;34.9211
2020-06-08T22:00:00;22.4066;28.9112;39.0184
2020-06-08T23:00:00;23.1521;44.6182;34.2586
2020-06-09T00:00:00;17.0863;38.589;41.3361
2020-06-09T01:00:00;23.5604;22.8028;40.9634
2020-06-09T02:00:00;25.4802;32.7787;27.8054
2020-06-09T03:00:00;33.2523;33.9947;29.024
2020-06-09T04:00:00;24.43;28.3105;46.1564
2020-06-09T05:00:00;12.3291;30.8915;40.661
2020-06-09T06:00:00;23.5301;31.3799;29.6881
2020-06-09T07:00:00;44.3507;31.5834;38.1279
2020-06-09T08:00:00;41.3474;41.1128;56.5622
2020-06-09T09:00:00;38.7547;54.3729;58.5021
2020-06-09T10:00:00;50.7362;60.2228;70.0874
2020-06-09T11:00:00;48.0027;61.0982;77.3328
2020-06-09T12:00:00;47.6648;64.0704;81.1985
2020-06-09T13:00:00;54.0829;69.332;89.3697
2020-06-09T14:00:00;56.2823;74.2116;92.9108
2020-06-09T15:00:00;45.073;67.6598;79.2561
2020-06-09T16:00:00;45.967;72.7547;71.9159
2020-06-09T17:00:00;47.8323;56.2467;73.6152
2020-06-09T18:00:00;40.7683;54.477;72.3711
2020-06-09T19:00:00;38.9896;44.498;53.5073
2020-06-09T20:00:00;24.5798;41.2563;50.2316
2020-06-09T21:00:00;27.5706;26.0921;31.8143
2020-06-09T22:00:00;18.0812;39.637;36.1064
2020-06-09T23:00:00;32.2137;21.5469;30.1903
2020-06-10T00:00:00;15.4212;38.5774;36.0542
2020-06-10T01:00:00;18.5372;30.4499;35.4177
2020-06-10T02:00:00;26.0869;32.7621;39.0406
2020-06-10T03:00:00;32.3212;36.6726;44.8903
2020-06-10T04:00:00;25.5752;34.2883;34.0555
2020-06-10T05:00:00;26.8143;26.3499;26.0014
2020-06-10T06:00:00;24.0877;33.0004;34.9895
2020-06-10T07:00:00;25.5212;47.6538;47.4763
2020-06-10T08:00:00;34.5649;41.833;56.5329
2020-06-10T09:00:00;36.7496;64.1036;63.4266
2020-06-10T10:00:00;41.3871;61.6543;79.1095
2020-06-10T11:00:00;53.7216;62.4749;78.2503
2020-06-10T12:00:00;48.8179;63.5758;81.1267
2020-06-10T13:00:00;57.4225;68.6644;79.8485
2020-06-10T14:00:00;49.3156;60.0045;75.0035
2020-06-10T15:00:00;55.9157;65.966;83.2969
2020-06-10T16:00:00;49.2694;63.3264;78.7963
2020-06-10T17:00:00;54.8137;54.3537;66.3743
2020-06-10T18:00:00;44.4277;57.2506;63.9918
2020-06-10T19:00:00;43.1945;45.1756;54.8041
2020-06-10T20:00:00;26.8749;35.1375;42.8573
2020-06-10T21:00:00;24.2807;28.3733;32.0334
2020-06-10T22:00:00;19.0946;31.7755;38.0254
2020-06-10T23:00:00;21.932;30.3661;34.8709
2020-06-11T00:00:00;22.6895;26.4951;33.045
2020-06-11T01:00:00;20.3707;30.6283;31.6916
2020-06-11T02:00:00;17.9225;29.7466;35.3501
2020-06-11T03:00:00;16.9324;24.3027;40.6224
2020-06-11T04:00:00;12.3013;28.5575;37.0332
2020-06-11T05:00:00;18.7183;32.8967;34.8144
2020-06-11T06:00:00;27.1375;32.8607;37.5425
2020-06-11T07:00:00;22.6607;37.1666;52.8017
2020-06-11T08:00:00;30.175;49.6533;57.9754
2020-06-11T09:00:00;51.7636;48.6116;65.5147
2020-06-11T10:00:00;44.5982;54.9809;74.8636
2020-06-11T11:00:00;53.318;63.3847;76.7792
2020-06-11T12:00:00;57.6454;75.5301;82.5711
2020-06-11T13:00:00;59.1373;70.5971;81.2923
2020-06-11T14:00:00;48.2131;68.404;75.9843
2020-06-11T15:00:00;53.2785;75.763;83.3649
2020-06-11T16:00:00;43.6217;63.2063;79.3026
2020-06-11T17:00:00;60.0122;70.8995;70.2324
2020-06-11T18:00:00;34.8348;50.955;69.3928
2020-06-11T19:00:00;31.7764;41.2108;51.9153
2020-06-11T20:00:00;25.4502;37.4847;37.1228
2020-06-11T21:00:00;16.5167;28.7546;32.5144
2020-06-11T22:00:00;30.763;25.9614;28.2953
2020-06-11T23:00:00;36.1122;43.0099;37.6902
2020-06-12T00:00:00;21.6213;31.5931;32.2396
2020-06-12T01:00:00;17.3979;32.3212;40.9234
2020-06-12T02:00:00;12.8154;27.6906;40.819
2020-06-12T03:00:00;22.7795;27.1117;31.3751
2020-06-12T04:00:00;22.4182;35.1278;31.9595
2020-06-12T05:00:00;20.7435;21.6208;38.6722
2020-06-12T06:00:00;25.1069;24.2857;40.8992
2020-06-12T07:00:00;32.629;37.0799;35.9167
2020-06-12T08:00:00;38.631;53.0247;56.9317
2020-06-12T09:00:00;41.2285;51.6388;53.2257
2020-06-12T10:00:00;42.2725;61.8066;68.9284
2020-06-12T11:00:00;55.042;64.7797;83.0375
2020-06-12T12:00:00;54.4964;74.5236;96.6996
2020-06-12T13:00:00;60.2665;61.8573;82.5429
2020-06-12T14:00:00;59.7751;73.4607;77.5015
2020-06-12T15:00:00;47.325;67.0478;79.0833
2020-06-12T16:00:00;44.5417;69.2654;77.8996
2020-06-12T17:00:00;44.0029;55.6294;68.3197
2020-06-12T18:00:00;37.5278;53.6334;59.5896
2020-06-12T19:00:00;40.7918;45.7569;53.3891
2020-06-12T20:00:00;32.4097;33.3043;47.9576
2020-06-12T21:00:00;29.4959;23.5979;35.153
2020-06-12T22:00:00;25.9824;27.0979;31.592
2020-06-12T23:00:00;25.0432;30.6497;32.6497
2020-06-13T00:00:00;29.9986;26.2154;33.9307
2020-06-13T01:00:00;26.3486;28.3496;31.0029
2020-06-13T02:00:00;24.3405;20.571;32.4643
2020-06-13T03:00:00;31.4023;28.1468;39.2182
2020-06-13T04:00:00;24.5759;35.1179;34.8484
2020-06-13T05:00:00;22.4783;33.5259;27.2326
2020-06-13T06:00:00;19.8109;29.5654;41.1247
2020-06-13T07:00:00;34.1683;39.5347;48.0634
2020-06-13T08:00:00;43.2008;42.1282;48.6077
2020-06-13T09:00:00;42.5562;61.6336;62.3868
2020-06-13T10:00:00;54.3202;70.0646;67.7105
2020-06-13T11:00:00;41.8627;65.4651;80.9537
2020-06-13T12:00:00;54.1565;80.9957;79.7925
2020-06-13T13:00:00;55.6242;66.38;83.3732
2020-06-13T14:00:00;52.1897;63.5255;82.7911
2020-06-13T15:00:00;66.3531;64.4941;74.25
2020-06-13T16:00:00;51.3818;63.5436;84.5962
2020-06-13T17:00:00;45.742;71.2861;74.9826
2020-06-13T18:00:00;42.9389;52.1056;60.4768
2020-06-13T19:00:00;27.0015;41.9712;56.4827
2020-06-13T20:00:00;26.8538;33.8242;50.8504
2020-06-13T21:00:00;28.9162;35.7001;36.2787
2020-06-13T22:00:00;20.8553;34.9865;43.7838
2020-06-13T23:00:00;19.8556;27.5726;50.5893
2020-06-14T00:00:00;30.5476;20.6211;35.3694
2020-06-14T01:00:00;30.7013;24.357;33.0874
2020-06-14T02:00:00;26.585;38.6062;31.053
2020-06-14T03:00:00;21.7244;33.444;24.9321
2020-06-14T04:00:00;22.8026;30.3273;42.2407
2020-06-14T05:00:00;19.9793;39.3442;34.2325
2020-06-14T06:00:00;19.0261;39.7916;40.3768
2020-06-14T07:00:00;25.4311;38.1368;51.362
2020-06-14T08:00:00;33.9253;46.1816;50.1185
2020-06-14T09:00:00;37.6355;50.6012;59.5596
2020-06-14T10:00:00;39.9621;58.3028;80.3944
2020-06-14T11:00:00;52.8098;57.2094;77.2189
2020-06-14T12:00:00;55.6068;60.5903;78.3493
2020-06-14T13:00:00;64.3287;61.1676;78.5112
2020-06-14T14:00:00;52.483;75.2026;83.0298
2020-06-14T15:00:00;55.9143;60.2352;89.1902
2020-06-14T16:00:00;53.2764;74.3908;80.9964
2020-06-14T17:00:00;46.5114;56.0739;72.5798
2020-06-14T18:00:00;46.5308;62.1982;72.1563
2020-06-14T19:00:00;40.8917;44.4442;62.5022
2020-06-14T20:00:00;32.2902;30.4855;47.6504
2020-06-14T21:00:00;22.7218;36.4189;49.8806
2020-06-14T22:00:00;22.2123;37.0093;34.7629
2020-06-14T23:00:00;17.1612;25.4697;41.4901
2020-06-15T00:00:00;19.9704;28.3417;34.035
2020-06-15T01:00:00;20.89;25.471;40.5142
2020-06-15T02:00:00;18.3801;29.3974;34.7581
2020-06-15T03:00:00;26.1996;30.5391;38.3068
2020-06-15T04:00:00;29.9831;28.2431;47.9507
2020-06-15T05:00:00;19.4597;20.9055;40.7593
2020-06-15T06:00:00;25.4172;27.0956;38.3842
2020-06-15T07:00:00;25.4826;41.8341;42.1062
2020-06-15T08:00:00;35.491;45.225;56.4645
2020-06-15T09:00:00;39.3575;51.8742;59.1737
2020-06-15T10:00:00;50.7901;55.0719;76.1058
2020-06-15T11:00:00;48.3189;61.5908;81.8786
2020-06-15T12:00:00;59.4921;75.087;80.7525
2020-06-15T13:00:00;54.5961;64.082;92.0547
2020-06-15T14:00:00;52.5767;73.385;91.3515
2020-06-15T15:00:00;48.1673;68.2775;82.3989
2020-06-15T16:00:00;52.9788;65.8651;80.3968
2020-06-15T17:00:00;52.2567;56.064;68.7287
2020-06-15T18:00:00;44.1757;51.7525;62.8528
2020-06-15T19:00:00;48.2097;46.2409;50.1333
2020-06-15T20:00:00;37.8021;35.7131;43.5881
2020-06-15T21:00:00;22.4624;31.6572;35.4781
2020-06-15T22:00:00;22.4099;32.2872;27.6982
2020-06-15T23:00:00;26.3485;40.8635;38.8841
2020-06-16T00:00:00;19.8099;31.391;41.1106
2020-06-16T01:00:00;29.8314;20.4388;35.9604
2020-06-16T02:00:00;25.808;35.8151;22.5138
2020-06-16T03:00:00;25.2823;28.9806;34.735
2020-06-16T04:00:00;27.4348;40.0596;29.0331
2020-06-16T05:00:00;32.6141;37.3546;32.9519
2020-06-16T06:00:00;24.8548;27.4737;43.2597
2020-06-16T07:00:00;30.088;41.926;33.8074
2020-06-16T08:00:00;44.5592;43.2997;51.4415
2020-06-16T09:00:00;47.6469;53.5249;68.3615
2020-06-16T10:00:00;46.1757;63.1057;68.1613
2020-06-16T11:00:00;51.7387;70.206;73.6771
2020-06-16T12:00:00;55.4107;72.5183;91.8127
2020-06-16T13:00:00;57.6338;70.1558;85.629
2020-06-16T14:00:00;49.0417;82.198;88.4086
2020-06-16T15:00:00;46.7214;66.2172;84.1241
2020-06-16T16:00:00;47.2759;56.605;78.3777
2020-06-16T17:00:00;42.9569;52.6523;77.9911
2020-06-16T18:00:00;39.59;60.8814;73.7404
2020-06-16T19:00:00;40.1891;45.8862;47.1058
2020-06-16T20:00:00;29.8085;39.1118;45.8032
2020-06-16T21:00:00;24.982;27.2874;35.784
2020-06-16T22:00:00;17.8785;27.7365;33.8536
2020-06-16T23:00:00;21.6918;26.0645;40.9053
2020-06-17T00:00:00;26.9363;32.3558;37.2844
2020-06-17T01:00:00;26.9748;29.5131;45.6274
2020-06-17T02:00:00;20.3771;32.175;41.5013
2020-06-17T03:00:00;24.8083;31.6972;42.8235
2020-06-17T04:00:00;34.9942;27.8706;30.0042
2020-06-17T05:00:00;23.912;22.7063;31.9696
2020-06-17T06:00:00;20.5341;22.271;32.3815
2020-06-17T07:00:00;29.7844;53.4497;52.5954
2020-06-17T08:00:00;37.4765;53.6603;50.6875
2020-06-17T09:00:00;42.0533;60.2123;59.524
2020-06-17T10:00:00;47.6239;56.3528;66.0642
2020-06-17T11:00:00;44.4956;64.6886;91.3344
2020-06-17T12:00:00;49.6207;63.9654;80.9396
2020-06-17T13:00:00;55.078;63.2205;86.3865
2020-06-17T14:00:00;54.9984;66.837;78.034
2020-06-17T15:00:00;51.6029;74.6732;86.447
2020-06-17T16:00:00;50.8277;68.8447;68.7009
2020-06-17T17:00:00;48.0857;54.8756;66.7759
2020-06-17T18:00:00;47.2562;51.9373;60.5568
2020-06-17T19:00:00;36.5195;50.0151;56.6177
2020-06-17T20:00:00;32.6487;35.4616;42.0143
2020-06-17T21:00:00;21.292;30.3979;43.62
2020-06-17T22:00:00;26.8605;32.0092;38.5161
2020-06-17T23:00:00;25.8787;31.9547;32.552
2020-06-18T00:00:00;28.3291;31.2707;40.9881
2020-06-18T01:00:00;27.5673;26.7315;34.0336
2020-06-18T02:00:00;26.9437;27.2451;33.0478
2020-06-18T03:00:00;23.5079;24.3318;40.4791
2020-06-18T04:00:00;25.2247;22.1933;23.7359
2020-06-18T05:00:00;29.3175;29.4263;39.6741
2020-06-18T06:00:00;20.7396;34.0813;32.4345
2020-06-18T07:00:00;27.5111;31.4151;42.4067
2020-06-18T08:00:00;37.9227;47.6343;65.314
2020-06-18T09:00:00;44.8855;57.4346;61.5576
2020-06-18T10:00:00;43.6601;50.5421;76.4505
2020-06-18T11:00:00;51.339;63.2881;78.9654
2020-06-18T12:00:00;53.9638;76.2733;83.5657
2020-06-18T13:00:00;44.7483;72.5406;82.4843
2020-06-18T14:00:00;54.7267;60.4286;82.2235
2020-06-18T15:00:00;53.6472;71.334;89.2907
2020-06-18T16:00:00;50.9113;60.9023;82.2215
2020-06-18T17:00:00;54.8602;63.1823;69.1725
2020-06-18T18:00:00;36.7301;50.061;58.9843
2020-06-18T19:00:00;32.8925;46.0043;52.601
2020-06-18T20:00:00;17.5922;35.6288;50.8872
2020-06-18T21:00:00;21.5954;30.0158;41.8935
2020-06-18T22:00:00;22.0218;27.1636;38.7747
2020-06-18T23:00:00;21.4501;28.8823;27.9161
2020-06-19T00:00:00;29.5384;24.122;39.7689
2020-06-19T01:00:00;28.3031;32.4533;42.5179
2020-06-19T02:00:00;24.3893;30.8764;36.8678
2020-06-19T03:00:00;22.1469;21.9173;45.899
2020-06-19T04:00:00;29.1309;34.9646;29.3951
2020-06-19T05:00:00;23.9012;29.1186;39.424
2020-06-19T06:00:00;19.9086;30.8088;30.8989
2020-06-19T07:00:00;22.0719;42.1393;51.2725
2020-06-19T08:00:00;34.809;47.9107;58.5877
2020-06-19T09:00:00;46.5823;59.3374;73.2205
2020-06-19T10:00:00;59.1633;58.2593;74.1695
2020-06-19T11:00:00;52.0209;69.8132;75.5492
2020-06-19T12:00:00;50.607;68.6569;79.1954
2020-06-19T13:00:00;49.8999;72.319;82.4862
2020-06-19T14:00:00;58.5845;71.799;81.1834
2020-06-19T15:00:00;45.6107;74.2459;88.3863
2020-06-19T16:00:00;54.4645;68.2481;83.9474
2020-06-19T17:00:00;51.8692;57.5111;64.1881
2020-06-19T18:00:00;44.9905;50.3051;64.4055
2020-06-19T19:00:00;35.9173;46.0207;55.8358
2020-06-19T20:00:00;33.4779;34.516;42.0733
2020-06-19T21:00:00;24.8547;24.739;38.1912
2020-06-19T22:00:00;20.1094;19.3597;43.3043
2020-06-19T23:00:00;33.2521;22.2537;40.459
2020-06-20T00:00:00;22.2416;39.927;42.7353
2020-06-20T01:00:00;27.8788;26.7175;32.4077
2020-06-20T02:00:00;11.9069;39.5173;36.1825
2020-06-20T03:00:00;30.3824;32.0158;32.1718
2020-06-20T04:00:00;31.3438;29.7512;37.1972
2020-06-20T05:00:00;24.1492;22.497;37.6473
2020-06-20T06:00:00;26.7939;30.0233;40.7992
2020-06-20T07:00:00;33.4458;47.7774;52.5472
2020-06-20T08:00:00;33.8017;54.0576;58.9682
2020-06-20T09:00:00;45.5447;54.8826;59.9128
2020-06-20T10:00:00;43.7375;53.9825;64.9101
2020-06-20T11:00:00;48.669;59.8552;80.1693
2020-06-20T12:00:00;60.0685;63.7793;89.1533
2020-06-20T13:00:00;60.698;76.1717;83.6131
2020-06-20T14:00:00;52.2928;77.9395;76.1001
2020-06-20T15:00:00;50.7659;69.0217;92.0745
2020-06-20T16:00:00;48.4848;63.1256;80.0162
2020-06-20T17:00:00;51.4438;67.4693;72.5267
2020-06-20T18:00:00;37.8092;48.6185;58.3738
2020-06-20T19:00:00;38.7991;46.5286;55.6044
2020-06-20T20:00:00;34.3874;40.6313;49.4142
2020-06-20T21:00:00;23.5588;25.686;38.5151
2020-06-20T22:00:00;29.0503;26.8204;32.6006
2020-06-20T23:00:00;22.4784;26.4313;35.7147
2020-06-21T00:00:00;22.9307;37.0836;32.92
2020-06-21T01:00:00;19.1138;39.5718;44.3208
2020-06-21T02:00:00;29.0859;30.574;40.4744
2020-06-21T03:00:00;20.1674;28.6589;33.3783
2020-06-21T04:00:00;25.7489;27.0008;30.1577
2020-06-21T05:00:00;23.6434;30.0087;37.3891
2020-06-21T06:00:00;18.7361;27.2489;33.5359
2020-06-21T07:00:00;27.6077;37.8313;43.8882
2020-06-21T08:00:00;43.9299;48.3356;49.8473
2020-06-21T09:00:00;43.8174;51.4848;59.1566
2020-06-21T10:00:00;42.7349;58.7779;72.4843
2020-06-21T11:00:00;53.2395;63.7137;76.2348
2020-06-21T12:00:00;53.7032;66.4544;94.1333
2020-06-21T13:00:00;73.0949;67.5736;86.7083
2020-06-21T14:00:00;57.2503;73.5919;77.9786
2020-06-21T15:00:00;52.5307;59.1886;73.9725
2020-06-21T16:00:00;58.813;72.5124;79.5601
2020-06-21T17:00:00;38.5755;60.4034;69.6866
2020-06-21T18:00:00;43.2807;56.5615;70.8711
2020-06-21T19:00:00;46.9877;49.8949;56.9327
2020-06-21T20:00:00;30.0722;34.7762;36.0672
2020-06-21T21:00:00;15.3335;25.4282;30.9029
2020-06-21T22:00:00;22.0204;24.8387;32.6236
2020-06-21T23:00:00;31.2726;28.7647;38.2102
2020-06-22T00:00:00;25.8803;33.496;30.7362
2020-06-22T01:00:00;19.8057;27.0812;36.7641
2020-06-22T02:00:00;20.5738;33.0397;29.3193
2020-06-22T03:00:00;21.2015;18.1604;36.0309
2020-06-22T04:00:00;25.806;28.0722;37.8501
2020-06-22T05:00:00;30.691;35.8357;43.3076
2020-06-22T06:00:00;29.2621;29.1451;37.2279
2020-06-22T07:00:00;32.9332;34.1707;41.8961
2020-06-22T08:00:00;30.3573;42.9852;62.9884
2020-06-22T09:00:00;36.1695;38.3713;63.2978
2020-06-22T10:00:00;50.4469;54.6668;75.5388
2020-06-22T11:00:00;44.9855;69.9272;74.5047
2020-06-22T12:00:00;53.306;65.1292;82.1046
2020-06-22T13:00:00;57.3455;67.4582;79.7307
2020-06-22T14:00:00;50.1367;58.1218;85.3484
2020-06-22T15:00:00;49.3125;59.8881;85.6699
2020-06-22T16:00:00;51.2422;70.5913;75.0952
2020-06-22T17:00:00;50.2989;62.8123;68.9159
2020-06-22T18:00:00;48.1167;47.0242;65.9978
2020-06-22T19:00:00;40.0508;43.1166;51.3983
2020-06-22T20:00:00;31.0215;38.1706;38.39
2020-06-22T21:00:00;20.269;24.0194;37.766
2020-06-22T22:00:00;18.6455;19.9793;35.4615
2020-06-22T23:00:00;21.4456;29.2039;35.3557
2020-06-23T00:00:00;26.0497;32.863;38.6054
2020-06-23T01:00:00;25.6831;32.9593;39.3038
2020-06-23T02:00:00;13.5005;34.3762;35.195
2020-06-23T03:00:00;20.0716;22.2322;30.3867
2020-06-23T04:00:00;30.0225;30.2895;32.8071
2020-06-23T05:00:00;24.3961;28.6577;38.9248
2020-06-23T06:00:00;16.915;29.5639;36.682
2020-06-23T07:00:00;42.4323;37.2576;43.231
2020-06-23T08:00:00;36.8709;42.9672;51.6014
2020-06-23T09:00:00;44.7308;38.4225;67.3028
2020-06-23T10:00:00;49.7783;65.5349;70.5627
2020-06-23T11:00:00;49.8748;66.291;81.3328
2020-06-23T12:00:00;50.7959;60.6208;86.0474
2020-06-23T13:00:00;66.4331;72.1465;82.1729
2020-06-23T14:00:00;60.8407;67.5444;88.4853
2020-06-23T15:00:00;58.5435;65.9474;82.3428
2020-06-23T16:00:00;54.5943;60.7989;78.908
2020-06-23T17:00:00;42.764;62.4104;60.7272
2020-06-23T18:00:00;49.1968;49.5123;59.3591
2020-06-23T19:00:00;32.7999;40.7853;50.9399
2020-06-23T20:00:00;32.0696;43.9752;44.3865
2020-06-23T21:00:00;15.8031;29.1056;36.5718
2020-06-23T22:00:00;13.7957;29.2626;36.7763
2020-06-23T23:00:00;25.5915;33.4623;37.4287
2020-06-24T00:00:00;19.9545;26.6621;32.5753
2020-06-24T01:00:00;14.0542;27.6592;39.4568
2020-06-24T02:00:00;26.703;31.5286;45.0464
2020-06-24T03:00:00;34.6004;22.2931;34.2334
2020-06-24T04:00:00;30.9478;31.1055;32.6817
2020-06-24T05:00:00;22.7134;26.2214;32.5733
2020-06-24T06:00:00;24.0442;34.2774;36.4273
2020-06-24T07:00:00;35.0917;41.0498;43.3509
2020-06-24T08:00:00;42.6262;48.3422;46.8717
2020-06-24T09:00:00;41.0914;45.4766;56.9299
2020-06-24T10:00:00;47.9515;59.2088;76.7719
2020-06-24T11:00:00;53.2159;58.7547;83.9782
2020-06-24T12:00:00;57.2032;67.8579;89.6502
2020-06-24T13:00:00;55.1593;58.2045;84.8686
2020-06-24T14:00:00;55.2243;62.0767;78.7825
2020-06-24T15:00:00;61.333;73.9874;79.4606
2020-06-24T16:00:00;57.7604;66.4863;70.1123
2020-06-24T17:00:00;50.1677;57.9567;64.0215
2020-06-24T18:00:00;51.4047;48.9677;65.49
2020-06-24T19:00:00;35.0833;40.8482;58.2184
2020-06-24T20:00:00;38.768;39.3172;55.7716
2020-06-24T21:00:00;26.7126;28.2818;35.5845
2020-06-24T22:00:00;40.3551;37.7332;29.2108
2020-06-24T23:00:00;18.0376;29.0762;35.3904
2020-06-25T00:00:00;20.5533;30.2936;34.5877
2020-06-25T01:00:00;26.094;23.0575;33.5438
2020-06-25T02:00:00;25.9862;28.1965;37.7187
2020-06-25T03:00:00;33.7507;30.885;29.9276
2020-06-25T04:00:00;20.6581;28.1361;36.6536
2020-06-25T05:00:00;28.5246;27.5719;39.2578
2020-06-25T06:00:00;29.8123;31.6345;43.0987
2020-06-25T07:00:00;34.1764;45.8906;47.5316
2020-06-25T08:00:00;32.2106;46.9943;60.739
2020-06-25T09:00:00;49.8479;59.2323;61.9942
2020-06-25T10:00:00;53.9273;62.8338;70.1495
2020-06-25T11:00:00;54.7107;70.0628;84.3085
2020-06-25T12:00:00;55.4555;64.9937;74.7928
2020-06-25T13:00:00;56.9552;68.7462;81.7213
2020-06-25T14:00:00;55.431;68.767;89.3793
2020-06-25T15:00:00;57.6377;70.7736;80.5952
2020-06-25T16:00:00;51.8685;68.6031;76.1412
2020-06-25T17:00:00;43.538;60.3511;70.3443
2020-06-25T18:00:00;37.5662;57.8949;64.7995
2020-06-25T19:00:00;33.2554;43.4528;60.9538
2020-06-25T20:00:00;31.7638;42.7434;50.6009
2020-06-25T21:00:00;23.8652;35.079;36.0573
2020-06-25T22:00:00;25.0767;33.3875;41.4619
2020-06-25T23:00:00;26.5041;30.6708;37.709
2020-06-26T00:00:00;20.8634;33.5666;40.2956
2020-06-26T01:00:00;31.3283;25.53;30.8582
2020-06-26T02:00:00;22.6614;30.9918;44.6928
2020-06-26T03:00:00;21.8329;31.5026;37.1011
2020-06-26T04:00:00;26.4119;23.3524;22.2585
2020-06-26T05:00:00;14.8174;32.3729;44.2976
2020-06-26T06:00:00;20.0473;23.7559;36.0253
2020-06-26T07:00:00;35.5585;36.1769;44.0023
2020-06-26T08:00:00;28.3285;46.4683;52.4949
2020-06-26T09:00:00;48.397;49.8577;66.4112
2020-06-26T10:00:00;55.3363;60.1386;67.229
2020-06-26T11:00:00;49.8655;64.9738;74.6847
2020-06-26T12:00:00;55.8929;63.9414;78.8863
2020-06-26T13:00:00;61.4201;72.6207;82.2758
2020-06-26T14:00:00;53.4908;65.9601;81.161
2020-06-26T15:00:00;58.7727;79.4821;85.9148
2020-06-26T16:00:00;48.3571;64.0936;78.9245
2020-06-26T17:00:00;45.3926;53.8693;73.6361
2020-06-26T18:00:00;38.8124;48.5897;67.2667
2020-06-26T19:00:00;38.7288;52.0074;55.0579
2020-06-26T20:00:00;36.443;36.2707;40.8782
2020-06-26T21:00:00;23.0794;23.1812;45.0259
2020-06-26T22:00:00;17.6438;34.2686;40.6377
2020-06-26T23:00:00;18.5865;27.9221;44.0641
2020-06-27T00:00:00;25.973;33.2671;41.1727
2020-06-27T01:00:00;33.2206;34.6778;33.6981
2020-06-27T02:00:00;25.9686;31.3723;24.2601
2020-06-27T03:00:00;22.0655;41.9795;29.8545
2020-06-27T04:00:00;27.8309;21.3763;39.1826
2020-06-27T05:00:00;22.8025;25.9102;35.4913
2020-06-27T06:00:00;22.1086;28.7202;33.9008
2020-06-27T07:00:00;25.8609;49.6223;33.502
2020-06-27T08:00:00;44.0578;55.2595;55.4577
2020-06-27T09:00:00;30.1131;59.9549;58.8048
2020-06-27T10:00:00;51.7699;55.7552;68.049
2020-06-27T11:00:00;49.3941;61.2534;81.8197
2020-06-27T12:00:00;52.3821;63.8995;76.505
2020-06-27T13:00:00;64.2863;65.8637;79.0686
2020-06-27T14:00:00;52.254;77.2444;84.665
2020-06-27T15:00:00;51.0335;66.8234;86.0125
2020-06-27T16:00:00;51.0608;64.0835;75.5557
2020-06-27T17:00:00;49.8499;63.5977;79.007
2020-06-27T18:00:00;40.5998;45.1938;57.8203
2020-06-27T19:00:00;29.1463;46.5327;48.2531
2020-06-27T20:00:00;26.3247;32.8321;38.2833
2020-06-27T21:00:00;30.4067;28.5279;27.7391
2020-06-27T22:00:00;24.3739;27.0679;37.6827
2020-06-27T23:00:00;26.2554;26.8101;31.1111
2020-06-28T00:00:00;22.6929;31.1279;28.949
2020-06-28T01:00:00;20.7025;31.1061;37.899
2020-06-28T02:00:00;32.3878;28.9009;40.1197
2020-06-28T03:00:00;23.059;31.8534;41.2543
2020-06-28T04:00:00;21.7832;25.6569;40.3764
2020-06-28T05:00:00;29.4807;33.4079;31.4095
2020-06-28T06:00:00;20.3882;28.969;37.3805
2020-06-28T07:00:00;27.6795;35.8981;48.4641
2020-06-28T08:00:00;37.0668;42.2957;53.1489
2020-06-28T09:00:00;42.8105;52.3044;65.0375
2020-06-28T10:00:00;49.0787;69.079;65.4129
2020-06-28T11:00:00;62.1712;64.3244;74.4312
2020-06-28T12:00:00;56.115;62.3202;83.5096
2020-06-28T13:00:00;43.9344;74.375;91.2748
2020-06-28T14:00:00;57.4562;67.4212;89.4942
2020-06-28T15:00:00;54.6232;69.4611;84.955
2020-06-28T16:00:00;51.9301;61.6127;77.9677
2020-06-28T17:00:00;49.0104;66.1297;71.2948
2020-06-28T18:00:00;42.6657;50.5576;56.9757
2020-06-28T19:00:00;36.7525;53.2588;51.3458
2020-06-28T20:00:00;33.7184;33.0702;41.9655
2020-06-28T21:00:00;21.2896;28.5355;38.8738
2020-06-28T22:00:00;19.2616;37.0;40.7247
2020-06-28T23:00:00;39.1189;30.8409;39.6829
2020-06-29T00:00:00;20.4207;41.3573;41.9133
2020-06-29T01:00:00;24.5007;28.6543;36.3613
2020-06-29T02:00:00;16.5217;31.2852;31.0853
2020-06-29T03:00:00;24.5823;39.5257;35.7503
2020-06-29T04:00:00;19.3339;22.4304;32.3758
2020-06-29T05:00:00;21.7876;21.8112;39.2893
2020-06-29T06:00:00;29.2253;26.0225;34.2046
2020-06-29T07:00:00;33.0132;42.3833;45.4871
2020-06-29T08:00:00;39.8576;38.2202;58.9915
2020-06-29T09:00:00;33.9531;56.4967;60.5082
2020-06-29T10:00:00;56.9651;62.3593;76.4908
2020-06-29T11:00:00;45.7534;74.713;70.8312
2020-06-29T12:00:00;62.0766;73.2697;83.1835
2020-06-29T13:00:00;60.9324;71.6011;83.2826
2020-06-29T14:00:00;58.7114;76.5765;87.8738
2020-06-29T15:00:00;50.1589;70.7368;74.7788
2020-06-29T16:00:00;52.4708;62.3407;69.9153
2020-06-29T17:00:00;45.426;54.0028;75.4212
2020-06-29T18:00:00;42.9543;50.6646;62.2591
2020-06-29T19:00:00;35.7662;46.0691;55.0693
2020-06-29T20:00:00;20.4601;39.1916;42.681
2020-06-29T21:00:00;29.6089;19.324;40.5641
2020-06-29T22:00:00;23.5945;28.9022;37.4961
2020-06-29T23:00:00;21.576;30.1429;37.2033
2020-06-30T00:00:00;21.1984;32.7377;30.1519
2020-06-30T01:00:00;25.7923;38.134;38.5075
2020-06-30T02:00:00;19.5312;30.9283;31.0389
2020-06-30T03:00:00;12.7241;25.4522;32.7072
2020-06-30T04:00:00;26.0356;20.9096;29.1733
2020-06-30T05:00:00;26.5955;33.4351;35.2173
2020-06-30T06:00:00;23.0018;25.6546;41.3224
2020-06-30T07:00:00;24.9137;42.6507;47.1132
2020-06-30T08:00:00;37.4603;53.2566;53.3143
2020-06-30T09:00:00;35.4865;45.791;64.7594
2020-06-30T10:00:00;42.6445;62.4953;72.189
2020-06-30T11:00:00;47.9593;71.1041;77.8996
2020-06-30T12:00:00;58.6535;73.1375;82.5374
2020-06-30T13:00:00;54.0116;59.299;78.5371
2020-06-30T14:00:00;53.5854;65.5126;84.2697
2020-06-30T15:00:00;64.2073;61.6414;72.8745
2020-06-30T16:00:00;53.4751;67.2584;80.4473
2020-06-30T17:00:00;49.4756;61.7924;66.1572
2020-06-30T18:00:00;40.9606;40.022;70.1017
2020-06-30T19:00:00;34.0337;44.7653;43.2972
2020-06-30T20:00:00;19.7211;42.3201;54.3519
2020-06-30T21:00:00;28.8437;30.7399;27.8039
2020-06-30T22:00:00;26.2415;30.7313;30.0003
2020-06-30T23:00:00;23.1042;28.175;37.4953
2020-07-01T00:00:00;23.3139;24.7053;39.0936
2020-07-01T01:00:00;27.6807;29.9147;34.5831
2020-07-01T02:00:00;16.2264;30.2605;40.463
2020-07-01T03:00:00;21.0506;33.0763;32.0172
2020-07-01T04:00:00;18.3185;33.4825;34.0015
2020-07-01T05:00:00;32.8575;30.4293;34.4896
2020-07-01T06:00:00;28.3783;35.4745;33.308
2020-07-01T07:00:00;19.6397;36.4418;36.3089
2020-07-01T08:00:00;29.4468;39.0493;55.4
2020-07-01T09:00:00;42.1474;55.8967;63.6387
2020-07-01T10:00:00;45.4184;60.3577;77.0619
2020-07-01T11:00:00;45.0909;67.1257;71.1395
2020-07-01T12:00:00;64.1576;61.72;78.4537
2020-07-01T13:00:00;57.3874;78.7349;89.7545
2020-07-01T14:00:00;58.1988;73.3334;85.2035
2020-07-01T15:00:00;50.9737;66.6023;84.3976
2020-07-01T16:00:00;55.3242;59.9638;79.8364
2020-07-01T17:00:00;45.8785;65.1116;73.9603
2020-07-01T18:00:00;41.3924;48.0026;73.3189
2020-07-01T19:00:00;40.0706;57.5763;55.9811
2020-07-01T20:00:00;22.5082;35.2504;40.923
2020-07-01T21:00:00;31.9851;38.6025;39.194
2020-07-01T22:00:00;24.9119;29.0776;33.1672
2020-07-01T23:00:00;30.4047;37.9037;35.4503
2020-07-02T00:00:00;18.6229;26.3257;37.8509
2020-07-02T01:00:00;19.3842;30.0942;31.8932
2020-07-02T02:00:00;18.1905;34.0237;33.4485
2020-07-02T03:00:00;25.2515;33.3104;38.3792
2020-07-02T04:00:00;24.3299;35.5038;33.2568
2020-07-02T05:00:00;21.6779;27.5626;40.8669
2020-07-02T06:00:00;18.9297;30.424;31.0692
2020-07-02T07:00:00;24.3202;44.5584;41.0321
2020-07-02T08:00:00;36.7732;42.7432;65.0536
2020-07-02T09:00:00;40.4812;56.3741;56.5626
2020-07-02T10:00:00;44.3526;58.63;71.5374
2020-07-02T11:00:00;59.4483;65.6704;86.8266
2020-07-02T12:00:00;54.0222;68.465;81.5078
2020-07-02T13:00:00;62.1749;65.8395;90.4709
2020-07-02T14:00:00;53.1584;68.4774;86.9994
2020-07-02T15:00:00;55.6577;68.7669;81.6147
2020-07-02T16:00:00;51.4354;64.1274;76.916
2020-07-02T17:00:00;39.2925;67.5895;61.0744
2020-07-02T18:00:00;49.9508;58.5612;62.6181
2020-07-02T19:00:00;36.3398;47.7194;56.6845
2020-07-02T20:00:00;34.3853;34.5007;47.1381
2020-07-02T21:00:00;20.2399;25.8799;48.3293
2020-07-02T22:00:00;23.1758;39.8691;37.4048
2020-07-02T23:00:00;19.6657;24.9506;39.1507
2020-07-03T00:00:00;30.18;30.5693;41.8248
2020-07-03T01:00:00;25.557;31.8047;38.7025
2020-07-03T02:00:00;25.8353;28.4434;35.5698
2020-07-03T03:00:00;30.7909;24.989;35.5941
2020-07-03T04:00:00;29.7817;26.0755;34.2467
2020-07-03T05:00:00;27.8267;27.2675;38.2211
2020-07-03T06:00:00;16.8914;26.4525;35.1484
2020-07-03T07:00:00;27.1748;44.9551;49.1044
2020-07-03T08:00:00;31.9961;46.2238;50.4779
2020-07-03T09:00:00;46.4468;50.8924;64.9479
2020-07-03T10:00:00;48.6339;60.2606;79.4313
2020-07-03T11:00:00;44.7603;67.9808;76.4461
2020-07-03T12:00:00;53.4901;66.3192;90.8657
2020-07-03T13:00:00;48.3541;74.2908;84.5554
2020-07-03T14:00:00;55.5589;63.4251;83.4545
2020-07-03T15:00:00;46.1569;73.8988;82.2338
2020-07-03T16:00:00;54.357;64.5963;76.0121
2020-07-03T17:00:00;49.6704;59.4857;61.7682
2020-07-03T18:00:00;52.3489;50.0463;68.6146
2020-07-03T19:00:00;41.2549;40.1302;66.4869
2020-07-03T20:00:00;28.5386;29.9831;48.3819
2020-07-03T21:00:00;28.0904;26.1861;38.7066
2020-07-03T22:00:00;17.0117;32.9384;35.087
2020-07-03T23:00:00;19.1876;25.1936;41.7889
2020-07-04T00:00:00;25.6657;22.2578;35.8036
2020-07-04T01:00:00;13.2088;25.4547;37.3361
2020-07-04T02:00:00;23.8142;28.0758;28.1739
2020-07-04T03:00:00;18.8987;28.2725;33.3533
2020-07-04T04:00:00;24.5065;29.3555;37.8368
2020-07-04T05:00:00;18.6113;35.163;40.5361
2020-07-04T06:00:00;26.1212;36.2463;40.6747
2020-07-04T07:00:00;30.7498;48.3438;38.0839
2020-07-04T08:00:00;44.0174;38.1449;48.1345
2020-07-04T09:00:00;42.8428;49.232;67.1344
2020-07-04T10:00:00;43.9374;63.2182;67.9369
2020-07-04T11:00:00;50.4784;62.3709;82.0422
2020-07-04T12:00:00;47.7126;72.3462;73.4999
2020-07-04T13:00:00;57.8554;70.8164;83.245
2020-07-04T14:00:00;58.774;77.6769;83.5659
2020-07-04T15:00:00;66.7798;73.2558;84.053
2020-07-04T16:00:00;48.6036;69.9461;72.4134
2020-07-04T17:00:00;46.4417;57.6664;61.8371
2020-07-04T18:00:00;39.9303;53.0241;65.0701
2020-07-04T19:00:00;38.0761;44.7432;58.1555
2020-07-04T20:00:00;32.5616;30.787;51.017
2020-07-04T21:00:00;23.7331;37.3588;34.2072
2020-07-04T22:00:00;29.4316;33.7269;39.8784
2020-07-04T23:00:00;20.9151;28.2749;38.4289
2020-07-05T00:00:00;28.9309;36.523;42.612
2020-07-05T01:00:00;26.6925;26.8482;35.7231
2020-07-05T02:00:00;23.9399;20.8093;27.3505
2020-07-05T03:00:00;22.4253;35.0368;35.6617
2020-07-05T04:00:00;36.1333;23.6072;36.4423
2020-07-05T05:00:00;19.915;29.0211;38.591
2020-07-05T06:00:00;25.4897;31.0306;28.3366
2020-07-05T07:00:00;26.9021;40.2438;44.4195
2020-07-05T08:00:00;45.9437;50.5115;59.8639
2020-07-05T09:00:00;47.2433;56.4157;63.6933
2020-07-05T10:00:00;44.3889;62.4753;70.1423
2020-07-05T11:00:00;54.2758;60.6873;87.1009
2020-07-05T12:00:00;55.7223;69.5135;76.3007
2020-07-05T13:00:00;53.2416;62.2531;89.9028
2020-07-05T14:00:00;59.6155;77.5916;88.8433
2020-07-05T15:00:00;56.3803;61.0294;80.5249
2020-07-05T16:00:00;52.7913;62.9088;77.4048
2020-07-05T17:00:00;47.571;53.1314;71.4887
2020-07-05T18:00:00;44.9644;49.8606;65.1234
2020-07-05T19:00:00;38.1625;46.3366;52.5507
2020-07-05T20:00:00;30.9486;35.6727;43.839
2020-07-05T21:00:00;20.7949;35.7212;34.2239
2020-07-05T22:00:00;32.4688;31.1345;34.3835
2020-07-05T23:00:00;18.7479;27.6855;34.4462
2020-07-06T00:00:00;26.1382;29.3321;24.7959
2020-07-06T01:00:00;22.3988;36.0985;36.4882
2020-07-06T02:00:00;32.7977;34.5444;33.3627
2020-07-06T03:00:00;19.4826;24.3061;26.6659
2020-07-06T04:00:00;20.3237;26.5967;34.2497
2020-07-06T05:00:00;19.1509;32.3739;34.0952
2020-07-06T06:00:00;25.6173;31.7668;42.3762
2020-07-06T07:00:00;23.7879;33.0646;43.2836
2020-07-06T08:00:00;34.6229;50.0151;58.8623
2020-07-06T09:00:00;32.0473;49.057;71.1278
2020-07-06T10:00:00;48.9827;66.2449;68.5306
2020-07-06T11:00:00;49.2117;67.2883;77.3317
2020-07-06T12:00:00;46.9935;62.3826;90.2942
2020-07-06T13:00:00;61.2527;67.1355;84.8819
2020-07-06T14:00:00;49.2864;67.0486;85.6058
2020-07-06T15:00:00;58.4185;68.8416;79.6144
2020-07-06T16:00:00;48.2076;63.6211;81.0045
2020-07-06T17:00:00;55.7885;53.9983;71.4727
2020-07-06T18:00:00;46.5569;46.5401;55.0532
2020-07-06T19:00:00;31.9753;49.0146;53.7472
2020-07-06T20:00:00;26.0678;39.7477;40.0639
2020-07-06T21:00:00;27.0276;30.5277;36.5612
2020-07-06T22:00:00;22.6881;31.3537;31.4158
2020-07-06T23:00:00;23.1533;26.9054;38.3906
2020-07-07T00:00:00;30.3612;30.92;36.2238
2020-07-07T01:00:00;20.2566;42.6925;29.76
2020-07-07T02:00:00;24.4565;35.8728;33.5373
2020-07-07T03:00:00;28.7731;28.558;39.1028
2020-07-07T04:00:00;28.0456;27.3831;41.74
2020-07-07T05:00:00;23.2019;15.6978;31.4879
2020-07-07T06:00:00;22.5555;35.3435;30.5128
2020-07-07T07:00:00;21.9591;42.2495;55.7347
2020-07-07T08:00:00;31.7343;43.5503;55.4745
2020-07-07T09:00:00;44.4009;46.3529;64.671
2020-07-07T10:00:00;47.0912;53.9495;67.974
2020-07-07T11:00:00;52.0874;66.863;78.6453
2020-07-07T12:00:00;59.6301;67.5956;90.2262
2020-07-07T13:00:00;49.8881;73.2388;85.0089
2020-07-07T14:00:00;54.6438;70.2131;89.0619
2020-07-07T15:00:00;55.3774;72.8761;81.7956
2020-07-07T16:00:00;48.192;66.4889;72.4402
2020-07-07T17:00:00;54.938;63.8698;68.2548
2020-07-07T18:00:00;47.3521;43.063;58.6247
2020-07-07T19:00:00;38.4662;40.0977;56.6123
2020-07-07T20:00:00;39.6243;36.4947;52.0992
2020-07-07T21:00:00;16.5055;35.3978;36.8051
2020-07-07T22:00:00;23.9614;39.4026;34.4611
2020-07-07T23:00:00;25.8317;29.1788;32.0518
2020-07-08T00:00:00;19.4272;26.9421;37.7772
2020-07-08T01:00:00;25.5036;20.2252;29.8093
2020-07-08T02:00:00;18.4671;34.3178;30.3295
2020-07-08T03:00:00;27.4528;27.249;40.5008
2020-07-08T04:00:00;29.2892;44.7917;34.6113
2020-07-08T05:00:00;25.3617;26.303;34.5127
2020-07-08T06:00:00;14.736;40.5264;35.1547
2020-07-08T07:00:00;25.8192;42.0583;49.6091
2020-07-08T08:00:00;39.8391;41.1281;56.3509
2020-07-08T09:00:00;42.9151;54.6721;60.4983
2020-07-08T10:00:00;34.3106;63.5827;68.1355
2020-07-08T11:00:00;57.927;63.5148;76.5937
2020-07-08T12:00:00;55.1171;72.2322;83.1618
2020-07-08T13:00:00;51.7293;73.8607;83.5595
2020-07-08T14:00:00;60.7995;72.7626;83.1146
2020-07-08T15:00:00;51.0461;67.9599;81.8821
2020-07-08T16:00:00;48.2706;58.7663;77.3881
2020-07-08T17:00:00;49.5724;59.3419;67.769
2020-07-08T18:00:00;51.7143;54.3917;69.7489
2020-07-08T19:00:00;45.1335;36.8892;53.1118
2020-07-08T20:00:00;32.4517;39.1626;46.6259
2020-07-08T21:00:00;26.3119;29.516;25.6983
2020-07-08T22:00:00;27.9575;23.5169;34.9241
2020-07-08T23:00:00;17.7151;28.335;30.5021
2020-07-09T00:00:00;27.2207;28.4408;31.1049
2020-07-09T01:00:00;20.3296;39.6505;48.1109
2020-07-09T02:00:00;25.5924;31.1006;37.2476
2020-07-09T03:00:00;22.8627;35.1802;42.1301
2020-07-09T04:00:00;26.506;29.4109;40.2765
2020-07-09T05:00:00;24.5905;20.6304;40.9162
2020-07-09T06:00:00;8.6348;33.3617;35.0046
2020-07-09T07:00:00;31.5476;35.0255;54.0118
2020-07-09T08:00:00;40.2263;44.5915;59.7568
2020-07-09T09:00:00;45.0388;48.2466;64.4204
2020-07-09T10:00:00;47.2677;60.0896;72.9874
2020-07-09T11:00:00;59.9236;69.9669;76.8856
2020-07-09T12:00:00;55.9907;72.706;81.9119
2020-07-09T13:00:00;58.0131;77.7118;83.519
2020-07-09T14:00:00;61.0472;78.4207;85.6447
2020-07-09T15:00:00;56.2468;57.8129;90.3506
2020-07-09T16:00:00;47.2227;58.6729;71.5431
2020-07-09T17:00:00;35.5889;50.6848;77.3827
2020-07-09T18:00:00;40.4235;56.6711;62.3725
2020-07-09T19:00:00;40.8203;42.8041;61.8717
2020-07-09T20:00:00;28.8877;35.8706;44.3125
2020-07-09T21:00:00;28.0059;28.917;38.0638
2020-07-09T22:00:00;24.7436;31.9129;35.2058
2020-07-09T23:00:00;30.4403;22.5734;27.347
2020-07-10T00:00:00;22.5239;23.7057;44.6949
2020-07-10T01:00:00;26.3381;30.0065;31.2862
2020-07-10T02:00:00;26.5294;35.9937;36.4194
2020-07-10T03:00:00;31.508;29.873;30.7379
2020-07-10T04:00:00;15.4668;26.0417;29.315
2020-07-10T05:00:00;21.708;19.259;34.9753
2020-07-10T06:00:00;28.2426;34.7634;33.0324
2020-07-10T07:00:00;38.3827;34.6368;40.1357
2020-07-10T08:00:00;38.2159;40.5323;55.3462
2020-07-10T09:00:00;41.3456;44.9348;56.8042
2020-07-10T10:00:00;51.5662;52.5303;72.2983
2020-07-10T11:00:00;56.0563;59.8349;76.9326
2020-07-10T12:00:00;52.6355;66.848;69.2487
2020-07-10T13:00:00;57.4762;63.7372;81.1215
2020-07-10T14:00:00;61.7273;70.7094;86.0791
2020-07-10T15:00:00;63.8861;66.81;76.333
2020-07-10T16:00:00;55.4258;75.751;80.1282
2020-07-10T17:00:00;48.0013;51.2036;73.8343
2020-07-10T18:00:00;42.5388;54.3188;59.1251
2020-07-10T19:00:00;39.8026;47.1395;55.4619
2020-07-10T20:00:00;30.0748;33.1637;50.1047
2020-07-10T21:00:00;24.9482;30.4763;31.6179
2020-07-10T22:00:00;18.7106;33.848;34.9709
2020-07-10T23:00:00;30.4853;30.4825;41.7512
2020-07-11T00:00:00;18.2991;36.9223;31.7118
2020-07-11T01:00:00;21.8394;19.1116;38.2958
2020-07-11T02:00:00;24.488;25.7888;30.604
2020-07-11T03:00:00;33.9549;37.3753;35.1952
2020-07-11T04:00:00;21.8866;34.5601;38.2336
2020-07-11T05:00:00;20.6699;32.7026;23.9774
2020-07-11T06:00:00;21.2459;36.1661;33.3284
2020-07-11T07:00:00;38.9477;28.7337;48.1264
2020-07-11T08:00:00;22.9538;50.2475;56.6526
2020-07-11T09:00:00;37.7954;58.8333;61.6018
2020-07-11T10:00:00;61.4371;56.4323;66.148
2020-07-11T11:00:00;54.6672;77.7872;80.7115
2020-07-11T12:00:00;48.9039;69.024;80.0387
2020-07-11T13:00:00;55.6151;58.817;86.4638
2020-07-11T14:00:00;56.162;71.6872;85.6382
2020-07-11T15:00:00;58.6644;64.443;79.4136
2020-07-11T16:00:00;60.9103;70.466;82.932
2020-07-11T17:00:00;49.7234;62.4655;68.6996
2020-07-11T18:00:00;40.1102;50.5218;70.166
2020-07-11T19:00:00;40.951;53.7817;62.1298
2020-07-11T20:00:00;27.1619;43.0137;51.2303
2020-07-11T21:00:00;18.8333;25.8604;35.0972
2020-07-11T22:00:00;15.2005;29.2398;48.7354
2020-07-11T23:00:00;16.1744;32.5846;36.7592
2020-07-12T00:00:00;19.5178;28.1787;37.2053
2020-07-12T01:00:00;18.1111;28.328;35.8897
2020-07-12T02:00:00;25.5662;30.1836;30.3512
2020-07-12T03:00:00;18.003;24.671;42.4754
2020-07-12T04:00:00;8.2817;18.8362;33.138
2020-07-12T05:00:00;18.7804;31.1957;40.5981
2020-07-12T06:00:00;21.6407;20.0555;41.7978
2020-07-12T07:00:00;27.6259;33.3513;48.9964
2020-07-12T08:00:00;44.6132;37.4116;52.0635
2020-07-12T09:00:00;39.7414;45.2692;62.5083
2020-07-12T10:00:00;52.1853;61.8576;58.2856
2020-07-12T11:00:00;51.6179;63.5295;76.9869
2020-07-12T12:00:00;54.2223;66.7503;85.6643
2020-07-12T13:00:00;51.6478;63.2014;82.5495
2020-07-12T14:00:00;55.5308;66.5016;80.7866
2020-07-12T15:00:00;50.6083;69.9245;80.162
2020-07-12T16:00:00;52.5629;64.3806;83.646
2020-07-12T17:00:00;46.5994;63.8392;71.3991
2020-07-12T18:00:00;38.086;58.3369;73.5033
2020-07-12T19:00:00;41.975;45.0084;52.6697
2020-07-12T20:00:00;32.7874;29.0552;47.0659
2020-07-12T21:00:00;21.7597;26.2168;33.833
2020-07-12T22:00:00;24.7275;29.5116;46.3724
2020-07-12T23:00:00;23.5809;26.1176;36.8985
2020-07-13T00:00:00;19.662;24.7269;46.6404
2020-07-13T01:00:00;24.3525;30.3488;33.8994
2020-07-13T02:00:00;20.8949;42.1515;43.6379
2020-07-13T03:00:00;19.2753;27.5591;36.59
2020-07-13T04:00:00;15.8862;29.986;40.1833
2020-07-13T05:00:00;22.207;23.4398;29.9014
2020-07-13T06:00:00;26.8349;36.217;37.7421
2020-07-13T07:00:00;27.1799;42.6902;40.6342
2020-07-13T08:00:00;49.6191;50.2981;56.8088
2020-07-13T09:00:00;47.2376;60.3104;56.6217
2020-07-13T10:00:00;54.3023;57.5891;71.2005
2020-07-13T11:00:00;55.689;63.1289;83.0473
2020-07-13T12:00:00;63.6981;76.5917;84.3885
2020-07-13T13:00:00;51.8897;72.9445;77.5673
2020-07-13T14:00:00;43.021;58.6848;74.2451
2020-07-13T15:00:00;52.2032;70.3164;84.1354
2020-07-13T16:00:00;54.5039;61.7325;85.4752
2020-07-13T17:00:00;48.5382;64.2167;66.8512
2020-07-13T18:00:00;44.1865;55.5524;74.7007
2020-07-13T19:00:00;43.6201;37.5668;55.4909
2020-07-13T20:00:00;32.5635;39.6606;36.1863
2020-07-13T21:00:00;27.9946;31.0531;28.1956
2020-07-13T22:00:00;19.3022;31.8173;39.8497
2020-07-13T23:00:00;18.523;32.8776;36.6478
2020-07-14T00:00:00;32.0706;37.4798;43.4111
2020-07-14T01:00:00;24.5045;32.0694;30.0094
2020-07-14T02:00:00;20.8839;30.1145;36.5925
2020-07-14T03:00:00;20.893;35.7398;36.0338
2020-07-14T04:00:00;20.7544;41.2137;35.2849
2020-07-14T05:00:00;20.4552;34.5754;34.087
2020-07-14T06:00:00;17.5843;31.031;34.1865
2020-07-14T07:00:00;23.1511;40.4791;46.853
2020-07-14T08:00:00;36.0406;47.5497;57.0363
2020-07-14T09:00:00;39.8445;53.604;65.4766
2020-07-14T10:00:00;53.3164;70.5516;77.7009
2020-07-14T11:00:00;53.1782;60.8957;71.5628
2020-07-14T12:00:00;55.7604;73.8168;72.5923
2020-07-14T13:00:00;52.1091;69.1516;88.8219
2020-07-14T14:00:00;55.2196;62.3788;79.0194
2020-07-14T15:00:00;56.2388;67.1007;79.7533
2020-07-14T16:00:00;55.2938;61.9071;74.5087
2020-07-14T17:00:00;47.3112;62.6137;68.5034
2020-07-14T18:00:00;48.2047;53.9679;56.9224
2020-07-14T19:00:00;37.0555;41.1593;52.6757
2020-07-14T20:00:00;34.6174;45.6715;49.2264
2020-07-14T21:00:00;21.5507;35.4507;35.9803
2020-07-14T22:00:00;14.9371;37.9303;38.5225
2020-07-14T23:00:00;25.3418;31.1848;33.5196
2020-07-15T00:00:00;27.6266;29.8213;40.5142
2020-07-15T01:00:00;26.8767;33.5178;33.4582
2020-07-15T02:00:00;26.1109;27.1126;25.4572
2020-07-15T03:00:00;22.2571;30.6503;37.5831
2020-07-15T04:00:00;19.9663;29.1216;39.8369
2020-07-15T05:00:00;26.7586;22.6948;33.2038
2020-07-15T06:00:00;26.1322;30.6373;41.996
2020-07-15T07:00:00;27.8487;36.1116;41.7263
2020-07-15T08:00:00;42.5627;45.0567;58.877
2020-07-15T09:00:00;38.3948;55.3303;72.9376
2020-07-15T10:00:00;44.863;66.0885;71.8546
2020-07-15T11:00:00;59.8949;60.3972;76.4368
2020-07-15T12:00:00;58.7767;66.3595;81.1224
2020-07-15T13:00:00;54.0347;65.9555;91.8785
2020-07-15T14:00:00;57.2616;65.63;85.751
2020-07-15T15:00:00;55.2078;65.0694;92.3717
2020-07-15T16:00:00;37.9847;63.6588;78.9655
2020-07-15T17:00:00;43.2483;62.6552;68.402
2020-07-15T18:00:00;42.5549;55.1136;61.2962
2020-07-15T19:00:00;35.2325;40.9852;55.8314
2020-07-15T20:00:00;31.8887;44.7873;35.7731
2020-07-15T21:00:00;29.6474;34.7221;33.6251
2020-07-15T22:00:00;22.3923;25.4941;33.736
2020-07-15T23:00:00;18.7117;36.1206;37.1989
2020-07-16T00:00:00;25.6243;31.6347;45.7091
2020-07-16T01:00:00;22.3669;29.2177;36.2741
2020-07-16T02:00:00;23.2197;31.7904;26.3867
2020-07-16T03:00:00;22.5411;29.8711;31.4305
2020-07-16T04:00:00;35.2092;32.7254;37.3114
2020-07-16T05:00:00;12.7965;30.9366;36.465
2020-07-16T06:00:00;22.0583;28.3129;44.1223
2020-07-16T07:00:00;30.6347;28.1873;50.7801
2020-07-16T08:00:00;33.1099;48.9054;60.1739
2020-07-16T09:00:00;47.3083;51.6431;63.128
2020-07-16T10:00:00;51.8469;63.6155;77.1666
2020-07-16T11:00:00;51.474;67.0494;73.0896
2020-07-16T12:00:00;53.0804;66.3039;86.4922
2020-07-16T13:00:00;55.2649;74.8958;82.325
2020-07-16T14:00:00;55.3008;70.8051;76.4971
2020-07-16T15:00:00;54.0419;68.8605;84.6169
2020-07-16T16:00:00;50.7728;63.9505;84.5569
2020-07-16T17:00:00;49.0429;68.1436;69.6379
2020-07-16T18:00:00;46.5752;49.9451;72.0275
2020-07-16T19:00:00;30.8643;44.6561;47.2437
2020-07-16T20:00:00;25.3999;32.1298;39.9958
2020-07-16T21:00:00;15.2574;33.6337;35.2664
2020-07-16T22:00:00;28.332;27.0893;34.1462
2020-07-16T23:00:00;25.2516;27.6498;32.6643
2020-07-17T00:00:00;26.5263;27.4153;36.6684
2020-07-17T01:00:00;16.8525;30.3136;33.357
2020-07-17T02:00:00;32.9247;23.7462;34.2051
2020-07-17T03:00:00;20.9557;18.7838;37.3921
2020-07-17T04:00:00;24.841;32.2885;32.6623
2020-07-17T05:00:00;28.2719;19.4322;35.4699
2020-07-17T06:00:00;19.0651;34.2707;32.7723
2020-07-17T07:00:00;27.9216;46.1091;39.9517
2020-07-17T08:00:00;37.9114;45.4483;59.3419
2020-07-17T09:00:00;57.0965;60.0089;72.7527
2020-07-17T10:00:00;49.2863;59.6045;76.9938
2020-07-17T11:00:00;59.7446;72.6372;79.2278
2020-07-17T12:00:00;60.4622;65.7612;78.4431
2020-07-17T13:00:00;57.6648;57.9565;82.3025
2020-07-17T14:00:00;50.8787;69.3813;89.0222
2020-07-17T15:00:00;59.7326;76.5821;70.2433
2020-07-17T16:00:00;44.2223;67.3159;75.7529
2020-07-17T17:00:00;55.785;57.1492;75.3415
2020-07-17T18:00:00;43.8092;55.1559;58.5223
2020-07-17T19:00:00;23.7645;51.1251;57.6403
2020-07-17T20:00:00;28.9506;37.8884;47.8647
2020-07-17T21:00:00;27.2697;43.132;28.7283
2020-07-17T22:00:00;22.8149;27.4129;36.4349
2020-07-17T23:00:00;27.575;35.0126;32.9128
2020-07-18T00:00:00;19.7499;33.8097;38.0805
2020-07-18T01:00:00;17.4701;26.5009;39.3489
2020-07-18T02:00:00;23.6428;27.8778;37.9947
2020-07-18T03:00:00;24.1578;35.0905;36.363
2020-07-18T04:00:00;22.2581;30.7239;37.4444
2020-07-18T05:00:00;30.1365;31.6904;30.1197
2020-07-18T06:00:00;19.749;21.8202;35.8462
2020-07-18T07:00:00;32.219;41.5965;41.9973
2020-07-18T08:00:00;37.3554;47.7059;60.6811
2020-07-18T09:00:00;35.0255;53.1919;67.6299
2020-07-18T10:00:00;41.1855;61.5303;75.073
2020-07-18T11:00:00;51.7724;62.5949;86.1367
2020-07-18T12:00:00;64.3398;65.0827;80.0008
2020-07-18T13:00:00;58.721;68.5714;80.992
2020-07-18T14:00:00;47.1965;67.4599;81.969
2020-07-18T15:00:00;38.8814;78.9449;73.6395
2020-07-18T16:00:00;55.3781;69.2004;69.9513
2020-07-18T17:00:00;47.2996;54.8834;74.7765
2020-07-18T18:00:00;48.5155;63.6929;57.238
2020-07-18T19:00:00;32.612;44.1052;50.1488
2020-07-18T20:00:00;32.4042;38.4637;45.4712
2020-07-18T21:00:00;28.2309;34.4871;33.9389
2020-07-18T22:00:00;21.7627;20.1501;40.4283
2020-07-18T23:00:00;21.8696;28.8149;36.3023
2020-07-19T00:00:00;24.1263;27.1333;32.0077
2020-07-19T01:00:00;26.7134;31.0254;40.8582
2020-07-19T02:00:00;23.9283;31.8502;39.644
2020-07-19T03:00:00;28.87;29.6137;28.9451
2020-07-19T04:00:00;21.6903;29.3818;37.2613
2020-07-19T05:00:00;17.358;35.3257;32.4246
2020-07-19T06:00:00;33.8849;31.5074;32.2928
2020-07-19T07:00:00;27.63;38.5236;55.3273
2020-07-19T08:00:00;34.1734;47.0088;56.1447
2020-07-19T09:00:00;42.4801;62.6909;63.126
2020-07-19T10:00:00;48.1165;60.5892;72.0957
2020-07-19T11:00:00;49.7794;62.0688;81.9404
2020-07-19T12:00:00;54.3466;58.4973;78.1427
2020-07-19T13:00:00;55.6259;62.6112;81.0828
2020-07-19T14:00:00;56.6988;67.4457;87.0204
2020-07-19T15:00:00;42.6464;67.5004;74.0688
2020-07-19T16:00:00;61.1172;61.8629;82.5231
2020-07-19T17:00:00;47.0442;61.4815;63.6451
2020-07-19T18:00:00;45.7122;50.6689;62.9849
2020-07-19T19:00:00;30.1251;41.697;47.5292
2020-07-19T20:00:00;28.2982;41.3797;40.6985
2020-07-19T21:00:00;20.6384;36.847;42.4883
2020-07-19T22:00:00;31.3486;24.4642;41.2223
2020-07-19T23:00:00;21.0709;31.2186;41.7566
2020-07-20T00:00:00;27.7904;20.475;28.7551
2020-07-20T01:00:00;20.7479;22.6273;30.7447
2020-07-20T02:00:00;21.7369;27.0562;37.6994
2020-07-20T03:00:00;22.7722;35.6746;39.5766
2020-07-20T04:00:00;30.4192;26.1065;32.0024
2020-07-20T05:00:00;14.5507;25.9195;33.1054
2020-07-20T06:00:00;17.4217;30.1804;30.3433
2020-07-20T07:00:00;20.9166;38.5019;54.271
2020-07-20T08:00:00;31.5781;42.3438;53.1486
2020-07-20T09:00:00;38.7511;63.4425;64.3702
2020-07-20T10:00:00;39.7082;58.399;72.0892
2020-07-20T11:00:00;48.0421;65.2089;83.0973
2020-07-20T12:00:00;44.3602;66.0334;76.8884
2020-07-20T13:00:00;50.7348;71.9807;89.5784
2020-07-20T14:00:00;61.8268;75.9557;77.3434
2020-07-20T15:00:00;56.4517;76.3606;87.4793
2020-07-20T16:00:00;52.6502;60.8297;68.9927
2020-07-20T17:00:00;42.7667;65.2298;71.1482
2020-07-20T18:00:00;35.1287;56.2598;72.3409
2020-07-20T19:00:00;31.3198;51.1421;59.0096
2020-07-20T20:00:00;30.4371;37.8571;48.086
2020-07-20T21:00:00;28.3409;29.0648;30.7579
2020-07-20T22:00:00;28.5118;34.6786;32.326
2020-07-20T23:00:00;27.1531;34.7735;42.722
2020-07-21T00:00:00;20.3122;37.8286;38.3617
2020-07-21T01:00:00;24.1227;30.9927;40.4512
2020-07-21T02:00:00;22.3933;29.4654;36.369
2020-07-21T03:00:00;22.9941;17.7007;34.5913
2020-07-21T04:00:00;34.1856;21.9437;39.8333
2020-07-21T05:00:00;15.19;28.0287;37.2968
2020-07-21T06:00:00;22.8266;24.4947;35.1502
2020-07-21T07:00:00;36.7119;42.3871;38.9097
2020-07-21T08:00:00;29.6861;39.7194;60.2929
2020-07-21T09:00:00;39.5904;51.0049;66.4138
2020-07-21T10:00:00;45.1354;57.4157;68.6396
2020-07-21T11:00:00;50.5964;70.6647;83.4655
2020-07-21T12:00:00;46.454;65.0011;82.8698
2020-07-21T13:00:00;58.8011;72.0429;85.054
2020-07-21T14:00:00;59.1561;70.7594;88.1565
2020-07-21T15:00:00;56.9757;72.5587;84.9942
2020-07-21T16:00:00;47.3609;68.8921;79.0376
2020-07-21T17:00:00;48.2132;59.5586;70.728
2020-07-21T18:00:00;38.3119;45.0299;74.132
2020-07-21T19:00:00;35.3526;45.1108;51.8544
2020-07-21T20:00:00;41.4205;38.2167;49.7096
2020-07-21T21:00:00;24.4785;31.43;35.5807
2020-07-21T22:00:00;18.0624;26.3122;38.2736
2020-07-21T23:00:00;24.9017;35.7045;42.1671
2020-07-22T00:00:00;17.241;30.0681;34.4421
2020-07-22T01:00:00;18.0049;25.3975;39.0092
2020-07-22T02:00:00;18.7944;27.7089;37.3278
2020-07-22T03:00:00;21.7785;39.6427;32.7935
2020-07-22T04:00:00;28.6848;33.3219;42.2905
2020-07-22T05:00:00;26.892;35.2423;39.5559
2020-07-22T06:00:00;26.615;24.7921;33.8273
2020-07-22T07:00:00;25.1586;34.8723;51.4977
2020-07-22T08:00:00;34.309;42.8624;51.3663
2020-07-22T09:00:00;44.1691;54.4334;64.069
2020-07-22T10:00:00;44.639;58.8558;69.5248
2020-07-22T11:00:00;50.321;62.1935;81.3258
2020-07-22T12:00:00;56.6406;66.2219;79.2523
2020-07-22T13:00:00;54.0808;65.8107;87.5295
2020-07-22T14:00:00;56.955;68.8817;86.7094
2020-07-22T15:00:00;62.3975;73.6083;79.7745
2020-07-22T16:00:00;50.8535;57.0753;86.7178
2020-07-22T17:00:00;53.6773;61.4582;67.9448
2020-07-22T18:00:00;45.606;60.4119;57.1686
2020-07-22T19:00:00;29.6794;45.3535;59.8039
2020-07-22T20:00:00;25.1425;35.6721;35.2327
2020-07-22T21:00:00;19.832;34.6212;43.4591
2020-07-22T22:00:00;19.7258;25.0789;36.5088
2020-07-22T23:00:00;23.5486;29.8865;28.8651
2020-07-23T00:00:00;27.0732;24.8008;31.2577
2020-07-23T01:00:00;30.2758;20.6495;27.8296
2020-07-23T02:00:00;25.5409;29.2401;37.9144
2020-07-23T03:00:00;21.7716;23.683;29.3654
2020-07-23T04:00:00;13.5888;29.9416;38.5104
2020-07-23T05:00:00;24.3529;35.5751;34.4759
2020-07-23T06:00:00;24.1289;39.2713;33.6232
2020-07-23T07:00:00;31.5678;38.7841;48.5265
2020-07-23T08:00:00;47.5468;51.3655;58.6409
2020-07-23T09:00:00;49.0121;55.5062;69.9427
2020-07-23T10:00:00;51.7059;57.8102;68.5021
2020-07-23T11:00:00;46.9024;55.0171;77.4202
2020-07-23T12:00:00;51.8688;76.1747;78.4741
2020-07-23T13:00:00;55.3505;64.5354;84.552
2020-07-23T14:00:00;51.9477;76.6947;79.8456
2020-07-23T15:00:00;56.9361;70.7263;79.5302
2020-07-23T16:00:00;53.4974;59.761;75.4742
2020-07-23T17:00:00;42.3391;61.2858;73.1378
2020-07-23T18:00:00;48.7932;64.176;64.2285
2020-07-23T19:00:00;37.5271;53.9477;58.0549
2020-07-23T20:00:00;22.0078;35.7529;45.4448
2020-07-23T21:00:00;23.7433;26.4401;33.1012
2020-07-23T22:00:00;25.406;30.501;36.9564
2020-07-23T23:00:00;28.864;29.1724;31.4141
2020-07-24T00:00:00;22.3126;35.9987;38.8458
2020-07-24T01:00:00;28.1397;33.6979;34.5727
2020-07-24T02:00:00;24.9357;21.5388;37.0226
2020-07-24T03:00:00;17.4247;32.2934;37.1001
2020-07-24T04:00:00;16.9242;29.1045;44.0077
2020-07-24T05:00:00;29.6128;30.1855;37.9079
2020-07-24T06:00:00;29.9799;31.2447;36.3661
2020-07-24T07:00:00;32.2677;44.3101;42.5179
2020-07-24T08:00:00;44.4941;51.1584;59.5353
2020-07-24T09:00:00;48.0922;49.7627;62.8627
2020-07-24T10:00:00;51.1988;59.4327;64.0436
2020-07-24T11:00:00;47.1563;62.3984;76.5938
2020-07-24T12:00:00;63.091;59.633;82.6082
2020-07-24T13:00:00;58.5062;69.234;79.6445
2020-07-24T14:00:00;53.8955;79.0046;83.1461
2020-07-24T15:00:00;51.0925;59.482;81.2933
2020-07-24T16:00:00;52.9967;64.5207;77.2897
2020-07-24T17:00:00;39.4253;59.4451;77.8442
2020-07-24T18:00:00;46.3075;54.9501;57.6559
2020-07-24T19:00:00;32.2477;41.4558;65.6924
2020-07-24T20:00:00;32.5062;31.1909;45.8156
2020-07-24T21:00:00;21.3919;23.107;38.9011
2020-07-24T22:00:00;22.6779;36.6547;36.6392
2020-07-24T23:00:00;20.2155;25.0866;27.3699
2020-07-25T00:00:00;23.1939;27.5022;30.7171
2020-07-25T01:00:00;33.4469;40.5232;33.3786
2020-07-25T02:00:00;30.9253;26.3287;40.9686
2020-07-25T03:00:00;25.7724;31.712;29.0784
2020-07-25T04:00:00;23.8735;35.3191;31.7213
2020-07-25T05:00:00;28.221;35.0786;36.8243
2020-07-25T06:00:00;29.6499;23.3421;38.3643
2020-07-25T07:00:00;26.5041;34.7497;48.1934
2020-07-25T08:00:00;36.6284;47.7813;50.6033
2020-07-25T09:00:00;33.6993;63.1565;56.2237
2020-07-25T10:00:00;53.3961;55.9182;74.3662
2020-07-25T11:00:00;62.0379;62.173;84.7348
2020-07-25T12:00:00;54.8342;70.1401;79.9242
2020-07-25T13:00:00;45.1997;72.8792;78.0136
2020-07-25T14:00:00;58.8692;73.1821;81.5876
2020-07-25T15:00:00;49.9134;63.8105;83.621
2020-07-25T16:00:00;48.3961;61.9808;76.4035
2020-07-25T17:00:00;50.9135;60.8033;78.7069
2020-07-25T18:00:00;44.0819;59.823;68.8385
2020-07-25T19:00:00;34.575;45.077;56.445
2020-07-25T20:00:00;27.4051;38.205;36.2081
2020-07-25T21:00:00;24.6292;24.8704;32.5387
2020-07-25T22:00:00;21.9527;39.3161;33.2599
2020-07-25T23:00:00;18.4538;30.7713;32.2669
2020-07-26T00:00:00;22.3372;35.3888;36.9541
2020-07-26T01:00:00;25.698;30.1495;37.0572
2020-07-26T02:00:00;23.1095;30.4263;27.6296
2020-07-26T03:00:00;16.9325;22.4985;40.023
2020-07-26T04:00:00;28.9453;19.2462;36.0806
2020-07-26T05:00:00;10.3059;36.2595;37.7882
2020-07-26T06:00:00;21.7682;30.3903;39.7241
2020-07-26T07:00:00;27.5522;39.3486;42.1449
2020-07-26T08:00:00;37.7565;40.0242;61.8179
2020-07-26T09:00:00;45.6174;48.9961;63.5047
2020-07-26T10:00:00;53.4145;65.0373;79.2337
2020-07-26T11:00:00;48.1508;73.3417;73.0996
2020-07-26T12:00:00;57.3667;64.9359;88.8419
2020-07-26T13:00:00;56.8038;73.1383;79.2171
2020-07-26T14:00:00;47.267;70.731;96.481
2020-07-26T15:00:00;63.9365;67.4396;76.8915
2020-07-26T16:00:00;44.5189;73.9008;82.8522
2020-07-26T17:00:00;49.8781;57.4598;69.859
2020-07-26T18:00:00;44.7589;59.715;67.7888
2020-07-26T19:00:00;38.3938;48.1766;55.3207
2020-07-26T20:00:00;28.1803;38.232;40.5236
2020-07-26T21:00:00;28.1363;36.8601;22.0158
2020-07-26T22:00:00;16.1982;31.4507;48.5379
2020-07-26T23:00:00;23.6709;29.5179;36.3651
2020-07-27T00:00:00;21.1806;36.8972;21.2823
2020-07-27T01:00:00;20.6135;36.2463;37.513
2020-07-27T02:00:00;26.1437;36.0098;39.4479
2020-07-27T03:00:00;29.3874;10.561;32.4246
2020-07-27T04:00:00;22.2837;32.2009;32.4582
2020-07-27T05:00:00;27.9034;31.0606;35.9008
2020-07-27T06:00:00;24.2487;29.8257;42.013
2020-07-27T07:00:00;26.1895;41.3654;46.4796
2020-07-27T08:00:00;35.7258;47.5723;62.8395
2020-07-27T09:00:00;41.3117;56.9004;69.8698
2020-07-27T10:00:00;44.2973;58.386;70.527
2020-07-27T11:00:00;53.8552;72.1319;69.7166
2020-07-27T12:00:00;55.607;71.937;80.5174
2020-07-27T13:00:00;47.8715;72.4935;86.3695
2020-07-27T14:00:00;47.5671;72.2494;84.0365
2020-07-27T15:00:00;56.5572;73.8287;84.8228
2020-07-27T16:00:00;47.6364;69.7495;81.8863
2020-07-27T17:00:00;49.2908;59.1619;74.3252
2020-07-27T18:00:00;46.7138;58.463;62.837
2020-07-27T19:00:00;30.6608;47.1397;58.1228
2020-07-27T20:00:00;23.5955;47.9011;57.1572
2020-07-27T21:00:00;32.3722;35.4886;28.5506
2020-07-27T22:00:00;25.7579;26.872;38.4364
2020-07-27T23:00:00;21.9038;41.6536;45.16
2020-07-28T00:00:00;19.3303;19.4898;30.1271
2020-07-28T01:00:00;21.4478;33.1868;41.0055
2020-07-28T02:00:00;18.0471;26.5188;41.6736
2020-07-28T03:00:00;28.4171;39.4109;28.6158
2020-07-28T04:00:00;20.1162;31.264;39.5618
2020-07-28T05:00:00;29.4677;26.031;34.6434
2020-07-28T06:00:00;21.9969;28.6675;35.6978
2020-07-28T07:00:00;25.4364;34.7468;44.355
2020-07-28T08:00:00;34.8841;44.7406;62.0868
2020-07-28T09:00:00;29.6883;51.8682;63.6531
2020-07-28T10:00:00;47.1768;55.97;69.3544
2020-07-28T11:00:00;50.8622;65.9913;75.3373
2020-07-28T12:00:00;58.5575;69.9984;79.9458
2020-07-28T13:00:00;46.3932;64.7993;78.3394
2020-07-28T14:00:00;61.634;61.4895;81.3764
2020-07-28T15:00:00;58.5368;69.597;82.2391
2020-07-28T16:00:00;57.973;67.3006;79.5911
2020-07-28T17:00:00;47.517;63.3769;77.6911
2020-07-28T18:00:00;47.8786;56.2673;65.4186
2020-07-28T19:00:00;29.6594;54.133;53.151
2020-07-28T20:00:00;34.2184;43.3018;40.9246
2020-07-28T21:00:00;20.1442;43.3991;37.4724
2020-07-28T22:00:00;15.743;45.5032;35.4131
2020-07-28T23:00:00;18.3793;21.2095;35.5784
2020-07-29T00:00:00;24.0277;19.0143;37.3126
2020-07-29T01:00:00;19.8785;29.963;38.5969
2020-07-29T02:00:00;25.8804;32.5212;37.3487
2020-07-29T03:00:00;14.9588;29.6206;35.1474
2020-07-29T04:00:00;13.3645;33.5179;31.9931
2020-07-29T05:00:00;30.8619;28.6488;32.9361
2020-07-29T06:00:00;28.519;26.5302;40.2413
2020-07-29T07:00:00;25.4067;35.602;43.8618
2020-07-29T08:00:00;37.0006;45.2686;48.7931
2020-07-29T09:00:00;47.9067;57.729;70.0116
2020-07-29T10:00:00;49.8766;57.2921;66.9591
2020-07-29T11:00:00;52.4539;63.1962;77.7455
2020-07-29T12:00:00;59.9096;70.8933;84.1065
2020-07-29T13:00:00;52.1711;68.7869;83.7531
2020-07-29T14:00:00;55.9806;75.3644;71.3464
2020-07-29T15:00:00;54.3446;63.4447;83.6032
2020-07-29T16:00:00;50.349;58.9592;84.2015
2020-07-29T17:00:00;45.8316;61.2489;75.6036
2020-07-29T18:00:00;43.1735;55.5329;53.5937
2020-07-29T19:00:00;37.1876;41.9447;66.1596
2020-07-29T20:00:00;25.411;45.0344;39.3505
2020-07-29T21:00:00;28.009;39.6247;30.6079
2020-07-29T22:00:00;19.1181;26.8607;39.9094
2020-07-29T23:00:00;22.9088;37.4365;38.2642
2020-07-30T00:00:00;22.5236;18.0893;36.4017
2020-07-30T01:00:00;25.7905;35.3806;33.153
2020-07-30T02:00:00;13.4045;25.7112;42.6543
2020-07-30T03:00:00;28.4545;34.8804;35.8034
2020-07-30T04:00:00;20.615;25.1936;28.1709
2020-07-30T05:00:00;30.0998;29.6576;42.1615
2020-07-30T06:00:00;21.6092;25.9494;37.0964
2020-07-30T07:00:00;30.409;37.2471;51.5548
2020-07-30T08:00:00;46.5845;55.4191;58.3861
2020-07-30T09:00:00;41.4224;52.9717;76.1718
2020-07-30T10:00:00;53.9749;70.2773;70.1211
2020-07-30T11:00:00;51.908;62.712;77.6497
2020-07-30T12:00:00;56.5109;75.5011;85.2499
2020-07-30T13:00:00;56.1745;61.6524;82.2181
2020-07-30T14:00:00;60.064;68.3483;87.7502
2020-07-30T15:00:00;51.0062;65.3617;66.9136
2020-07-30T16:00:00;46.7926;72.3295;77.2053
2020-07-30T17:00:00;44.5878;60.652;71.156
2020-07-30T18:00:00;43.3077;43.071;63.5176
2020-07-30T19:00:00;35.9115;39.7188;51.1387
2020-07-30T20:00:00;34.2045;33.2532;50.5104
2020-07-30T21:00:00;30.5237;34.6703;33.4778
2020-07-30T22:00:00;19.1208;34.025;37.0014
2020-07-30T23:00:00;20.3303;28.498;35.8142
2020-07-31T00:00:00;16.8188;27.2575;38.5018
2020-07-31T01:00:00;34.1519;33.5819;43.1548
2020-07-31T02:00:00;25.5233;24.3524;36.9755
2020-07-31T03:00:00;26.399;32.2883;40.207
2020-07-31T04:00:00;17.299;31.8626;36.7244
2020-07-31T05:00:00;23.9942;28.6271;33.47
2020-07-31T06:00:00;26.5462;31.9884;35.2922
2020-07-31T07:00:00;29.3894;38.8269;44.562
2020-07-31T08:00:00;42.3941;48.7566;58.3642
2020-07-31T09:00:00;54.3683;46.8409;64.747
2020-07-31T10:00:00;43.0453;62.7983;67.6996
2020-07-31T11:00:00;46.6024;69.774;76.4594
2020-07-31T12:00:00;50.045;69.647;74.0211
2020-07-31T13:00:00;63.8557;72.787;82.814
2020-07-31T14:00:00;61.0365;69.2313;83.7436
2020-07-31T15:00:00;53.7562;72.4989;90.693
2020-07-31T16:00:00;51.8956;64.9673;84.3115
2020-07-31T17:00:00;43.6979;53.9861;66.5006
2020-07-31T18:00:00;47.2593;57.6125;65.2225
2020-07-31T19:00:00;35.1161;38.0987;56.6199
2020-07-31T20:00:00;29.3528;39.7304;44.8276
2020-07-31T21:00:00;27.0439;28.0789;35.1666
2020-07-31T22:00:00;23.06;27.7594;34.2303
2020-07-31T23:00:00;22.8252;30.8599;45.3635
2020-08-01T00:00:00;24.0529;26.4536;33.9191
2020-08-01T01:00:00;27.9768;32.561;37.7047
2020-08-01T02:00:00;32.2325;30.284;23.3548
2020-08-01T03:00:00;26.9274;26.9135;40.1178
2020-08-01T04:00:00;28.0166;36.6909;41.9213
2020-08-01T05:00:00;23.0007;31.0239;30.7398
2020-08-01T06:00:00;20.461;33.154;33.4406
2020-08-01T07:00:00;33.9231;45.3994;48.2373
2020-08-01T08:00:00;37.8718;53.2704;55.6207
2020-08-01T09:00:00;35.696;56.4103;66.5455
2020-08-01T10:00:00;46.1403;58.2125;70.2347
2020-08-01T11:00:00;51.2983;57.4925;86.8855
2020-08-01T12:00:00;51.8815;69.0757;78.302
2020-08-01T13:00:00;63.2334;75.2538;97.1949
2020-08-01T14:00:00;58.2239;71.5524;89.9467
2020-08-01T15:00:00;61.2997;50.8193;85.8113
2020-08-01T16:00:00;53.0299;68.9913;72.3668
2020-08-01T17:00:00;48.1876;64.3833;76.2194
2020-08-01T18:00:00;38.1261;52.0053;67.2334
2020-08-01T19:00:00;37.0752;51.2113;44.9253
2020-08-01T20:00:00;30.7184;41.4563;38.9568
2020-08-01T21:00:00;17.1644;26.5725;37.7881
2020-08-01T22:00:00;21.3024;36.3565;35.3335
2020-08-01T23:00:00;22.3836;23.6626;33.4176
2020-08-02T00:00:00;26.0674;29.7138;41.3947
2020-08-02T01:00:00;26.3068;29.215;31.5811
2020-08-02T02:00:00;21.0934;25.8728;33.7238
2020-08-02T03:00:00;26.3443;31.519;32.7649
2020-08-02T04:00:00;23.0896;36.5518;38.5508
2020-08-02T05:00:00;9.6519;36.2387;27.4027
2020-08-02T06:00:00;21.5765;33.6183;33.5116
2020-08-02T07:00:00;36.0481;29.8369;37.3659
2020-08-02T08:00:00;28.6065;39.5897;53.959
2020-08-02T09:00:00;43.3726;54.3423;67.8289
2020-08-02T10:00:00;55.7069;59.5546;75.3754
2020-08-02T11:00:00;47.9097;62.1506;73.9312
2020-08-02T12:00:00;54.4446;77.5689;84.3173
2020-08-02T13:00:00;49.3046;70.3102;82.8112
2020-08-02T14:00:00;63.9609;72.4929;90.5425
2020-08-02T15:00:00;54.0171;72.9817;81.0009
2020-08-02T16:00:00;51.9459;64.9158;62.704
2020-08-02T17:00:00;54.5521;72.6811;76.1444
2020-08-02T18:00:00;46.1165;48.8095;61.9182
2020-08-02T19:00:00;32.6374;43.2391;54.1524
2020-08-02T20:00:00;27.4168;33.6023;47.6594
2020-08-02T21:00:00;26.4747;37.8133;28.8765
2020-08-02T22:00:00;20.8794;34.0104;36.3733
2020-08-02T23:00:00;13.4138;27.2792;38.6725
2020-08-03T00:00:00;23.7338;25.6806;37.8203
2020-08-03T01:00:00;16.5989;36.9245;33.0053
2020-08-03T02:00:00;32.0814;31.8084;40.9597
2020-08-03T03:00:00;24.8839;37.0521;31.0125
2020-08-03T04:00:00;19.4741;29.6993;32.8724
2020-08-03T05:00:00;20.5068;32.5577;35.32
2020-08-03T06:00:00;14.553;31.5011;37.4773
2020-08-03T07:00:00;25.1559;35.1959;44.357
2020-08-03T08:00:00;42.0972;45.5487;61.6663
2020-08-03T09:00:00;53.9681;47.5899;65.6901
2020-08-03T10:00:00;51.4126;62.1963;72.0492
2020-08-03T11:00:00;51.2526;68.4473;78.8699
2020-08-03T12:00:00;52.274;72.9931;85.3152
2020-08-03T13:00:00;51.0422;73.1136;84.9409
2020-08-03T14:00:00;66.1235;69.1398;74.6895
2020-08-03T15:00:00;53.4901;75.8021;87.0983
2020-08-03T16:00:00;62.291;69.1026;78.1676
2020-08-03T17:00:00;54.7482;66.6685;75.0952
2020-08-03T18:00:00;34.1051;60.7678;62.184
2020-08-03T19:00:00;33.6858;45.6415;46.3898
2020-08-03T20:00:00;27.3079;40.2559;34.5852
2020-08-03T21:00:00;23.6008;33.8728;31.2782
2020-08-03T22:00:00;23.6984;24.2543;38.5865
2020-08-03T23:00:00;38.9812;24.3651;42.4895
2020-08-04T00:00:00;18.6139;23.5034;37.5099
2020-08-04T01:00:00;25.1448;29.4595;30.7389
2020-08-04T02:00:00;27.0825;28.3334;32.0794
2020-08-04T03:00:00;23.9921;22.8216;42.8039
2020-08-04T04:00:00;24.5509;30.7468;29.4461
2020-08-04T05:00:00;18.776;29.5219;46.5089
2020-08-04T06:00:00;24.5324;35.9112;45.3802
2020-08-04T07:00:00;33.2102;48.3814;56.6534
2020-08-04T08:00:00;38.6536;48.5517;57.4269
2020-08-04T09:00:00;45.6601;50.0283;62.5061
2020-08-04T10:00:00;54.8437;62.9594;73.4527
2020-08-04T11:00:00;56.3976;64.6875;82.1121
2020-08-04T12:00:00;54.7903;66.8416;78.3968
2020-08-04T13:00:00;49.9659;65.4729;78.231
2020-08-04T14:00:00;52.8247;67.4598;82.3174
2020-08-04T15:00:00;53.3357;67.1533;77.7892
2020-08-04T16:00:00;52.9745;68.6615;83.7737
2020-08-04T17:00:00;45.389;62.2809;68.5888
2020-08-04T18:00:00;38.1305;62.6393;64.6919
2020-08-04T19:00:00;31.0746;49.6412;60.4386
2020-08-04T20:00:00;22.3973;40.4379;52.379
2020-08-04T21:00:00;22.8252;28.4688;37.0428
2020-08-04T22:00:00;16.6517;24.8127;37.9215
2020-08-04T23:00:00;18.9974;27.1505;30.915
2020-08-05T00:00:00;22.0305;26.5008;41.1153
2020-08-05T01:00:00;17.3204;17.1955;42.3176
2020-08-05T02:00:00;25.8988;24.9568;26.6482
2020-08-05T03:00:00;27.7011;38.011;44.8147
2020-08-05T04:00:00;21.2529;31.843;32.4967
2020-08-05T05:00:00;21.8149;28.1174;38.9732
2020-08-05T06:00:00;26.6871;31.9924;36.3878
2020-08-05T07:00:00;27.0832;28.5494;45.6779
2020-08-05T08:00:00;33.1019;47.68;54.4908
2020-08-05T09:00:00;48.7916;59.8989;59.2509
2020-08-05T10:00:00;52.2016;59.1202;74.2901
2020-08-05T11:00:00;54.7206;55.7811;76.139
2020-08-05T12:00:00;59.062;65.9726;75.1036
2020-08-05T13:00:00;45.9383;76.1772;78.562
2020-08-05T14:00:00;62.5939;71.074;77.2748
2020-08-05T15:00:00;56.3941;60.9507;79.0278
2020-08-05T16:00:00;56.7667;76.4792;79.9947
2020-08-05T17:00:00;49.7164;53.4568;68.1154
2020-08-05T18:00:00;43.0538;52.2968;69.0909
2020-08-05T19:00:00;35.639;41.0825;54.9273
2020-08-05T20:00:00;32.4889;33.1365;44.5327
2020-08-05T21:00:00;22.4413;27.7392;36.0838
2020-08-05T22:00:00;28.3394;33.1808;42.9758
2020-08-05T23:00:00;16.0677;36.4527;29.1433
2020-08-06T00:00:00;21.2921;28.0692;44.2818
2020-08-06T01:00:00;34.2241;24.9493;40.8008
2020-08-06T02:00:00;20.8696;32.3932;35.8917
2020-08-06T03:00:00;22.8066;32.5398;41.9151
2020-08-06T04:00:00;19.5871;31.2019;34.3876
2020-08-06T05:00:00;25.6792;31.3787;37.4284
2020-08-06T06:00:00;20.3187;29.4372;33.2929
2020-08-06T07:00:00;29.7251;38.8072;50.8121
2020-08-06T08:00:00;41.2599;45.3612;51.9871
2020-08-06T09:00:00;39.3153;58.8626;63.9569
2020-08-06T10:00:00;51.7237;70.8681;75.0666
2020-08-06T11:00:00;55.824;65.5393;82.8102
2020-08-06T12:00:00;59.7086;68.0094;77.5449
2020-08-06T13:00:00;56.5274;71.0602;87.5027
2020-08-06T14:00:00;72.031;66.4913;78.8271
2020-08-06T15:00:00;59.7065;71.8672;70.8991
2020-08-06T16:00:00;53.3372;66.8469;73.8289
2020-08-06T17:00:00;43.401;57.6234;75.8443
2020-08-06T18:00:00;42.3238;58.0217;64.1526
2020-08-06T19:00:00;44.1472;46.3644;52.8484
2020-08-06T20:00:00;39.2008;33.4662;46.2572
2020-08-06T21:00:00;31.3916;31.758;36.112
2020-08-06T22:00:00;27.926;31.185;39.1095
2020-08-06T23:00:00;17.7217;34.8021;27.9415
2020-08-07T00:00:00;26.4358;34.1577;35.4882
2020-08-07T01:00:00;17.793;29.4539;36.6214
2020-08-07T02:00:00;16.5626;27.6396;29.1731
2020-08-07T03:00:00;25.1958;30.0087;29.1046
2020-08-07T04:00:00;26.616;31.8165;34.1765
2020-08-07T05:00:00;28.5169;32.4188;36.0426
2020-08-07T06:00:00;26.4857;31.5071;36.0602
2020-08-07T07:00:00;33.3111;37.8627;43.198
2020-08-07T08:00:00;32.0923;51.2536;52.5367
2020-08-07T09:00:00;42.2842;50.1399;62.2378
2020-08-07T10:00:00;40.2451;72.1228;73.1636
2020-08-07T11:00:00;41.696;68.4564;83.7923
2020-08-07T12:00:00;58.137;62.4048;70.5487
2020-08-07T13:00:00;52.0591;70.707;86.8521
2020-08-07T14:00:00;60.1872;73.6443;83.1813
2020-08-07T15:00:00;59.9755;66.2954;84.2793
2020-08-07T16:00:00;48.6162;57.1653;83.4969
2020-08-07T17:00:00;50.7322;54.5305;67.8953
2020-08-07T18:00:00;39.5033;56.2219;68.9352
2020-08-07T19:00:00;27.7862;37.4964;49.2531
2020-08-07T20:00:00;31.2697;31.0697;46.6178
2020-08-07T21:00:00;21.6456;32.6842;34.7874
2020-08-07T22:00:00;21.7996;28.8873;36.2314
2020-08-07T23:00:00;33.8767;26.5211;31.0548
2020-08-08T00:00:00;16.3707;27.5263;38.1844
2020-08-08T01:00:00;25.9144;22.6459;43.9314
2020-08-08T02:00:00;19.026;32.4223;31.1407
2020-08-08T03:00:00;28.5413;25.9673;36.9482
2020-08-08T04:00:00;25.4922;27.3212;40.2794
2020-08-08T05:00:00;25.8967;31.7339;34.5163
2020-08-08T06:00:00;19.2756;28.7169;42.802
2020-08-08T07:00:00;26.8252;34.7932;43.8313
2020-08-08T08:00:00;41.6518;36.3223;54.9419
2020-08-08T09:00:00;51.6631;55.3485;59.2479
2020-08-08T10:00:00;50.1822;60.1208;72.3039
2020-08-08T11:00:00;47.2257;62.0541;77.5843
2020-08-08T12:00:00;56.1285;62.8553;84.8302
2020-08-08T13:00:00;67.9621;69.8447;80.556
2020-08-08T14:00:00;56.3368;72.1832;80.3271
2020-08-08T15:00:00;61.743;68.5311;83.9632
2020-08-08T16:00:00;48.0112;72.8313;84.5552
2020-08-08T17:00:00;47.5702;63.2497;74.816
2020-08-08T18:00:00;45.907;52.975;73.4508
2020-08-08T19:00:00;39.0022;49.9609;58.2999
2020-08-08T20:00:00;26.8212;38.5598;48.5762
2020-08-08T21:00:00;19.9524;30.226;39.3965
2020-08-08T22:00:00;28.9414;36.4818;43.4409
2020-08-08T23:00:00;29.9578;25.5097;42.1879
2020-08-09T00:00:00;31.5607;30.1165;30.5756
2020-08-09T01:00:00;33.0197;35.9486;40.0029
2020-08-09T02:00:00;24.6731;31.545;37.3268
2020-08-09T03:00:00;22.444;28.1547;35.0298
2020-08-09T04:00:00;30.755;21.4692;27.1354
2020-08-09T05:00:00;27.5653;18.6483;28.2992
2020-08-09T06:00:00;19.0877;40.3809;34.1777
2020-08-09T07:00:00;25.485;39.859;38.6568
2020-08-09T08:00:00;39.4752;43.3491;53.8046
2020-08-09T09:00:00;41.9228;55.2587;67.7854
2020-08-09T10:00:00;47.6485;54.9874;68.7662
2020-08-09T11:00:00;57.0755;62.985;77.9865
2020-08-09T12:00:00;58.229;63.3376;76.301
2020-08-09T13:00:00;62.4741;62.7145;85.2309
2020-08-09T14:00:00;46.167;59.256;86.2777
2020-08-09T15:00:00;55.7008;60.054;74.536
2020-08-09T16:00:00;55.1863;69.7475;73.8098
2020-08-09T17:00:00;40.1477;54.7914;65.3351
2020-08-09T18:00:00;39.5346;56.1859;66.7598
2020-08-09T19:00:00;32.8131;51.0527;56.3434
2020-08-09T20:00:00;30.7617;38.3994;45.7312
2020-08-09T21:00:00;32.1393;28.5072;35.3586
2020-08-09T22:00:00;34.1129;30.6651;37.6142
2020-08-09T23:00:00;19.9286;27.9169;37.7143
2020-08-10T00:00:00;26.6328;36.0195;33.5221
2020-08-10T01:00:00;26.794;39.3827;32.822
2020-08-10T02:00:00;25.9381;37.2491;35.705
2020-08-10T03:00:00;25.9949;19.2422;35.0513
2020-08-10T04:00:00;25.5187;27.8149;46.3034
2020-08-10T05:00:00;32.4379;30.0208;34.0805
2020-08-10T06:00:00;29.5123;32.3153;37.4483
2020-08-10T07:00:00;25.3524;29.6799;48.3094
2020-08-10T08:00:00;40.9942;37.5522;62.526
2020-08-10T09:00:00;47.271;60.0454;60.1578
2020-08-10T10:00:00;49.3555;56.9302;78.3692
2020-08-10T11:00:00;57.3699;57.204;76.8322
2020-08-10T12:00:00;55.3742;62.5241;94.1574
2020-08-10T13:00:00;56.827;71.7332;85.5501
2020-08-10T14:00:00;56.4309;65.6681;77.5924
2020-08-10T15:00:00;44.3426;69.2504;80.6649
2020-08-10T16:00:00;51.3108;59.7474;84.2506
2020-08-10T17:00:00;44.4394;51.0048;72.0787
2020-08-10T18:00:00;36.8769;60.6333;63.9156
2020-08-10T19:00:00;44.1857;48.2604;59.1183
2020-08-10T20:00:00;33.1742;36.6477;44.2548
2020-08-10T21:00:00;23.8508;27.3932;34.9463
2020-08-10T22:00:00;21.176;37.3245;31.2766
2020-08-10T23:00:00;25.4808;32.9577;44.6441
2020-08-11T00:00:00;28.9572;35.7341;29.8869
2020-08-11T01:00:00;19.8652;27.0815;36.8473
2020-08-11T02:00:00;23.9759;30.2533;38.3994
2020-08-11T03:00:00;28.3403;32.011;35.9317
2020-08-11T04:00:00;14.32;27.2497;29.7307
2020-08-11T05:00:00;23.7122;29.5223;31.0062
2020-08-11T06:00:00;21.8535;27.0819;38.6126
2020-08-11T07:00:00;29.984;40.3118;42.0804
2020-08-11T08:00:00;34.5074;39.6625;45.1633
2020-08-11T09:00:00;43.4973;56.3713;66.1486
2020-08-11T10:00:00;57.3988;61.2794;67.3085
2020-08-11T11:00:00;50.0932;63.6245;80.7253
2020-08-11T12:00:00;55.8924;70.2898;80.6426
2020-08-11T13:00:00;65.7984;67.9562;82.488
2020-08-11T14:00:00;53.0746;66.4302;83.9982
2020-08-11T15:00:00;63.5072;70.7609;75.9582
2020-08-11T16:00:00;51.7394;67.5761;73.442
2020-08-11T17:00:00;56.6901;57.1894;70.3713
2020-08-11T18:00:00;46.5601;50.5461;58.492
2020-08-11T19:00:00;38.5511;45.3546;59.0924
2020-08-11T20:00:00;30.325;35.5564;44.4429
2020-08-11T21:00:00;20.8798;37.6256;28.7528
2020-08-11T22:00:00;24.379;31.5824;33.2049
2020-08-11T23:00:00;28.4868;30.073;36.506
2020-08-12T00:00:00;23.9344;25.3364;33.7695
2020-08-12T01:00:00;22.4169;33.6949;37.9991
2020-08-12T02:00:00;22.7461;26.942;38.8702
2020-08-12T03:00:00;28.9624;26.7363;48.0085
2020-08-12T04:00:00;30.1258;33.8631;41.7532
2020-08-12T05:00:00;20.6642;31.9366;27.8181
2020-08-12T06:00:00;20.6571;17.4828;34.1988
2020-08-12T07:00:00;32.55;37.5276;44.6466
2020-08-12T08:00:00;44.6532;46.8971;58.3987
2020-08-12T09:00:00;48.5391;51.8134;59.5458
2020-08-12T10:00:00;41.5214;60.5276;69.0147
2020-08-12T11:00:00;50.3924;55.5926;71.3472
2020-08-12T12:00:00;49.7808;53.8872;78.6394
2020-08-12T13:00:00;54.4871;64.9035;80.9122
2020-08-12T14:00:00;63.8468;71.1921;82.172
2020-08-12T15:00:00;47.3208;51.9175;75.7181
2020-08-12T16:00:00;43.6185;60.4233;82.4793
2020-08-12T17:00:00;43.6379;50.112;74.032
2020-08-12T18:00:00;44.2457;52.2983;56.9695
2020-08-12T19:00:00;40.1193;56.059;55.6532
2020-08-12T20:00:00;32.8404;37.2306;38.1535
2020-08-12T21:00:00;29.8784;29.4625;42.7113
2020-08-12T22:00:00;15.1846;34.1962;44.0705
2020-08-12T23:00:00;29.9417;30.1065;35.7213
2020-08-13T00:00:00;22.4395;28.925;31.7368
2020-08-13T01:00:00;27.6575;34.6332;32.6787
2020-08-13T02:00:00;17.3829;32.3594;33.7313
2020-08-13T03:00:00;24.0248;31.4431;35.4659
2020-08-13T04:00:00;25.1814;29.3061;42.8523
2020-08-13T05:00:00;29.7788;28.2697;40.778
2020-08-13T06:00:00;16.0737;34.5859;40.855
2020-08-13T07:00:00;30.8069;36.6342;46.8327
2020-08-13T08:00:00;31.5894;52.4257;49.7553
2020-08-13T09:00:00;45.3366;48.2757;60.3634
2020-08-13T10:00:00;51.6667;66.8947;71.9746
2020-08-13T11:00:00;58.1487;67.0012;71.5637
2020-08-13T12:00:00;51.7587;63.1996;83.1706
2020-08-13T13:00:00;60.4608;72.3258;87.7627
2020-08-13T14:00:00;62.6292;66.5294;86.4638
2020-08-13T15:00:00;46.2176;68.2094;84.1767
2020-08-13T16:00:00;54.7745;62.2079;68.2378
2020-08-13T17:00:00;52.5732;59.0612;78.3377
2020-08-13T18:00:00;41.5155;58.2186;56.3768
2020-08-13T19:00:00;30.9617;48.862;54.7596
2020-08-13T20:00:00;35.368;32.6896;49.0725
2020-08-13T21:00:00;18.0025;24.6595;37.793
2020-08-13T22:00:00;23.1082;31.3539;29.6108
2020-08-13T23:00:00;23.7994;31.7159;30.5084
2020-08-14T00:00:00;27.5777;26.6278;37.4354
2020-08-14T01:00:00;20.8668;37.9566;38.5542
2020-08-14T02:00:00;20.5771;34.0675;30.464
2020-08-14T03:00:00;24.4946;26.8721;37.963
2020-08-14T04:00:00;29.032;26.3887;28.4236
2020-08-14T05:00:00;35.4373;28.8609;39.1219
2020-08-14T06:00:00;16.4626;28.3407;31.5808
2020-08-14T07:00:00;32.2299;44.5973;46.3823
2020-08-14T08:00:00;31.5829;51.1921;55.0864
2020-08-14T09:00:00;47.9032;53.6868;70.017
2020-08-14T10:00:00;43.0879;63.1153;72.8816
2020-08-14T11:00:00;48.3396;68.7559;74.5737
2020-08-14T12:00:00;51.4875;68.3336;83.4487
2020-08-14T13:00:00;55.4437;71.794;94.4491
2020-08-14T14:00:00;57.4407;72.7518;87.4377
2020-08-14T15:00:00;56.8523;70.4803;81.3549
2020-08-14T16:00:00;51.684;60.747;73.4012
2020-08-14T17:00:00;41.1312;56.3372;68.5885
2020-08-14T18:00:00;46.4481;52.0684;67.6137
2020-08-14T19:00:00;36.7508;42.7361;51.0943
2020-08-14T20:00:00;36.4618;30.951;45.9932
2020-08-14T21:00:00;20.4613;33.3798;43.1881
2020-08-14T22:00:00;15.9886;31.732;36.752
2020-08-14T23:00:00;23.8299;23.3032;30.6043
2020-08-15T00:00:00;30.4798;28.7954;46.8892
2020-08-15T01:00:00;24.8047;29.0786;44.8122
2020-08-15T02:00:00;23.0017;30.9097;38.5059
2020-08-15T03:00:00;19.6483;24.5904;42.3788
2020-08-15T04:00:00;32.7888;23.23;34.6651
2020-08-15T05:00:00;18.852;32.5986;39.6223
2020-08-15T06:00:00;20.373;22.3302;33.8823
2020-08-15T07:00:00;33.5033;37.1532;39.2027
2020-08-15T08:00:00;27.7355;44.6391;68.483
2020-08-15T09:00:00;49.1821;52.895;57.181
2020-08-15T10:00:00;50.9016;60.9894;73.1587
2020-08-15T11:00:00;56.209;72.6339;78.9986
2020-08-15T12:00:00;57.2244;60.0448;84.2307
2020-08-15T13:00:00;55.0191;74.1638;83.2886
2020-08-15T14:00:00;50.509;57.2201;83.3408
2020-08-15T15:00:00;53.7334;75.0108;82.3428
2020-08-15T16:00:00;46.8366;54.4267;79.9686
2020-08-15T17:00:00;50.2114;71.9078;71.6619
2020-08-15T18:00:00;46.843;51.5626;63.8719
2020-08-15T19:00:00;44.3996;52.7214;48.9178
2020-08-15T20:00:00;32.512;43.7372;56.0482
2020-08-15T21:00:00;28.6229;27.8176;38.6785
2020-08-15T22:00:00;22.5143;28.2013;37.0445
2020-08-15T23:00:00;21.6086;25.8142;32.8777
2020-08-16T00:00:00;26.3684;33.9369;30.9819
2020-08-16T01:00:00;22.0676;27.8827;40.2999
2020-08-16T02:00:00;25.3459;25.9051;35.2007
2020-08-16T03:00:00;18.694;32.6864;39.1053
2020-08-16T04:00:00;19.5919;25.5141;29.2392
2020-08-16T05:00:00;27.177;28.3551;43.7343
2020-08-16T06:00:00;28.4335;30.5355;40.5069
2020-08-16T07:00:00;25.7249;35.1043;45.5744
2020-08-16T08:00:00;40.3686;43.8117;57.8615
2020-08-16T09:00:00;40.1454;61.1863;67.9187
2020-08-16T10:00:00;47.8632;58.7046;64.986
2020-08-16T11:00:00;58.7975;62.8429;85.9584
2020-08-16T12:00:00;58.4712;67.1666;84.067
2020-08-16T13:00:00;59.8041;72.0532;80.2165
2020-08-16T14:00:00;65.3687;64.6116;78.2541
2020-08-16T15:00:00;50.9144;70.1783;86.5862
2020-08-16T16:00:00;46.7834;65.9201;78.625
2020-08-16T17:00:00;44.17;50.7825;74.084
2020-08-16T18:00:00;41.5366;62.4827;64.347
2020-08-16T19:00:00;25.2428;53.5735;50.5096
2020-08-16T20:00:00;29.616;34.3137;48.5229
2020-08-16T21:00:00;21.2771;24.3879;35.0123
2020-08-16T22:00:00;27.9188;31.1403;35.8915
2020-08-16T23:00:00;25.7621;22.8707;47.885
2020-08-17T00:00:00;20.9965;36.8214;40.3453
2020-08-17T01:00:00;26.9498;27.6577;40.6338
2020-08-17T02:00:00;27.6163;38.109;49.6026
2020-08-17T03:00:00;20.1573;25.878;37.9229
2020-08-17T04:00:00;21.5349;29.439;36.5985
2020-08-17T05:00:00;12.8732;36.3361;32.604
2020-08-17T06:00:00;18.5467;28.3838;33.7372
2020-08-17T07:00:00;26.9408;39.6769;35.7442
2020-08-17T08:00:00;37.3864;51.7328;59.4755
2020-08-17T09:00:00;38.0822;50.7312;57.8791
2020-08-17T10:00:00;45.2134;53.4171;76.1846
2020-08-17T11:00:00;45.5862;57.3475;77.3541
2020-08-17T12:00:00;55.2894;70.9594;82.291
2020-08-17T13:00:00;57.9533;71.7248;83.5252
2020-08-17T14:00:00;57.8365;75.0892;90.6674
2020-08-17T15:00:00;54.4956;66.672;87.6979
2020-08-17T16:00:00;44.0074;57.4873;77.4248
2020-08-17T17:00:00;44.6809;47.962;67.1759
2020-08-17T18:00:00;40.7726;67.8512;68.8331
2020-08-17T19:00:00;34.9991;48.9041;50.6505
2020-08-17T20:00:00;31.0281;39.0004;38.2055
2020-08-17T21:00:00;31.1277;31.3932;38.4917
2020-08-17T22:00:00;28.0605;22.8433;42.0924
2020-08-17T23:00:00;19.0624;26.0256;33.9746
2020-08-18T00:00:00;27.392;38.7167;38.0226
2020-08-18T01:00:00;27.2015;33.2917;33.9216
2020-08-18T02:00:00;19.9697;26.182;39.61
2020-08-18T03:00:00;28.2443;23.8659;41.4751
2020-08-18T04:00:00;23.1981;27.4215;34.6857
2020-08-18T05:00:00;16.9502;28.4228;30.862
2020-08-18T06:00:00;26.276;40.2457;28.7148
2020-08-18T07:00:00;31.738;37.3751;50.6082
2020-08-18T08:00:00;35.8772;40.3217;49.8405
2020-08-18T09:00:00;42.6219;53.2184;66.0738
2020-08-18T10:00:00;44.1852;61.0475;75.558
2020-08-18T11:00:00;54.7635;58.2383;75.0627
2020-08-18T12:00:00;54.2166;70.0531;80.8197
2020-08-18T13:00:00;56.6569;75.8255;88.7323
2020-08-18T14:00:00;57.6104;70.4742;79.6961
2020-08-18T15:00:00;48.6609;64.0569;77.1022
2020-08-18T16:00:00;47.2414;61.9967;76.3973
2020-08-18T17:00:00;36.7309;51.4316;78.0605
2020-08-18T18:00:00;45.6328;52.8422;72.2673
2020-08-18T19:00:00;30.9545;47.8234;55.0294
2020-08-18T20:00:00;31.316;33.8333;42.4192
2020-08-18T21:00:00;25.8549;39.6985;41.3206
2020-08-18T22:00:00;27.0118;33.9614;27.6535
2020-08-18T23:00:00;17.9799;21.0361;37.2381
2020-08-19T00:00:00;23.6742;21.1387;35.7804
2020-08-19T01:00:00;32.3514;25.0799;42.4691
2020-08-19T02:00:00;32.5716;37.8659;42.9751
2020-08-19T03:00:00;28.9366;34.4546;31.2874
2020-08-19T04:00:00;25.6875;38.1186;36.8384
2020-08-19T05:00:00;18.9745;30.051;33.147
2020-08-19T06:00:00;27.5931;28.9526;34.5334
2020-08-19T07:00:00;29.8631;32.0789;49.0667
2020-08-19T08:00:00;39.8182;48.0179;53.8489
2020-08-19T09:00:00;39.6449;52.5306;65.1833
2020-08-19T10:00:00;46.916;58.5524;76.4573
2020-08-19T11:00:00;52.5335;72.7313;85.145
2020-08-19T12:00:00;55.6652;67.4105;83.0941
2020-08-19T13:00:00;58.2933;76.4358;84.3259
2020-08-19T14:00:00;52.9287;61.8405;78.2006
2020-08-19T15:00:00;47.7174;81.4828;89.5797
2020-08-19T16:00:00;59.8367;62.7747;80.0477
2020-08-19T17:00:00;60.2269;63.2617;72.3521
2020-08-19T18:00:00;45.0462;57.8428;64.6389
2020-08-19T19:00:00;30.3956;43.7827;57.3266
2020-08-19T20:00:00;26.7872;42.4116;49.8387
2020-08-19T21:00:00;26.5456;34.355;40.4778
2020-08-19T22:00:00;30.7056;26.4343;44.054
2020-08-19T23:00:00;17.9355;26.4935;37.2134
2020-08-20T00:00:00;23.3783;30.2265;44.771
2020-08-20T01:00:00;24.9797;29.4225;41.2886
2020-08-20T02:00:00;28.3229;36.9657;35.6993
2020-08-20T03:00:00;22.282;33.5133;27.6631
2020-08-20T04:00:00;16.1809;29.6479;36.4278
2020-08-20T05:00:00;27.106;33.0304;43.7924
2020-08-20T06:00:00;29.624;19.7667;32.1237
2020-08-20T07:00:00;30.2402;35.2399;46.3921
2020-08-20T08:00:00;39.0418;47.7086;56.3495
2020-08-20T09:00:00;40.4367;59.0882;68.9243
2020-08-20T10:00:00;43.5518;60.7246;69.7319
2020-08-20T11:00:00;56.8449;71.9322;73.2223
2020-08-20T12:00:00;56.3713;72.382;84.5007
2020-08-20T13:00:00;58.2765;67.3392;80.0201
2020-08-20T14:00:00;63.3353;69.0807;74.5595
2020-08-20T15:00:00;49.1596;70.0844;90.8526
2020-08-20T16:00:00;48.9527;62.3978;82.2044
2020-08-20T17:00:00;48.5703;67.3822;81.0879
2020-08-20T18:00:00;39.9876;47.9678;68.5838
2020-08-20T19:00:00;40.9313;47.85;58.9252
2020-08-20T20:00:00;29.7162;41.9937;47.8274
2020-08-20T21:00:00;19.0373;28.4328;35.0699
2020-08-20T22:00:00;24.3289;27.306;38.5605
2020-08-20T23:00:00;24.8517;29.6196;33.2338
2020-08-21T00:00:00;28.6734;34.06;30.6539
2020-08-21T01:00:00;25.9657;27.5008;34.3389
2020-08-21T02:00:00;26.3057;24.6554;42.4575
2020-08-21T03:00:00;25.6015;35.7529;29.838
2020-08-21T04:00:00;23.0589;31.9965;29.9174
2020-08-21T05:00:00;20.4189;35.0393;38.9565
2020-08-21T06:00:00;25.4442;33.7967;33.9246
2020-08-21T07:00:00;28.9876;49.2159;48.4072
2020-08-21T08:00:00;45.4647;51.8443;60.4726
2020-08-21T09:00:00;49.52;49.891;66.5214
2020-08-21T10:00:00;50.9448;62.0771;68.5097
2020-08-21T11:00:00;53.6051;61.8536;83.9839
2020-08-21T12:00:00;53.994;65.7716;85.3613
2020-08-21T13:00:00;49.5191;62.7184;83.8712
2020-08-21T14:00:00;54.7438;68.3503;83.6291
2020-08-21T15:00:00;54.9408;70.7674;83.5207
2020-08-21T16:00:00;52.8601;64.3109;76.0093
2020-08-21T17:00:00;50.1283;54.229;63.5149
2020-08-21T18:00:00;47.4158;45.8963;67.9645
2020-08-21T19:00:00;33.5548;56.8287;58.9771
2020-08-21T20:00:00;27.2378;39.9423;34.4744
2020-08-21T21:00:00;31.2543;25.8797;38.5534
2020-08-21T22:00:00;27.8549;32.3089;44.7824
2020-08-21T23:00:00;22.0461;40.9459;30.3618
2020-08-22T00:00:00;23.4639;33.1023;35.6335
2020-08-22T01:00:00;23.4864;16.0647;35.0901
2020-08-22T02:00:00;24.1579;43.2615;44.3021
2020-08-22T03:00:00;26.3634;20.7538;41.6047
2020-08-22T04:00:00;36.675;28.9699;31.6079
2020-08-22T05:00:00;24.9488;24.333;37.7106
2020-08-22T06:00:00;27.313;26.3;47.5134
2020-08-22T07:00:00;22.2208;39.7385;42.8562
2020-08-22T08:00:00;34.5911;35.9143;55.4676
2020-08-22T09:00:00;48.9532;53.0602;66.7812
2020-08-22T10:00:00;49.7922;65.4625;68.6207
2020-08-22T11:00:00;29.7672;60.4248;86.3852
2020-08-22T12:00:00;57.8039;61.0908;79.2874
2020-08-22T13:00:00;65.4155;69.0844;76.7919
2020-08-22T14:00:00;45.8452;68.0892;81.1121
2020-08-22T15:00:00;62.0307;65.0661;84.9158
2020-08-22T16:00:00;37.853;58.6993;73.5783
2020-08-22T17:00:00;52.4706;62.3217;73.1819
2020-08-22T18:00:00;42.7659;56.4877;67.0264
2020-08-22T19:00:00;25.2657;40.9412;49.4787
2020-08-22T20:00:00;32.8839;33.6802;43.1613
2020-08-22T21:00:00;29.7542;30.6825;37.7449
2020-08-22T22:00:00;25.8194;25.1751;39.5121
2020-08-22T23:00:00;26.9241;30.8933;33.3061
2020-08-23T00:00:00;21.9416;37.3402;36.7589
2020-08-23T01:00:00;14.6931;29.7009;34.5803
2020-08-23T02:00:00;27.4593;23.9319;39.6393
2020-08-23T03:00:00;32.7488;31.9605;38.5971
2020-08-23T04:00:00;29.6479;29.1117;34.1326
2020-08-23T05:00:00;14.0606;29.2492;38.3922
2020-08-23T06:00:00;16.4255;32.3766;33.937
2020-08-23T07:00:00;26.4233;41.7717;48.2666
2020-08-23T08:00:00;29.0507;46.447;57.8798
2020-08-23T09:00:00;43.0301;53.208;76.0689
2020-08-23T10:00:00;49.7477;70.0435;69.9896
2020-08-23T11:00:00;44.5615;70.6438;76.8629
2020-08-23T12:00:00;58.3195;72.21;78.4146
2020-08-23T13:00:00;58.8302;70.4369;78.5729
2020-08-23T14:00:00;53.0839;64.7522;81.4547
2020-08-23T15:00:00;53.5712;73.6792;84.9762
2020-08-23T16:00:00;41.9638;65.3625;81.2565
2020-08-23T17:00:00;46.1193;56.8399;73.1494
2020-08-23T18:00:00;42.8461;52.2957;62.7349
2020-08-23T19:00:00;37.8593;41.4386;53.0565
2020-08-23T20:00:00;32.5476;43.6031;41.3956
2020-08-23T21:00:00;25.2212;33.4152;33.2156
2020-08-23T22:00:00;22.6783;30.9082;29.5244
2020-08-23T23:00:00;25.431;29.7861;42.7893
2020-08-24T00:00:00;29.0102;26.5967;45.1858
2020-08-24T01:00:00;23.5225;19.3496;26.3207
2020-08-24T02:00:00;25.588;22.9354;37.4463
2020-08-24T03:00:00;23.0691;26.2868;37.3635
2020-08-24T04:00:00;20.7662;25.5352;37.044
2020-08-24T05:00:00;26.6144;31.4468;33.0363
2020-08-24T06:00:00;21.2239;34.0575;41.1126
2020-08-24T07:00:00;32.5839;37.6743;48.0321
2020-08-24T08:00:00;37.1568;53.3141;60.694
2020-08-24T09:00:00;41.2895;49.5969;60.5261
2020-08-24T10:00:00;46.1399;59.0481;64.755
2020-08-24T11:00:00;49.1722;64.3861;79.7437
2020-08-24T12:00:00;46.2048;73.5032;76.836
2020-08-24T13:00:00;57.7392;70.3103;89.01
2020-08-24T14:00:00;56.9824;70.4487;73.1039
2020-08-24T15:00:00;58.6822;59.768;79.308
2020-08-24T16:00:00;49.0555;60.1415;74.4896
2020-08-24T17:00:00;57.2576;65.2056;70.0091
2020-08-24T18:00:00;40.9104;43.1347;65.5192
2020-08-24T19:00:00;32.64;52.9844;57.5045
2020-08-24T20:00:00;25.6847;40.8148;49.1784
2020-08-24T21:00:00;15.3304;26.2624;39.7749
2020-08-24T22:00:00;31.6631;25.8398;35.1424
2020-08-24T23:00:00;30.8553;39.4798;46.5435
2020-08-25T00:00:00;27.0037;37.057;42.9355
2020-08-25T01:00:00;19.5196;29.4028;34.4401
2020-08-25T02:00:00;33.0563;30.673;35.3156
2020-08-25T03:00:00;22.2414;26.7691;34.3348
2020-08-25T04:00:00;22.6549;30.6739;37.8165
2020-08-25T05:00:00;31.1863;26.6305;31.1403
2020-08-25T06:00:00;27.2946;29.6073;32.0523
2020-08-25T07:00:00;41.6587;47.3681;35.1429
2020-08-25T08:00:00;38.2592;45.7914;53.5301
2020-08-25T09:00:00;40.824;48.2713;69.5375
2020-08-25T10:00:00;44.7216;52.8939;70.9104
2020-08-25T11:00:00;42.4778;65.2766;77.0884
2020-08-25T12:00:00;53.0408;64.2378;83.0415
2020-08-25T13:00:00;61.5477;71.0139;78.7259
2020-08-25T14:00:00;58.8189;61.6834;83.8635
2020-08-25T15:00:00;54.5353;71.4935;86.1024
2020-08-25T16:00:00;46.7381;59.3402;79.102
2020-08-25T17:00:00;48.915;59.9573;76.5618
2020-08-25T18:00:00;47.8732;51.8199;70.5344
2020-08-25T19:00:00;39.1692;54.8614;58.8363
2020-08-25T20:00:00;31.4868;39.1739;42.4129
2020-08-25T21:00:00;20.0152;39.7274;34.2793
2020-08-25T22:00:00;28.3359;32.8037;45.6574
2020-08-25T23:00:00;8.3405;37.127;37.5708
2020-08-26T00:00:00;25.9142;28.956;36.9048
2020-08-26T01:00:00;36.8516;31.7275;31.7002
2020-08-26T02:00:00;16.4581;36.0932;35.5427
2020-08-26T03:00:00;22.7932;34.5248;39.5819
2020-08-26T04:00:00;23.9604;32.655;36.0742
2020-08-26T05:00:00;21.6871;28.3603;33.4031
2020-08-26T06:00:00;29.1819;29.2061;34.5631
2020-08-26T07:00:00;33.0154;44.0048;51.9389
2020-08-26T08:00:00;37.7771;52.999;58.8623
2020-08-26T09:00:00;46.7955;50.5471;66.8839
2020-08-26T10:00:00;47.8644;56.007;73.8754
2020-08-26T11:00:00;67.6121;60.1203;71.6541
2020-08-26T12:00:00;55.1905;72.1908;83.0125
2020-08-26T13:00:00;56.8011;65.1335;89.0771
2020-08-26T14:00:00;47.2724;73.8689;82.4324
2020-08-26T15:00:00;51.7166;70.7707;86.5379
2020-08-26T16:00:00;57.4497;61.9156;80.2954
2020-08-26T17:00:00;41.1034;67.5451;75.8093
2020-08-26T18:00:00;32.0213;46.2001;64.4684
2020-08-26T19:00:00;37.1771;54.5671;59.9563
2020-08-26T20:00:00;37.5069;39.9109;38.6564
2020-08-26T21:00:00;24.2119;19.6327;36.1657
2020-08-26T22:00:00;22.3194;37.9594;39.5651
2020-08-26T23:00:00;14.7076;34.8611;37.4815
2020-08-27T00:00:00;26.2613;27.8589;41.4781
2020-08-27T01:00:00;27.3064;25.1764;35.2145
2020-08-27T02:00:00;15.0913;22.1547;33.2627
2020-08-27T03:00:00;29.6727;42.0772;27.8046
2020-08-27T04:00:00;27.8285;25.3831;34.6352
2020-08-27T05:00:00;29.6616;23.6821;38.5844
2020-08-27T06:00:00;26.9176;31.3396;39.805
2020-08-27T07:00:00;33.9216;30.127;38.9838
2020-08-27T08:00:00;39.6192;41.3617;61.4
2020-08-27T09:00:00;47.1515;58.4863;59.3416
2020-08-27T10:00:00;38.6868;62.0468;71.0652
2020-08-27T11:00:00;44.2075;62.7092;74.7251
2020-08-27T12:00:00;50.7538;68.1338;83.737
2020-08-27T13:00:00;55.1756;67.5685;84.2074
2020-08-27T14:00:00;57.7654;69.4709;87.1269
2020-08-27T15:00:00;56.0572;64.2332;90.8697
2020-08-27T16:00:00;57.2983;61.7398;79.5585
2020-08-27T17:00:00;53.5231;56.6724;68.7876
2020-08-27T18:00:00;38.4472;49.8821;66.519
2020-08-27T19:00:00;38.2085;51.489;65.2491
2020-08-27T20:00:00;26.414;42.1671;49.2615
2020-08-27T21:00:00;23.0588;25.3382;40.7285
2020-08-27T22:00:00;25.609;24.028;28.0321
2020-08-27T23:00:00;6.9564;29.2136;37.9344
2020-08-28T00:00:00;36.0562;40.7764;34.6599
2020-08-28T01:00:00;26.832;24.8615;32.5994
2020-08-28T02:00:00;21.0215;29.1939;35.8884
2020-08-28T03:00:00;33.6368;30.4436;36.5432
2020-08-28T04:00:00;22.2628;29.4568;32.878
2020-08-28T05:00:00;24.6626;27.709;36.9423
2020-08-28T06:00:00;21.5644;35.7754;35.1326
2020-08-28T07:00:00;38.9131;40.5888;49.492
2020-08-28T08:00:00;36.4906;50.4985;56.6612
2020-08-28T09:00:00;43.5565;56.4583;66.0933
2020-08-28T10:00:00;53.7995;64.1955;76.5679
2020-08-28T11:00:00;54.6385;72.563;80.344
2020-08-28T12:00:00;54.1621;74.6975;81.6203
2020-08-28T13:00:00;61.3767;81.4049;73.3024
2020-08-28T14:00:00;68.5171;75.8676;86.3057
2020-08-28T15:00:00;56.0209;64.695;77.0911
2020-08-28T16:00:00;52.2966;68.8776;77.138
2020-08-28T17:00:00;48.6338;63.278;73.5262
2020-08-28T18:00:00;49.3613;63.1129;70.8788
2020-08-28T19:00:00;34.0196;41.4337;64.735
2020-08-28T20:00:00;29.2616;41.1062;41.3737
2020-08-28T21:00:00;16.3128;26.5946;29.4207
2020-08-28T22:00:00;18.0807;32.5627;37.6286
2020-08-28T23:00:00;21.411;28.9263;37.2121
2020-08-29T00:00:00;23.7203;32.3973;29.9906
2020-08-29T01:00:00;32.8454;22.9483;35.917
2020-08-29T02:00:00;26.68;33.9661;38.9877
2020-08-29T03:00:00;19.4396;31.0303;29.8492
2020-08-29T04:00:00;20.3601;30.761;31.0271
2020-08-29T05:00:00;30.8737;39.7511;32.7792
2020-08-29T06:00:00;29.6331;28.0876;34.9387
2020-08-29T07:00:00;30.7939;40.0278;49.4496
2020-08-29T08:00:00;34.8029;46.7708;53.891
2020-08-29T09:00:00;48.4338;54.5016;64.4903
2020-08-29T10:00:00;42.814;70.8348;82.9018
2020-08-29T11:00:00;53.673;64.9601;72.7877
2020-08-29T12:00:00;65.7971;65.2059;78.3857
2020-08-29T13:00:00;56.8515;79.1354;87.1275
2020-08-29T14:00:00;51.9467;68.2424;88.6773
2020-08-29T15:00:00;56.4857;60.0164;83.7247
2020-08-29T16:00:00;49.3628;60.9368;86.6141
2020-08-29T17:00:00;40.8101;53.4929;73.2582
2020-08-29T18:00:00;46.3143;44.5116;54.3332
2020-08-29T19:00:00;42.6047;44.4544;56.0083
2020-08-29T20:00:00;29.0986;37.9654;43.1248
2020-08-29T21:00:00;22.1138;35.9026;42.9191
2020-08-29T22:00:00;19.1922;33.147;40.8231
2020-08-29T23:00:00;23.2503;32.9192;28.0515
2020-08-30T00:00:00;21.1882;25.5339;42.7516
2020-08-30T01:00:00;18.9448;34.4247;40.6968
2020-08-30T02:00:00;33.4608;36.9562;34.3777
2020-08-30T03:00:00;26.3325;31.9729;35.6078
2020-08-30T04:00:00;26.862;32.1126;42.9609
2020-08-30T05:00:00;28.417;23.6765;26.1424
2020-08-30T06:00:00;27.8552;35.2722;38.227
2020-08-30T07:00:00;28.5876;47.2206;51.4468
2020-08-30T08:00:00;38.3783;47.8842;55.0798
2020-08-30T09:00:00;41.464;50.5396;67.4532
2020-08-30T10:00:00;49.973;58.9158;72.1867
2020-08-30T11:00:00;53.4213;62.5389;73.649
2020-08-30T12:00:00;52.5205;66.24;77.6056
2020-08-30T13:00:00;49.1782;73.0208;87.2967
2020-08-30T14:00:00;56.5559;71.1782;80.5585
2020-08-30T15:00:00;53.4125;73.0619;74.0278
2020-08-30T16:00:00;42.261;66.4955;78.1812
2020-08-30T17:00:00;50.3189;55.4054;69.1055
2020-08-30T18:00:00;47.6358;51.0079;58.2182
2020-08-30T19:00:00;49.6574;43.4553;55.8821
2020-08-30T20:00:00;28.6972;37.3841;49.8161
2020-08-30T21:00:00;21.3064;38.9736;36.1008
2020-08-30T22:00:00;18.4529;39.7745;30.6688
2020-08-30T23:00:00;25.0432;34.183;38.409
2020-08-31T00:00:00;25.0116;30.5938;41.1758
2020-08-31T01:00:00;19.9435;23.1917;47.0652
2020-08-31T02:00:00;23.1254;31.1;43.2092
2020-08-31T03:00:00;14.1067;26.05;30.9732
2020-08-31T04:00:00;28.6319;38.1526;40.2904
2020-08-31T05:00:00;20.1466;21.9695;37.2826
2020-08-31T06:00:00;23.8267;31.9224;30.2395
2020-08-31T07:00:00;23.5197;33.9453;47.3987
2020-08-31T08:00:00;34.1038;46.2219;65.1167
2020-08-31T09:00:00;41.4112;56.8418;70.193
2020-08-31T10:00:00;47.7242;64.8356;66.6037
2020-08-31T11:00:00;54.1115;64.3376;77.6378
2020-08-31T12:00:00;61.6292;71.8483;84.1091
2020-08-31T13:00:00;59.4883;66.4685;75.0875
2020-08-31T14:00:00;60.6355;71.0086;75.2599
2020-08-31T15:00:00;61.6643;73.0533;82.4239
2020-08-31T16:00:00;54.5614;66.3015;78.4076
2020-08-31T17:00:00;47.5971;57.0791;62.4769
2020-08-31T18:00:00;47.8547;52.1162;66.1536
2020-08-31T19:00:00;42.3806;51.3477;60.9582
2020-08-31T20:00:00;33.896;32.8572;44.8883
2020-08-31T21:00:00;16.7269;25.2784;36.2991
2020-08-31T22:00:00;19.7927;33.0079;38.8571
2020-08-31T23:00:00;22.6257;27.8043;38.1951
2020-09-01T00:00:00;27.8981;22.7347;27.6569
2020-09-01T01:00:00;23.8933;36.7541;31.4744
2020-09-01T02:00:00;29.6843;24.502;34.0207
2020-09-01T03:00:00;30.5762;29.0028;31.6959
2020-09-01T04:00:00;29.9959;26.9024;43.3348
2020-09-01T05:00:00;30.0277;28.5116;39.1724
2020-09-01T06:00:00;18.815;25.5769;30.4514
2020-09-01T07:00:00;33.0664;41.8879;44.9081
2020-09-01T08:00:00;33.9779;46.8236;61.1753
2020-09-01T09:00:00;34.5638;58.4297;60.9825
2020-09-01T10:00:00;46.3433;56.68;75.9289
2020-09-01T11:00:00;58.3365;75.3061;84.4851
2020-09-01T12:00:00;56.7375;58.519;87.7314
2020-09-01T13:00:00;65.9137;61.8552;84.6391
2020-09-01T14:00:00;56.7109;78.5463;89.9922
2020-09-01T15:00:00;66.6728;70.4125;79.0395
2020-09-01T16:00:00;52.6004;66.3479;89.9986
2020-09-01T17:00:00;47.893;61.8822;72.8752
2020-09-01T18:00:00;36.4122;56.3674;69.9477
2020-09-01T19:00:00;42.5684;47.7683;53.7133
2020-09-01T20:00:00;28.1425;33.4869;48.4768
2020-09-01T21:00:00;20.7648;34.091;38.7173
2020-09-01T22:00:00;30.4062;33.3034;31.3558
2020-09-01T23:00:00;29.7911;37.1422;31.2078
2020-09-02T00:00:00;29.6603;38.8212;34.9775
2020-09-02T01:00:00;22.189;31.6524;41.5267
2020-09-02T02:00:00;23.7451;23.8623;26.8429
2020-09-02T03:00:00;23.7007;38.8626;34.1858
2020-09-02T04:00:00;27.9126;24.9093;42.5494
2020-09-02T05:00:00;31.7678;31.6898;29.8394
2020-09-02T06:00:00;25.8407;28.7163;42.2695
2020-09-02T07:00:00;40.5276;36.1633;40.3408
2020-09-02T08:00:00;41.5015;50.091;50.9407
2020-09-02T09:00:00;41.6351;54.7337;63.4776
2020-09-02T10:00:00;51.9242;62.292;81.0382
2020-09-02T11:00:00;60.2425;60.5626;74.3692
2020-09-02T12:00:00;64.4253;67.1719;72.9859
2020-09-02T13:00:00;61.7592;65.9332;76.7274
2020-09-02T14:00:00;55.9531;68.7855;88.3968
2020-09-02T15:00:00;53.3503;67.4484;74.877
2020-09-02T16:00:00;54.5932;73.8625;83.509
2020-09-02T17:00:00;56.1505;58.4289;72.0199
2020-09-02T18:00:00;44.978;42.8834;64.0523
2020-09-02T19:00:00;39.2882;53.2449;57.0099
2020-09-02T20:00:00;30.9102;40.5628;41.9752
2020-09-02T21:00:00;22.3605;29.3449;36.6894
2020-09-02T22:00:00;23.1893;27.8139;30.0346
2020-09-02T23:00:00;24.6771;25.2654;42.7445
2020-09-03T00:00:00;32.5905;39.6902;30.8635
2020-09-03T01:00:00;22.8014;30.2592;38.1944
2020-09-03T02:00:00;24.2631;21.3112;30.8262
2020-09-03T03:00:00;19.6731;31.6387;33.334
2020-09-03T04:00:00;27.5832;36.0309;34.1308
2020-09-03T05:00:00;30.8334;30.7822;50.9067
2020-09-03T06:00:00;32.1225;25.492;35.9278
2020-09-03T07:00:00;31.67;33.3611;41.8721
2020-09-03T08:00:00;39.8873;41.6829;53.3006
2020-09-03T09:00:00;42.0414;61.1197;56.6903
2020-09-03T10:00:00;50.4207;59.3675;70.857
2020-09-03T11:00:00;53.2826;56.2474;86.8247
2020-09-03T12:00:00;54.7251;69.9629;83.3309
2020-09-03T13:00:00;56.5135;70.4861;88.2541
2020-09-03T14:00:00;58.0843;67.5364;79.1873
2020-09-03T15:00:00;52.963;62.9402;80.634
2020-09-03T16:00:00;50.5003;59.3215;78.5887
2020-09-03T17:00:00;56.3174;65.159;68.0444
2020-09-03T18:00:00;56.3619;54.749;66.2137
2020-09-03T19:00:00;30.9937;48.6627;58.6005
2020-09-03T20:00:00;24.3558;39.5403;48.694
2020-09-03T21:00:00;19.2142;31.6384;35.2446
2020-09-03T22:00:00;23.4836;27.658;41.4546
2020-09-03T23:00:00;28.4789;28.9709;34.7119
2020-09-04T00:00:00;26.9563;35.8246;34.2559
2020-09-04T01:00:00;24.8602;37.073;43.2077
2020-09-04T02:00:00;26.6447;23.8895;30.4652
2020-09-04T03:00:00;20.5396;28.9587;27.4852
2020-09-04T04:00:00;22.7794;34.1964;31.6609
2020-09-04T05:00:00;23.8995;39.4104;37.9362
2020-09-04T06:00:00;16.0789;38.9098;42.418
2020-09-04T07:00:00;24.8466;34.3377;42.6772
2020-09-04T08:00:00;31.4077;52.6447;64.5975
2020-09-04T09:00:00;46.6297;53.8046;64.3497
2020-09-04T10:00:00;49.0074;64.9479;71.0933
2020-09-04T11:00:00;54.7681;68.5824;73.3195
2020-09-04T12:00:00;45.2355;61.7224;91.4075
2020-09-04T13:00:00;48.4069;72.5307;82.9856
2020-09-04T14:00:00;59.1408;74.8094;77.0771
2020-09-04T15:00:00;40.5405;67.9415;93.9391
2020-09-04T16:00:00;57.836;63.4094;79.5376
2020-09-04T17:00:00;38.664;51.8675;75.6651
2020-09-04T18:00:00;47.0259;56.9295;72.6215
2020-09-04T19:00:00;32.5726;47.3132;58.5957
2020-09-04T20:00:00;35.8977;33.7055;50.8542
2020-09-04T21:00:00;40.0408;28.3708;36.2716
2020-09-04T22:00:00;12.6341;30.7725;39.6687
2020-09-04T23:00:00;27.4769;27.2068;35.8292
2020-09-05T00:00:00;14.9592;30.0134;35.8989
2020-09-05T01:00:00;26.1338;21.2503;36.5986
2020-09-05T02:00:00;22.9661;36.7471;34.0159
2020-09-05T03:00:00;24.6489;30.0795;38.5219
2020-09-05T04:00:00;19.4416;24.5032;38.5092
2020-09-05T05:00:00;27.9027;17.7015;40.0946
2020-09-05T06:00:00;16.7582;35.1457;39.198
2020-09-05T07:00:00;36.8614;41.1069;55.98
2020-09-05T08:00:00;34.9693;47.3229;60.7865
2020-09-05T09:00:00;35.7957;57.8297;63.1774
2020-09-05T10:00:00;55.7553;64.0303;73.9363
2020-09-05T11:00:00;51.3761;65.6132;84.6327
2020-09-05T12:00:00;63.972;66.7712;76.9008
2020-09-05T13:00:00;61.9315;67.6952;93.8083
2020-09-05T14:00:00;51.834;71.8856;79.8639
2020-09-05T15:00:00;54.0089;75.0274;86.1521
2020-09-05T16:00:00;52.318;64.1265;77.6022
2020-09-05T17:00:00;55.4122;67.1082;71.4163
2020-09-05T18:00:00;44.9967;55.3772;57.6991
2020-09-05T19:00:00;37.897;48.1729;60.0609
2020-09-05T20:00:00;29.6538;50.342;39.538
2020-09-05T21:00:00;23.7472;38.2634;28.7861
2020-09-05T22:00:00;30.523;38.393;41.7985
2020-09-05T23:00:00;24.0185;26.0119;44.948
2020-09-06T00:00:00;22.025;40.9609;32.6638
2020-09-06T01:00:00;21.1775;29.5889;41.0155
2020-09-06T02:00:00;21.2312;28.8625;39.9826
2020-09-06T03:00:00;16.9895;19.2038;35.5424
2020-09-06T04:00:00;20.2481;31.6315;42.6791
2020-09-06T05:00:00;31.4921;24.5832;35.1819
2020-09-06T06:00:00;22.967;32.0413;38.5877
2020-09-06T07:00:00;34.1752;32.5086;39.7109
2020-09-06T08:00:00;24.6218;55.258;49.4682
2020-09-06T09:00:00;45.6507;56.2693;70.0589
2020-09-06T10:00:00;46.9739;71.1252;74.427
2020-09-06T11:00:00;49.3056;59.5259;76.8569
2020-09-06T12:00:00;55.3386;75.7882;91.1899
2020-09-06T13:00:00;53.3456;60.7673;93.2236
2020-09-06T14:00:00;45.2053;70.8213;85.9329
2020-09-06T15:00:00;59.045;64.8841;74.3724
2020-09-06T16:00:00;52.9279;62.4012;77.0112
2020-09-06T17:00:00;46.2109;57.1433;67.508
2020-09-06T18:00:00;37.9782;48.9378;64.6613
2020-09-06T19:00:00;29.6663;39.971;50.8419
2020-09-06T20:00:00;31.7726;36.1043;39.9986
2020-09-06T21:00:00;32.0672;30.5801;24.6869
2020-09-06T22:00:00;25.0158;35.8185;36.8363
2020-09-06T23:00:00;17.0862;31.4768;24.5062
2020-09-07T00:00:00;25.1256;35.8327;34.3988
2020-09-07T01:00:00;23.7333;22.6091;39.472
2020-09-07T02:00:00;28.3202;27.8352;32.3895
2020-09-07T03:00:00;27.0337;33.555;30.5759
2020-09-07T04:00:00;9.0709;31.716;35.6608
2020-09-07T05:00:00;26.7262;25.6941;31.857
2020-09-07T06:00:00;18.9826;34.6703;36.9283
2020-09-07T07:00:00;23.5445;35.6601;40.8156
2020-09-07T08:00:00;36.0732;42.3826;55.0009
2020-09-07T09:00:00;44.864;55.9461;62.4816
2020-09-07T10:00:00;39.577;59.7566;71.6133
2020-09-07T11:00:00;55.2357;62.0265;85.745
2020-09-07T12:00:00;58.2505;65.2579;82.6498
2020-09-07T13:00:00;56.0596;64.4319;86.2593
2020-09-07T14:00:00;51.4866;67.8021;80.6131
2020-09-07T15:00:00;49.5369;73.5423;82.767
2020-09-07T16:00:00;56.8425;65.8638;76.1952
2020-09-07T17:00:00;40.2245;64.5188;71.8192
2020-09-07T18:00:00;48.1315;56.0918;67.4584
2020-09-07T19:00:00;36.1896;43.2082;53.0222
2020-09-07T20:00:00;30.174;30.0708;43.9895
2020-09-07T21:00:00;15.4596;25.3657;33.5679
2020-09-07T22:00:00;23.2664;26.6438;33.4714
2020-09-07T23:00:00;27.0679;26.2571;36.8662
2020-09-08T00:00:00;17.3179;34.9051;34.1801
2020-09-08T01:00:00;26.4932;34.8529;43.4898
2020-09-08T02:00:00;24.4451;41.0594;49.3958
2020-09-08T03:00:00;20.7812;26.1814;33.1603
2020-09-08T04:00:00;28.2734;37.9872;37.47
2020-09-08T05:00:00;12.9887;37.9563;41.19
2020-09-08T06:00:00;25.7334;28.8387;34.6713
2020-09-08T07:00:00;38.7503;40.6842;41.0078
2020-09-08T08:00:00;44.2153;52.4731;64.2142
2020-09-08T09:00:00;44.7582;53.2168;67.6445
2020-09-08T10:00:00;46.2722;59.0438;73.2644
2020-09-08T11:00:00;48.5338;61.5043;84.8218
2020-09-08T12:00:00;52.9192;56.2421;85.5019
2020-09-08T13:00:00;58.5437;70.1332;83.4974
2020-09-08T14:00:00;51.7885;66.2315;78.8539
2020-09-08T15:00:00;58.2209;62.6655;79.1841
2020-09-08T16:00:00;62.3786;66.752;83.5933
2020-09-08T17:00:00;47.4712;52.4692;75.0814
2020-09-08T18:00:00;36.0872;57.5418;63.2804
2020-09-08T19:00:00;30.2918;48.6875;64.3562
2020-09-08T20:00:00;34.536;36.3155;45.1937
2020-09-08T21:00:00;23.7013;29.6834;40.9376
2020-09-08T22:00:00;28.3842;24.0489;37.1002
2020-09-08T23:00:00;21.3318;33.7517;45.6648
2020-09-09T00:00:00;28.1531;30.9368;39.7652
2020-09-09T01:00:00;23.2085;31.3092;36.2308
2020-09-09T02:00:00;20.3375;32.5095;35.106
2020-09-09T03:00:00;21.995;26.7879;35.9231
2020-09-09T04:00:00;18.0147;22.4047;32.373
2020-09-09T05:00:00;33.9468;34.7866;29.1665
2020-09-09T06:00:00;23.5181;33.4436;37.5437
2020-09-09T07:00:00;33.8757;35.6397;43.3122
2020-09-09T08:00:00;34.3312;48.315;52.8425
2020-09-09T09:00:00;37.5495;59.8013;63.7695
2020-09-09T10:00:00;46.6112;65.4193;71.9321
2020-09-09T11:00:00;57.2188;61.8182;77.6061
2020-09-09T12:00:00;51.8301;60.5985;90.3422
2020-09-09T13:00:00;51.472;63.1948;87.0489
2020-09-09T14:00:00;56.602;68.2222;94.2761
2020-09-09T15:00:00;56.9289;75.3538;79.4558
2020-09-09T16:00:00;59.9271;60.9988;81.4878
2020-09-09T17:00:00;49.5494;56.7442;69.7539
2020-09-09T18:00:00;46.0291;50.4269;61.408
2020-09-09T19:00:00;40.6119;43.6108;66.2511
2020-09-09T20:00:00;24.8881;38.2603;42.139
2020-09-09T21:00:00;19.1833;23.5997;24.8413
2020-09-09T22:00:00;18.5805;35.4218;32.4603
2020-09-09T23:00:00;17.3393;29.2759;25.9584
2020-09-10T00:00:00;27.9773;42.3957;31.2434
2020-09-10T01:00:00;25.4503;24.1321;31.7067
2020-09-10T02:00:00;24.3975;37.9493;36.1764
2020-09-10T03:00:00;11.0364;36.9567;25.752
2020-09-10T04:00:00;34.2774;27.9416;41.9798
2020-09-10T05:00:00;19.5286;28.0247;26.6212
2020-09-10T06:00:00;34.2591;25.3935;35.3612
2020-09-10T07:00:00;23.407;33.7674;44.359
2020-09-10T08:00:00;32.9536;46.2664;59.6501
2020-09-10T09:00:00;31.7949;53.6149;65.9714
2020-09-10T10:00:00;49.5913;51.714;77.6053
2020-09-10T11:00:00;46.2065;76.1085;75.762
2020-09-10T12:00:00;49.0688;66.7447;79.327
2020-09-10T13:00:00;48.9621;70.1089;85.801
2020-09-10T14:00:00;59.7115;66.6497;88.8831
2020-09-10T15:00:00;57.9911;66.7072;85.7761
2020-09-10T16:00:00;60.773;62.8516;79.1783
2020-09-10T17:00:00;44.3521;59.7111;72.8343
2020-09-10T18:00:00;43.9032;53.4385;64.0322
2020-09-10T19:00:00;30.5689;50.2938;57.573
2020-09-10T20:00:00;28.978;39.4526;56.1544
2020-09-10T21:00:00;21.4058;33.5214;34.7871
2020-09-10T22:00:00;26.3222;29.9509;34.1775
2020-09-10T23:00:00;29.0851;31.1563;33.7947
2020-09-11T00:00:00;28.9553;28.7935;37.9469
2020-09-11T01:00:00;19.7859;35.0156;25.3913
2020-09-11T02:00:00;28.9923;31.6131;35.3247
2020-09-11T03:00:00;23.7796;29.2096;40.4032
2020-09-11T04:00:00;22.377;29.0604;33.3688
2020-09-11T05:00:00;20.4574;29.4538;36.9335
2020-09-11T06:00:00;21.2003;30.1522;46.5467
2020-09-11T07:00:00;39.3647;38.0347;47.6378
2020-09-11T08:00:00;38.5526;43.4753;44.3272
2020-09-11T09:00:00;43.6822;57.3359;57.1643
2020-09-11T10:00:00;46.4694;63.8662;70.4159
2020-09-11T11:00:00;63.9427;73.5603;73.5501
2020-09-11T12:00:00;60.9589;65.0241;82.1676
2020-09-11T13:00:00;52.2194;73.1131;82.2642
2020-09-11T14:00:00;54.4566;60.2352;89.5674
2020-09-11T15:00:00;53.3626;72.1875;76.1941
2020-09-11T16:00:00;52.4422;57.3581;76.5317
2020-09-11T17:00:00;44.2745;54.8041;72.7572
2020-09-11T18:00:00;45.0032;55.1725;65.9194
2020-09-11T19:00:00;44.276;43.162;56.2574
2020-09-11T20:00:00;24.085;34.5247;33.9234
2020-09-11T21:00:00;18.3593;27.5759;36.4165
2020-09-11T22:00:00;21.5842;33.6481;35.2462
2020-09-11T23:00:00;21.816;25.3355;40.3205
2020-09-12T00:00:00;33.9923;29.7292;39.6149
2020-09-12T01:00:00;29.0085;28.1067;37.2042
2020-09-12T02:00:00;28.7216;34.0995;37.5658
2020-09-12T03:00:00;22.6782;34.2396;42.7619
2020-09-12T04:00:00;22.5684;20.8236;41.7515
2020-09-12T05:00:00;16.7415;35.2255;37.3767
2020-09-12T06:00:00;27.9087;26.9462;46.7271
2020-09-12T07:00:00;33.1084;39.4979;42.8388
2020-09-12T08:00:00;43.4456;41.5749;49.5961
2020-09-12T09:00:00;41.755;55.3671;64.1595
2020-09-12T10:00:00;47.0717;72.4825;69.8019
2020-09-12T11:00:00;52.563;65.2768;65.2425
2020-09-12T12:00:00;58.8933;65.743;78.3888
2020-09-12T13:00:00;48.4736;68.6201;85.455
2020-09-12T14:00:00;59.505;62.4357;83.4469
2020-09-12T15:00:00;54.3313;75.2871;77.7684
2020-09-12T16:00:00;46.4196;66.2054;77.7808
2020-09-12T17:00:00;37.3576;54.4813;72.2863
2020-09-12T18:00:00;42.1268;48.4298;67.7891
2020-09-12T19:00:00;44.2541;46.3459;52.3159
2020-09-12T20:00:00;39.0266;42.9764;50.349
2020-09-12T21:00:00;25.7769;24.2451;30.5468
2020-09-12T22:00:00;33.81;35.567;33.4831
2020-09-12T23:00:00;23.7853;29.5418;44.495
2020-09-13T00:00:00;28.7665;25.3488;30.8806
2020-09-13T01:00:00;21.7438;27.6615;32.7062
2020-09-13T02:00:00;21.427;38.7428;29.7344
2020-09-13T03:00:00;20.6125;23.0589;31.8637
2020-09-13T04:00:00;13.6974;26.3405;36.6918
2020-09-13T05:00:00;30.4355;34.7629;39.5327
2020-09-13T06:00:00;20.7918;31.0823;35.9068
2020-09-13T07:00:00;26.646;34.3603;44.3563
2020-09-13T08:00:00;31.1157;51.0934;49.3095
2020-09-13T09:00:00;41.7873;58.5729;60.578
2020-09-13T10:00:00;56.5981;61.3827;63.9408
2020-09-13T11:00:00;62.1817;61.579;81.252
2020-09-13T12:00:00;46.1295;65.7507;85.6811
2020-09-13T13:00:00;54.0525;71.2043;83.5348
2020-09-13T14:00:00;50.6529;63.2212;85.9443
2020-09-13T15:00:00;59.3755;74.6812;86.0319
2020-09-13T16:00:00;53.1458;73.1421;78.0753
2020-09-13T17:00:00;44.5978;58.546;78.639
2020-09-13T18:00:00;43.172;55.2919;59.0947
2020-09-13T19:00:00;34.6285;52.1985;53.78
2020-09-13T20:00:00;38.7244;48.0943;43.6411
2020-09-13T21:00:00;26.7348;37.7849;39.2362
2020-09-13T22:00:00;27.3491;21.3223;28.8293
2020-09-13T23:00:00;10.6654;28.4222;43.2399
2020-09-14T00:00:00;23.6661;32.5034;38.8089
2020-09-14T01:00:00;34.4161;27.5289;44.7515
2020-09-14T02:00:00;30.6306;38.9138;35.7971
2020-09-14T03:00:00;14.7646;38.1469;33.2484
2020-09-14T04:00:00;22.4329;25.9203;39.2855
2020-09-14T05:00:00;17.9924;29.188;41.1528
2020-09-14T06:00:00;32.5555;26.2522;32.4279
2020-09-14T07:00:00;31.8746;37.3408;35.9918
2020-09-14T08:00:00;33.1766;45.1423;46.392
2020-09-14T09:00:00;42.9799;58.2827;65.5206
2020-09-14T10:00:00;34.7438;55.2835;79.3719
2020-09-14T11:00:00;46.288;51.5573;71.065
2020-09-14T12:00:00;54.616;60.0195;80.2889
2020-09-14T13:00:00;60.0531;64.6394;81.9948
2020-09-14T14:00:00;46.1181;66.5024;93.3397
2020-09-14T15:00:00;52.528;68.9781;92.9442
2020-09-14T16:00:00;56.7612;59.242;79.6915
2020-09-14T17:00:00;40.5234;53.6703;76.161
2020-09-14T18:00:00;43.955;48.8642;68.5647
2020-09-14T19:00:00;37.3454;40.6912;49.1218
2020-09-14T20:00:00;39.2251;35.544;49.4724
2020-09-14T21:00:00;22.8493;27.0136;30.902
2020-09-14T22:00:00;23.142;33.4453;35.1423
2020-09-14T23:00:00;28.2748;25.0524;41.6987
2020-09-15T00:00:00;17.3683;28.212;36.4047
2020-09-15T01:00:00;22.8956;27.2749;41.5125
2020-09-15T02:00:00;21.7214;34.0444;42.4963
2020-09-15T03:00:00;23.3054;29.2286;27.2153
2020-09-15T04:00:00;28.242;35.2535;25.1115
2020-09-15T05:00:00;26.7708;24.2381;41.8105
2020-09-15T06:00:00;20.2566;29.7532;42.012
2020-09-15T07:00:00;31.3367;35.437;47.2627
2020-09-15T08:00:00;44.4678;40.1392;57.4844
2020-09-15T09:00:00;38.6523;53.1739;68.6789
2020-09-15T10:00:00;48.5065;68.3904;76.043
2020-09-15T11:00:00;50.747;60.3765;76.0483
2020-09-15T12:00:00;54.1188;67.405;86.43
2020-09-15T13:00:00;47.6714;63.2197;82.0047
2020-09-15T14:00:00;62.8785;62.4847;84.9548
2020-09-15T15:00:00;50.562;64.106;82.6508
2020-09-15T16:00:00;56.8432;62.3911;73.272
2020-09-15T17:00:00;44.6738;57.6979;67.956
2020-09-15T18:00:00;39.6816;52.3813;75.3842
2020-09-15T19:00:00;43.0812;38.0278;51.0639
2020-09-15T20:00:00;35.6226;35.1867;47.8296
2020-09-15T21:00:00;25.0433;32.5088;38.899
2020-09-15T22:00:00;27.8058;23.2088;35.7289
2020-09-15T23:00:00;22.5572;28.2243;39.3574
2020-09-16T00:00:00;23.9582;31.4642;37.6449
2020-09-16T01:00:00;20.6919;26.0887;31.6487
2020-09-16T02:00:00;28.5203;31.7076;38.6841
2020-09-16T03:00:00;20.5329;22.3944;33.2765
2020-09-16T04:00:00;31.4258;34.4422;44.7033
2020-09-16T05:00:00;22.4208;31.829;38.1456
2020-09-16T06:00:00;24.1025;30.2783;32.4992
2020-09-16T07:00:00;34.4468;43.9406;47.6912
2020-09-16T08:00:00;37.1349;44.6227;50.8991
2020-09-16T09:00:00;41.3196;50.4221;65.5026
2020-09-16T10:00:00;47.6305;66.5885;70.5425
2020-09-16T11:00:00;56.1819;73.8448;73.4349
2020-09-16T12:00:00;51.1195;64.5751;77.4535
2020-09-16T13:00:00;55.1935;69.2122;95.9117
2020-09-16T14:00:00;55.8761;75.0061;84.194
2020-09-16T15:00:00;58.7567;67.6515;79.492
2020-09-16T16:00:00;51.2136;67.614;74.5446
2020-09-16T17:00:00;56.8221;63.6278;74.0268
2020-09-16T18:00:00;42.0264;50.6999;61.0212
2020-09-16T19:00:00;35.8272;48.3658;50.0503
2020-09-16T20:00:00;29.798;38.2855;45.8177
2020-09-16T21:00:00;17.4168;23.9157;35.8002
2020-09-16T22:00:00;18.8164;25.0517;33.9148
2020-09-16T23:00:00;21.3467;26.7379;31.5435
2020-09-17T00:00:00;29.6791;34.6426;34.0451
2020-09-17T01:00:00;23.8344;34.8068;33.6518
2020-09-17T02:00:00;21.5768;33.7496;32.9582
2020-09-17T03:00:00;30.1327;32.2006;37.3825
2020-09-17T04:00:00;31.7559;32.0641;47.1311
2020-09-17T05:00:00;30.2769;31.3878;42.6588
2020-09-17T06:00:00;19.7346;32.038;45.7096
2020-09-17T07:00:00;28.1769;40.6933;43.1413
2020-09-17T08:00:00;46.0843;39.2474;63.8968
2020-09-17T09:00:00;44.0148;49.5602;65.3501
2020-09-17T10:00:00;46.4425;54.5812;76.6028
2020-09-17T11:00:00;55.3046;70.1767;79.8577
2020-09-17T12:00:00;59.4703;76.3128;79.9344
2020-09-17T13:00:00;52.9675;58.9356;87.3345
2020-09-17T14:00:00;56.9219;77.6049;86.1617
2020-09-17T15:00:00;59.0666;68.4759;72.8098
2020-09-17T16:00:00;45.9114;69.7046;76.9486
2020-09-17T17:00:00;47.8424;62.2581;76.033
2020-09-17T18:00:00;37.2372;60.7134;65.6008
2020-09-17T19:00:00;32.0977;47.3182;57.8707
2020-09-17T20:00:00;27.8377;31.4992;42.2226
2020-09-17T21:00:00;26.3856;29.4716;37.2811
2020-09-17T22:00:00;22.3899;32.5783;35.5183
2020-09-17T23:00:00;20.7579;28.9202;34.9827
2020-09-18T00:00:00;24.2578;33.2887;32.6037
2020-09-18T01:00:00;18.2652;29.6715;40.5743
2020-09-18T02:00:00;26.144;27.0225;37.7273
2020-09-18T03:00:00;29.6569;24.5701;37.2227
2020-09-18T04:00:00;23.604;28.0409;46.2539
2020-09-18T05:00:00;22.9868;31.0229;38.369
2020-09-18T06:00:00;25.8672;20.203;42.0025
2020-09-18T07:00:00;20.5108;34.4161;47.3444
2020-09-18T08:00:00;39.6997;36.286;53.7575
2020-09-18T09:00:00;58.3186;50.426;58.918
2020-09-18T10:00:00;47.1673;65.7124;72.8779
2020-09-18T11:00:00;51.1172;58.7104;64.2518
2020-09-18T12:00:00;58.1518;71.5581;83.013
2020-09-18T13:00:00;64.0514;84.025;85.314
2020-09-18T14:00:00;60.6995;77.0486;82.6492
2020-09-18T15:00:00;43.6558;68.7098;81.1889
2020-09-18T16:00:00;54.5298;68.9332;71.3134
2020-09-18T17:00:00;60.6403;52.8774;78.599
2020-09-18T18:00:00;45.9213;45.6443;62.5274
2020-09-18T19:00:00;31.2426;46.413;50.6629
2020-09-18T20:00:00;32.0623;40.3095;48.7031
2020-09-18T21:00:00;17.5966;35.472;36.5538
2020-09-18T22:00:00;30.164;27.1562;34.2083
2020-09-18T23:00:00;19.2206;30.967;33.6798
2020-09-19T00:00:00;24.3712;30.7956;35.9718
2020-09-19T01:00:00;19.7111;29.343;42.7291
2020-09-19T02:00:00;21.2678;29.6376;38.3477
2020-09-19T03:00:00;31.4308;25.7265;35.828
2020-09-19T04:00:00;24.5173;31.3985;40.2622
2020-09-19T05:00:00;21.204;30.9752;36.1377
2020-09-19T06:00:00;18.2739;27.7999;38.0078
2020-09-19T07:00:00;21.2947;41.6453;46.7354
2020-09-19T08:00:00;30.7592;51.4086;58.4723
2020-09-19T09:00:00;43.3689;56.8983;61.993
2020-09-19T10:00:00;52.6818;54.5136;65.9742
2020-09-19T11:00:00;48.9111;65.1392;82.1035
2020-09-19T12:00:00;62.2865;63.4851;89.1754
2020-09-19T13:00:00;52.2372;70.2636;78.2776
2020-09-19T14:00:00;54.6346;65.2432;84.6335
2020-09-19T15:00:00;49.0359;74.4281;79.4064
2020-09-19T16:00:00;56.6666;68.5577;81.9861
2020-09-19T17:00:00;58.2682;65.4907;72.9042
2020-09-19T18:00:00;34.0;58.77;80.8511
2020-09-19T19:00:00;35.2848;44.9165;54.0162
2020-09-19T20:00:00;36.9771;36.1884;53.6662
2020-09-19T21:00:00;16.7653;38.7086;44.1732
2020-09-19T22:00:00;26.8334;29.1744;38.668
2020-09-19T23:00:00;30.1074;23.2271;36.1854
2020-09-20T00:00:00;24.3911;35.0373;36.4742
2020-09-20T01:00:00;26.7513;30.7189;36.051
2020-09-20T02:00:00;32.8045;37.5297;41.6665
2020-09-20T03:00:00;33.7421;31.2148;31.6368
2020-09-20T04:00:00;23.6902;29.9;35.1951
2020-09-20T05:00:00;21.3381;37.6306;34.5891
2020-09-20T06:00:00;19.4001;22.3077;27.369
2020-09-20T07:00:00;35.538;35.3897;50.2743
2020-09-20T08:00:00;30.1567;41.8327;60.838
2020-09-20T09:00:00;41.5463;42.536;61.0426
2020-09-20T10:00:00;48.2941;64.0917;76.8216
2020-09-20T11:00:00;49.1978;61.8539;69.6509
2020-09-20T12:00:00;55.8329;72.5691;81.7705
2020-09-20T13:00:00;68.6473;71.7263;83.1058
2020-09-20T14:00:00;55.2167;72.8166;84.1758
2020-09-20T15:00:00;52.2568;65.7653;82.0634
2020-09-20T16:00:00;56.7895;60.8198;77.184
2020-09-20T17:00:00;48.9786;60.1746;69.7321
2020-09-20T18:00:00;50.0058;58.1073;63.6702
2020-09-20T19:00:00;37.839;46.0176;62.3395
2020-09-20T20:00:00;29.4111;34.8068;43.0862
2020-09-20T21:00:00;15.0814;24.0049;47.2767
2020-09-20T22:00:00;15.9013;31.0208;32.8242
2020-09-20T23:00:00;14.8215;27.2297;37.2003
2020-09-21T00:00:00;25.8967;29.6413;38.856
2020-09-21T01:00:00;17.1888;28.8061;34.5412
2020-09-21T02:00:00;30.2779;27.7778;42.9118
2020-09-21T03:00:00;24.1512;31.469;38.7261
2020-09-21T04:00:00;22.7791;32.7725;34.9755
2020-09-21T05:00:00;19.7807;39.8264;42.8563
2020-09-21T06:00:00;27.1113;33.7898;30.9225
2020-09-21T07:00:00;26.6307;46.2849;43.1523
2020-09-21T08:00:00;32.0887;42.1765;58.3362
2020-09-21T09:00:00;48.7509;45.5067;68.221
2020-09-21T10:00:00;49.5537;59.6536;73.2841
2020-09-21T11:00:00;50.5382;68.9312;76.9333
2020-09-21T12:00:00;57.641;71.5481;80.3935
2020-09-21T13:00:00;55.8694;75.8378;89.3941
2020-09-21T14:00:00;57.7398;57.0981;84.939
2020-09-21T15:00:00;50.3496;74.3071;77.2895
2020-09-21T16:00:00;62.0648;66.3183;72.9197
2020-09-21T17:00:00;44.8825;52.0057;79.2383
2020-09-21T18:00:00;50.5892;57.1291;60.6199
2020-09-21T19:00:00;36.0712;47.1169;56.887
2020-09-21T20:00:00;34.6887;40.2226;52.7343
2020-09-21T21:00:00;27.6711;34.9955;38.7105
2020-09-21T22:00:00;29.7343;32.1514;32.2118
2020-09-21T23:00:00;19.7969;22.6359;30.9215
2020-09-22T00:00:00;29.3782;29.2849;45.3494
2020-09-22T01:00:00;33.2322;21.9118;30.7942
2020-09-22T02:00:00;22.7065;33.2453;33.2337
2020-09-22T03:00:00;24.1735;36.9899;37.8625
2020-09-22T04:00:00;21.3828;23.7927;34.9056
2020-09-22T05:00:00;22.2678;26.6427;38.869
2020-09-22T06:00:00;32.5571;25.5882;28.6611
2020-09-22T07:00:00;25.632;36.0469;44.9278
2020-09-22T08:00:00;32.305;48.3316;58.9118
2020-09-22T09:00:00;50.8636;51.2961;67.6191
2020-09-22T10:00:00;50.9034;62.9884;68.8087
2020-09-22T11:00:00;62.3147;69.9679;72.4607
2020-09-22T12:00:00;52.1816;73.5511;82.7193
2020-09-22T13:00:00;56.4561;64.19;77.1747
2020-09-22T14:00:00;52.5213;76.7105;90.1584
2020-09-22T15:00:00;55.1503;75.3726;82.4378
2020-09-22T16:00:00;42.8423;72.4044;74.0852
2020-09-22T17:00:00;51.2054;58.9367;66.3984
2020-09-22T18:00:00;44.4265;49.7522;61.0484
2020-09-22T19:00:00;36.7278;41.3483;47.7137
2020-09-22T20:00:00;28.7014;32.8076;48.4537
2020-09-22T21:00:00;19.5262;30.0585;31.9858
2020-09-22T22:00:00;27.6386;34.2393;37.9984
2020-09-22T23:00:00;18.1446;36.5328;38.6877
2020-09-23T00:00:00;26.5595;27.5722;40.83
2020-09-23T01:00:00;34.3723;29.8066;37.2592
2020-09-23T02:00:00;31.4276;29.4791;41.6262
2020-09-23T03:00:00;16.4744;26.8236;42.9306
2020-09-23T04:00:00;21.3163;33.6787;37.2911
2020-09-23T05:00:00;26.1073;31.8142;37.5926
2020-09-23T06:00:00;23.6486;30.7091;33.2126
2020-09-23T07:00:00;23.6561;40.108;41.0416
2020-09-23T08:00:00;38.9422;49.3467;61.9337
2020-09-23T09:00:00;42.759;56.5386;67.2424
2020-09-23T10:00:00;57.3523;55.5333;75.1051
2020-09-23T11:00:00;50.4467;69.1227;74.6157
2020-09-23T12:00:00;60.2738;69.3191;89.7703
2020-09-23T13:00:00;49.4893;67.6078;82.594
2020-09-23T14:00:00;50.6847;70.952;79.7278
2020-09-23T15:00:00;58.0421;69.7646;78.7823
2020-09-23T16:00:00;57.1315;70.0499;85.4252
2020-09-23T17:00:00;42.9937;54.495;66.1157
2020-09-23T18:00:00;42.9295;60.1363;60.4581
2020-09-23T19:00:00;30.1077;46.3853;70.0159
2020-09-23T20:00:00;29.7471;35.7857;50.6849
2020-09-23T21:00:00;28.1846;27.3162;32.3347
2020-09-23T22:00:00;21.8252;24.9932;30.5928
2020-09-23T23:00:00;22.7548;21.2954;27.6365
2020-09-24T00:00:00;18.351;33.387;36.4856
2020-09-24T01:00:00;20.7582;39.9044;39.6401
2020-09-24T02:00:00;32.7906;21.9119;43.594
2020-09-24T03:00:00;24.3646;25.2479;26.5301
2020-09-24T04:00:00;18.9885;33.7579;29.3731
2020-09-24T05:00:00;22.4261;29.7718;35.4022
2020-09-24T06:00:00;16.0129;34.1721;49.9384
2020-09-24T07:00:00;25.5824;37.8079;50.4093
2020-09-24T08:00:00;43.8173;43.3663;57.3874
2020-09-24T09:00:00;42.0967;52.3822;58.0891
2020-09-24T10:00:00;57.2343;47.8153;61.071
2020-09-24T11:00:00;51.2361;58.9236;77.7635
2020-09-24T12:00:00;54.2539;72.7837;81.1539
2020-09-24T13:00:00;59.0292;75.7404;82.398
2020-09-24T14:00:00;42.4618;76.8117;81.8349
2020-09-24T15:00:00;55.4585;70.2466;77.9089
2020-09-24T16:00:00;51.4679;53.3607;72.681
2020-09-24T17:00:00;55.2108;56.5508;78.6185
2020-09-24T18:00:00;47.6325;60.1347;59.7811
2020-09-24T19:00:00;31.3471;54.3847;54.1426
2020-09-24T20:00:00;36.8639;45.1297;45.7844
2020-09-24T21:00:00;22.6884;28.8187;39.5314
2020-09-24T22:00:00;19.4777;23.4671;31.7408
2020-09-24T23:00:00;24.9855;29.7968;40.8903
2020-09-25T00:00:00;22.9862;30.074;33.1017
2020-09-25T01:00:00;31.6923;37.8278;35.1905
2020-09-25T02:00:00;25.7031;31.139;44.2155
2020-09-25T03:00:00;25.0283;30.0834;31.1539
2020-09-25T04:00:00;28.5032;30.3675;39.6045
2020-09-25T05:00:00;29.4644;31.9993;41.0231
2020-09-25T06:00:00;27.918;33.1322;37.5495
2020-09-25T07:00:00;37.7505;34.6938;45.3921
2020-09-25T08:00:00;40.059;40.9814;66.1519
2020-09-25T09:00:00;43.6474;60.3642;64.1445
2020-09-25T10:00:00;53.9765;51.5206;72.6913
2020-09-25T11:00:00;51.2583;72.8298;75.8866
2020-09-25T12:00:00;54.6;58.4889;82.4061
2020-09-25T13:00:00;64.4326;66.8582;88.5576
2020-09-25T14:00:00;63.9343;74.6401;82.3605
2020-09-25T15:00:00;54.3929;68.044;71.1081
2020-09-25T16:00:00;49.4451;58.0586;80.1371
2020-09-25T17:00:00;55.0965;61.8579;66.2793
2020-09-25T18:00:00;46.8112;53.8464;67.9231
2020-09-25T19:00:00;38.5935;45.1892;55.5167
2020-09-25T20:00:00;29.0438;35.1969;50.6953
2020-09-25T21:00:00;25.6585;29.827;31.2583
2020-09-25T22:00:00;23.8915;27.0904;33.3239
2020-09-25T23:00:00;20.6783;42.1727;34.2998
2020-09-26T00:00:00;24.6452;28.7999;28.5886
2020-09-26T01:00:00;25.3271;28.1312;41.5571
2020-09-26T02:00:00;22.123;27.2918;27.8729
2020-09-26T03:00:00;28.5191;38.8848;41.4866
2020-09-26T04:00:00;30.4442;21.8047;38.122
2020-09-26T05:00:00;28.8495;31.7972;35.0057
2020-09-26T06:00:00;22.6188;28.8036;37.7256
2020-09-26T07:00:00;34.4323;31.1995;47.5684
2020-09-26T08:00:00;37.4054;42.1741;53.5212
2020-09-26T09:00:00;36.6304;55.0962;65.7044
2020-09-26T10:00:00;51.1443;55.4038;75.3269
2020-09-26T11:00:00;52.4435;65.9388;72.8458
2020-09-26T12:00:00;67.4015;76.688;83.3817
2020-09-26T13:00:00;63.1111;70.6339;70.6054
2020-09-26T14:00:00;59.3805;62.5133;74.0891
2020-09-26T15:00:00;55.6797;63.8083;84.4733
2020-09-26T16:00:00;52.5314;63.214;75.4801
2020-09-26T17:00:00;42.7622;57.9646;67.4038
2020-09-26T18:00:00;34.1142;54.2715;63.9486
2020-09-26T19:00:00;32.6528;47.8317;53.5436
2020-09-26T20:00:00;30.4146;46.9691;41.0367
2020-09-26T21:00:00;13.4723;29.9814;27.8048
2020-09-26T22:00:00;21.2784;24.239;26.1592
2020-09-26T23:00:00;22.7619;35.769;39.694
2020-09-27T00:00:00;22.9229;36.3151;33.8875
2020-09-27T01:00:00;20.6914;31.1622;40.8477
2020-09-27T02:00:00;22.2924;28.768;33.8367
2020-09-27T03:00:00;32.6195;33.1127;37.7748
2020-09-27T04:00:00;27.3107;28.9446;35.373
2020-09-27T05:00:00;21.1985;19.7215;36.2222
2020-09-27T06:00:00;23.6583;32.8174;36.4652
2020-09-27T07:00:00;30.5116;42.7777;43.7512
2020-09-27T08:00:00;33.1758;53.4749;49.3753
2020-09-27T09:00:00;38.9635;49.8576;68.0444
2020-09-27T10:00:00;52.8333;60.8566;79.6387
2020-09-27T11:00:00;49.6139;65.88;85.8653
2020-09-27T12:00:00;48.9603;68.4692;78.8844
2020-09-27T13:00:00;55.609;70.3552;80.0712
2020-09-27T14:00:00;56.4147;69.9666;80.9656
2020-09-27T15:00:00;44.5703;69.101;80.7715
2020-09-27T16:00:00;51.5091;68.3444;77.3069
2020-09-27T17:00:00;52.1205;65.8272;66.6813
2020-09-27T18:00:00;45.0653;49.7297;56.815
2020-09-27T19:00:00;48.1645;45.408;55.7731
2020-09-27T20:00:00;36.9087;36.2034;28.3277
2020-09-27T21:00:00;31.2447;27.1716;35.4967
2020-09-27T22:00:00;38.0004;21.9198;31.2763
2020-09-27T23:00:00;27.7908;30.1211;39.9008
2020-09-28T00:00:00;24.8154;32.3966;41.2382
2020-09-28T01:00:00;28.8687;29.2245;41.3562
2020-09-28T02:00:00;21.2038;29.9552;34.2678
2020-09-28T03:00:00;24.5384;32.0922;30.3243
2020-09-28T04:00:00;20.7614;37.0556;31.927
2020-09-28T05:00:00;25.9899;27.9012;37.4381
2020-09-28T06:00:00;20.7405;24.1419;27.7707
2020-09-28T07:00:00;27.2185;37.8643;52.9475
2020-09-28T08:00:00;39.0829;55.6873;53.8702
2020-09-28T09:00:00;42.1206;47.7069;66.7146
2020-09-28T10:00:00;38.143;62.9765;62.7638
2020-09-28T11:00:00;44.435;70.4306;72.9393
2020-09-28T12:00:00;48.6975;56.2146;72.1223
2020-09-28T13:00:00;51.4098;71.832;88.843
2020-09-28T14:00:00;57.8968;72.7979;82.936
2020-09-28T15:00:00;55.5285;66.7056;84.5072
2020-09-28T16:00:00;57.0392;61.4088;77.8863
2020-09-28T17:00:00;51.5446;56.7725;74.0133
2020-09-28T18:00:00;48.1686;51.8686;62.5265
2020-09-28T19:00:00;40.0576;44.759;54.5056
2020-09-28T20:00:00;31.7016;35.8626;45.5211
2020-09-28T21:00:00;29.4968;28.2776;38.0282
2020-09-28T22:00:00;28.5971;35.954;38.1606
2020-09-28T23:00:00;25.8805;23.9279;50.0572
2020-09-29T00:00:00;30.3554;21.2547;44.408
2020-09-29T01:00:00;12.2711;36.0339;27.1062
2020-09-29T02:00:00;22.5477;29.0399;35.2845
2020-09-29T03:00:00;22.471;28.0588;33.9705
2020-09-29T04:00:00;29.7634;29.4439;42.4007
2020-09-29T05:00:00;31.857;31.0464;34.4213
2020-09-29T06:00:00;16.7491;27.3797;38.3214
2020-09-29T07:00:00;37.709;40.8461;34.2945
2020-09-29T08:00:00;31.1583;41.4582;47.9554
2020-09-29T09:00:00;37.1031;52.0023;74.6752
2020-09-29T10:00:00;46.6092;48.6523;71.9222
2020-09-29T11:00:00;50.1218;70.5022;72.5769
2020-09-29T12:00:00;46.6417;67.1618;82.8651
2020-09-29T13:00:00;59.0741;73.1314;78.4718
2020-09-29T14:00:00;59.2217;72.1637;82.3202
2020-09-29T15:00:00;59.704;70.7913;74.3876
2020-09-29T16:00:00;49.5455;64.6021;73.6256
2020-09-29T17:00:00;47.5827;61.6669;69.5893
2020-09-29T18:00:00;42.657;48.705;69.8172
2020-09-29T19:00:00;45.4555;40.4136;57.8436
2020-09-29T20:00:00;16.482;37.8109;49.1724
2020-09-29T21:00:00;19.2153;26.6011;35.8711
2020-09-29T22:00:00;24.0277;37.1273;40.1142
2020-09-29T23:00:00;18.5721;31.8757;31.6324
2020-09-30T00:00:00;22.7084;26.4176;32.3365
2020-09-30T01:00:00;23.3696;28.6423;38.038
2020-09-30T02:00:00;20.7116;30.665;34.6043
2020-09-30T03:00:00;24.3223;29.66;35.9308
2020-09-30T04:00:00;27.1407;31.3587;35.1793
2020-09-30T05:00:00;22.8187;30.3433;42.2673
2020-09-30T06:00:00;21.734;23.0467;42.5278
2020-09-30T07:00:00;29.8243;27.5619;42.8489
2020-09-30T08:00:00;36.9784;44.4014;46.724
2020-09-30T09:00:00;34.1075;56.3139;60.6562
2020-09-30T10:00:00;50.0884;57.9139;67.1862
2020-09-30T11:00:00;49.4578;70.8238;81.728
2020-09-30T12:00:00;60.7415;67.8078;86.2532
2020-09-30T13:00:00;58.78;76.5669;78.5817
2020-09-30T14:00:00;61.675;75.5404;79.9645
2020-09-30T15:00:00;49.3788;73.2987;74.2557
2020-09-30T16:00:00;49.8559;58.6235;78.2411
2020-09-30T17:00:00;41.5683;59.8115;71.4464
2020-09-30T18:00:00;39.2832;59.6253;68.1593
2020-09-30T19:00:00;43.2761;47.6312;58.009
2020-09-30T20:00:00;38.0906;41.0883;49.0308
2020-09-30T21:00:00;18.2593;23.0606;28.29
2020-09-30T22:00:00;21.7086;39.5939;32.8684
2020-09-30T23:00:00;23.619;26.0431;40.7445
2020-10-01T00:00:00;26.928;20.0279;33.3071
2020-10-01T01:00:00;15.2009;28.2444;27.8622
2020-10-01T02:00:00;15.985;17.7626;40.0399
2020-10-01T03:00:00;26.4481;24.5744;33.1137
2020-10-01T04:00:00;14.2548;42.7926;41.3132
2020-10-01T05:00:00;21.766;28.0998;35.9079
2020-10-01T06:00:00;24.8105;22.8611;34.6139
2020-10-01T07:00:00;32.7315;38.443;52.7957
2020-10-01T08:00:00;36.307;41.7804;49.0101
2020-10-01T09:00:00;40.9803;57.834;71.3848
2020-10-01T10:00:00;52.0035;55.2781;68.4742
2020-10-01T11:00:00;53.1388;65.9947;78.3811
2020-10-01T12:00:00;51.1987;62.307;82.5098
2020-10-01T13:00:00;56.0133;82.776;81.6015
2020-10-01T14:00:00;57.7405;72.299;79.9265
2020-10-01T15:00:00;63.025;67.3147;79.8016
2020-10-01T16:00:00;55.6444;63.1762;72.4964
2020-10-01T17:00:00;53.8534;56.9578;81.4808
2020-10-01T18:00:00;39.7561;49.7068;61.808
2020-10-01T19:00:00;34.3947;42.3275;61.3181
2020-10-01T20:00:00;29.4763;46.7081;51.1156
2020-10-01T21:00:00;23.2821;27.2369;37.8146
2020-10-01T22:00:00;18.9599;19.3529;35.3216
2020-10-01T23:00:00;30.3297;24.1702;36.9689
2020-10-02T00:00:00;28.4168;34.6386;38.8608
2020-10-02T01:00:00;22.4716;28.7384;36.5023
2020-10-02T02:00:00;27.2086;29.3296;28.1663
2020-10-02T03:00:00;25.1145;35.8491;26.9084
2020-10-02T04:00:00;27.5991;26.1142;43.5449
2020-10-02T05:00:00;17.2785;33.1621;22.8264
2020-10-02T06:00:00;23.2717;26.6606;36.9784
2020-10-02T07:00:00;30.363;41.1959;44.8049
2020-10-02T08:00:00;40.1338;44.3138;56.3274
2020-10-02T09:00:00;39.6669;52.3037;58.5139
2020-10-02T10:00:00;35.281;63.8265;73.4243
2020-10-02T11:00:00;46.3043;68.3811;78.5993
2020-10-02T12:00:00;54.1286;67.2151;95.4558
2020-10-02T13:00:00;56.1441;67.4228;84.387
2020-10-02T14:00:00;64.2434;77.7766;90.4782
2020-10-02T15:00:00;57.3475;70.9889;74.1573
2020-10-02T16:00:00;52.1205;62.6853;82.6697
2020-10-02T17:00:00;47.6187;56.4604;72.8023
2020-10-02T18:00:00;48.33;58.6359;65.5624
2020-10-02T19:00:00;34.065;46.8465;56.9412
2020-10-02T20:00:00;29.9518;37.4987;54.5115
2020-10-02T21:00:00;18.5537;30.5749;37.2755
2020-10-02T22:00:00;31.0945;31.689;32.0794
2020-10-02T23:00:00;25.9625;29.7166;32.9203
2020-10-03T00:00:00;20.4624;36.0184;40.0856
2020-10-03T01:00:00;23.4277;36.2967;38.2373
2020-10-03T02:00:00;26.5483;32.6594;28.3476
2020-10-03T03:00:00;22.7464;36.8736;38.5732
2020-10-03T04:00:00;21.3276;30.0425;30.5883
2020-10-03T05:00:00;20.7286;33.4517;38.1913
2020-10-03T06:00:00;25.6948;35.0223;31.9722
2020-10-03T07:00:00;28.8629;43.4117;44.5724
2020-10-03T08:00:00;34.7468;50.8495;52.7993
2020-10-03T09:00:00;36.1288;56.6674;71.8083
2020-10-03T10:00:00;48.1688;69.5114;73.6802
2020-10-03T11:00:00;50.8067;61.9425;83.8748
2020-10-03T12:00:00;52.8256;67.2662;96.1268
2020-10-03T13:00:00;56.8186;68.7083;83.9711
2020-10-03T14:00:00;59.5647;67.9405;91.247
2020-10-03T15:00:00;57.9416;58.0984;78.1534
2020-10-03T16:00:00;54.4765;71.5153;83.8436
2020-10-03T17:00:00;46.5773;54.5956;67.6334
2020-10-03T18:00:00;39.9741;54.3605;64.1216
2020-10-03T19:00:00;31.796;39.1602;58.2077
2020-10-03T20:00:00;27.6874;41.42;49.4509
2020-10-03T21:00:00;24.0983;26.073;29.6372
2020-10-03T22:00:00;20.0686;24.3202;31.6649
2020-10-03T23:00:00;24.4803;30.9717;39.0573
2020-10-04T00:00:00;19.1727;26.4963;34.1614
2020-10-04T01:00:00;15.695;27.1292;29.0133
2020-10-04T02:00:00;28.097;30.8589;35.6451
2020-10-04T03:00:00;21.6279;33.9999;35.4051
2020-10-04T04:00:00;19.8148;25.908;36.8846
2020-10-04T05:00:00;18.5308;25.044;38.6462
2020-10-04T06:00:00;26.1152;30.1174;38.3283
2020-10-04T07:00:00;37.5277;41.0127;42.1389
2020-10-04T08:00:00;35.0002;53.5832;53.4692
2020-10-04T09:00:00;41.7313;48.1548;68.8526
2020-10-04T10:00:00;53.1388;58.136;68.955
2020-10-04T11:00:00;42.6606;70.5199;75.5938
2020-10-04T12:00:00;64.2682;77.9077;74.1294
2020-10-04T13:00:00;68.0452;64.8154;83.5936
2020-10-04T14:00:00;42.293;66.0868;85.4634
2020-10-04T15:00:00;53.9463;69.9478;71.7732
2020-10-04T16:00:00;48.1181;61.7523;72.218
2020-10-04T17:00:00;46.4568;55.9296;64.5623
2020-10-04T18:00:00;40.7172;54.7338;68.1555
2020-10-04T19:00:00;41.0744;54.0166;45.9616
2020-10-04T20:00:00;30.0903;31.7691;45.5863
2020-10-04T21:00:00;19.4455;37.4917;39.5893
2020-10-04T22:00:00;23.1391;27.1262;36.9391
2020-10-04T23:00:00;26.5739;31.729;33.8002
2020-10-05T00:00:00;18.0814;37.9543;37.7323
2020-10-05T01:00:00;15.7688;31.6266;41.1849
2020-10-05T02:00:00;33.9637;28.5125;35.4619
2020-10-05T03:00:00;20.7879;33.5909;24.8053
2020-10-05T04:00:00;23.3132;29.1342;41.7387
2020-10-05T05:00:00;22.011;32.6068;38.0013
2020-10-05T06:00:00;26.7404;28.9766;35.8346
2020-10-05T07:00:00;39.5171;42.6222;36.0779
2020-10-05T08:00:00;39.9152;39.2983;54.0318
2020-10-05T09:00:00;35.2173;48.4438;59.8363
2020-10-05T10:00:00;40.86;52.6812;65.5896
2020-10-05T11:00:00;49.718;64.3589;76.887
2020-10-05T12:00:00;53.0926;60.3946;78.9709
2020-10-05T13:00:00;47.2149;66.3217;81.3866
2020-10-05T14:00:00;59.9214;64.2433;87.4352
2020-10-05T15:00:00;49.0022;75.4406;82.9286
2020-10-05T16:00:00;59.1793;59.6876;75.0916
2020-10-05T17:00:00;56.8838;53.2931;68.559
2020-10-05T18:00:00;41.5679;54.7531;61.9394
2020-10-05T19:00:00;39.2104;54.7036;54.2861
2020-10-05T20:00:00;24.4934;37.7361;48.9
2020-10-05T21:00:00;27.1184;29.8064;30.7872
2020-10-05T22:00:00;21.509;36.4538;43.2922
2020-10-05T23:00:00;18.5638;34.3911;38.9239
2020-10-06T00:00:00;22.5533;32.1271;22.3104
2020-10-06T01:00:00;21.6713;27.0883;36.4267
2020-10-06T02:00:00;22.3742;32.2798;41.2037
2020-10-06T03:00:00;28.7484;23.1961;37.9435
2020-10-06T04:00:00;20.0735;26.8816;33.9383
2020-10-06T05:00:00;32.6751;37.1573;35.6945
2020-10-06T06:00:00;17.3747;36.51;36.8916
2020-10-06T07:00:00;38.7303;40.5039;49.8277
2020-10-06T08:00:00;31.933;36.6227;48.4479
2020-10-06T09:00:00;42.8041;47.4703;61.1886
2020-10-06T10:00:00;45.3297;56.3284;79.8638
2020-10-06T11:00:00;49.9942;63.7825;77.734
2020-10-06T12:00:00;58.4406;61.7902;89.2902
2020-10-06T13:00:00;63.3238;68.5493;98.665
2020-10-06T14:00:00;61.7773;78.6174;81.2769
2020-10-06T15:00:00;52.4095;70.0464;75.6643
2020-10-06T16:00:00;52.6341;65.7351;76.2416
2020-10-06T17:00:00;43.8702;54.638;77.1659
2020-10-06T18:00:00;37.8514;45.3165;70.4082
2020-10-06T19:00:00;31.2841;40.1285;66.8832
2020-10-06T20:00:00;28.4653;29.9195;45.7957
2020-10-06T21:00:00;25.248;30.3752;38.4403
2020-10-06T22:00:00;14.4409;31.9194;32.4412
2020-10-06T23:00:00;23.7682;25.1736;23.4651
2020-10-07T00:00:00;31.5801;30.7396;35.8017
2020-10-07T01:00:00;29.6096;37.345;30.2312
2020-10-07T02:00:00;21.0741;39.7885;39.2168
2020-10-07T03:00:00;17.0156;33.8521;26.593
2020-10-07T04:00:00;26.2992;29.1258;32.3033
2020-10-07T05:00:00;12.4129;33.6905;37.3384
2020-10-07T06:00:00;29.5508;36.759;37.8618
2020-10-07T07:00:00;29.5852;28.2803;45.7426
2020-10-07T08:00:00;46.1721;53.6798;64.8601
2020-10-07T09:00:00;34.1743;50.7885;72.061
2020-10-07T10:00:00;52.3714;57.051;68.2493
2020-10-07T11:00:00;51.2103;62.8664;85.6163
2020-10-07T12:00:00;52.7786;69.6427;90.4617
2020-10-07T13:00:00;48.9755;64.2246;83.1175
2020-10-07T14:00:00;58.8034;68.3568;83.9641
2020-10-07T15:00:00;57.8145;70.6686;81.3971
2020-10-07T16:00:00;60.6385;65.7339;74.3442
2020-10-07T17:00:00;52.8209;61.6299;68.9426
2020-10-07T18:00:00;39.8397;51.8916;70.8103
2020-10-07T19:00:00;31.9963;49.738;57.7102
2020-10-07T20:00:00;23.8107;43.5985;43.2088
2020-10-07T21:00:00;31.3661;34.9822;31.37
2020-10-07T22:00:00;20.1091;32.1381;32.2094
2020-10-07T23:00:00;31.4011;34.6945;35.1807
2020-10-08T00:00:00;26.6254;34.3553;40.5658
2020-10-08T01:00:00;25.6495;43.3825;31.6996
2020-10-08T02:00:00;22.4657;36.0903;40.5085
2020-10-08T03:00:00;27.3034;29.5563;36.9848
2020-10-08T04:00:00;23.9226;25.4416;36.7142
2020-10-08T05:00:00;22.1539;28.6943;41.129
2020-10-08T06:00:00;27.48;28.3411;40.2168
2020-10-08T07:00:00;29.9333;40.8736;38.9572
2020-10-08T08:00:00;33.0239;42.7682;50.1033
2020-10-08T09:00:00;45.8083;59.4723;63.0661
2020-10-08T10:00:00;47.4607;52.778;73.4508
2020-10-08T11:00:00;54.1574;56.4784;84.3921
2020-10-08T12:00:00;52.1645;67.3667;81.9761
2020-10-08T13:00:00;49.7791;65.5681;92.2555
2020-10-08T14:00:00;64.5001;63.4897;80.2037
2020-10-08T15:00:00;62.1669;64.8569;78.9628
2020-10-08T16:00:00;56.1317;60.8336;76.0408
2020-10-08T17:00:00;45.8416;59.7765;67.5848
2020-10-08T18:00:00;41.3075;50.4091;70.0107
2020-10-08T19:00:00;43.9272;43.5738;41.6742
2020-10-08T20:00:00;28.884;38.2921;43.4619
2020-10-08T21:00:00;20.8372;35.0712;41.741
2020-10-08T22:00:00;33.3612;37.3537;34.4384
2020-10-08T23:00:00;23.7616;30.7388;41.3644
2020-10-09T00:00:00;32.8421;31.1277;46.9884
2020-10-09T01:00:00;17.008;29.0841;36.4019
2020-10-09T02:00:00;26.5909;32.4062;41.8447
2020-10-09T03:00:00;34.3554;31.9511;48.0957
2020-10-09T04:00:00;24.1488;36.6292;38.0105
2020-10-09T05:00:00;22.68;20.5565;35.7597
2020-10-09T06:00:00;18.1612;28.8275;40.5123
2020-10-09T07:00:00;36.0649;40.0124;51.9008
2020-10-09T08:00:00;33.1649;46.138;55.3293
2020-10-09T09:00:00;42.3351;48.8155;61.7945
2020-10-09T10:00:00;41.6081;53.229;80.2579
2020-10-09T11:00:00;59.4973;68.6726;76.2161
2020-10-09T12:00:00;60.2082;64.2576;87.6194
2020-10-09T13:00:00;55.6668;61.0064;85.0514
2020-10-09T14:00:00;50.054;74.0637;92.8719
2020-10-09T15:00:00;62.1133;70.3372;77.4055
2020-10-09T16:00:00;49.8832;64.0616;73.3143
2020-10-09T17:00:00;42.2546;55.153;75.9434
2020-10-09T18:00:00;33.9985;52.9442;58.562
2020-10-09T19:00:00;33.7857;52.3474;56.1065
2020-10-09T20:00:00;23.38;30.243;53.7218
2020-10-09T21:00:00;20.8859;22.1801;27.0758
2020-10-09T22:00:00;27.722;26.8612;38.0107
2020-10-09T23:00:00;22.123;29.8668;42.0587
2020-10-10T00:00:00;25.7785;27.5185;35.8705
2020-10-10T01:00:00;20.3833;33.2141;31.3645
2020-10-10T02:00:00;24.3258;35.4442;34.687
2020-10-10T03:00:00;33.6045;31.3938;31.8074
2020-10-10T04:00:00;22.2576;32.8022;36.3458
2020-10-10T05:00:00;25.9221;31.3605;34.6165
2020-10-10T06:00:00;16.1724;30.0475;33.4337
2020-10-10T07:00:00;38.2537;31.8487;48.3105
2020-10-10T08:00:00;34.6295;41.1295;63.4189
2020-10-10T09:00:00;48.0618;46.7568;65.8528
2020-10-10T10:00:00;47.1647;58.9833;78.3893
2020-10-10T11:00:00;54.7707;65.8024;85.4633
2020-10-10T12:00:00;57.7889;60.7959;78.7175
2020-10-10T13:00:00;53.5625;70.1439;85.1113
2020-10-10T14:00:00;61.2842;65.4048;81.6123
2020-10-10T15:00:00;50.6389;62.6963;74.2399
2020-10-10T16:00:00;55.6025;61.5143;79.348
2020-10-10T17:00:00;45.8296;54.1234;66.4102
2020-10-10T18:00:00;44.5569;56.5447;66.6352
2020-10-10T19:00:00;34.7056;45.4294;47.744
2020-10-10T20:00:00;30.9031;42.3925;46.8347
2020-10-10T21:00:00;18.6265;27.7825;28.1463
2020-10-10T22:00:00;25.2378;27.9716;39.3693
2020-10-10T23:00:00;24.2209;39.3669;34.0331
2020-10-11T00:00:00;21.2992;21.8847;33.551
2020-10-11T01:00:00;23.7249;36.4224;41.6325
2020-10-11T02:00:00;24.67;38.2726;34.3921
2020-10-11T03:00:00;20.9182;33.8291;36.5543
2020-10-11T04:00:00;23.3562;28.3476;35.0069
2020-10-11T05:00:00;18.9722;37.1345;38.537
2020-10-11T06:00:00;35.7287;28.3912;41.2147
2020-10-11T07:00:00;35.9488;34.7875;50.1579
2020-10-11T08:00:00;38.381;44.3281;53.19
2020-10-11T09:00:00;48.6697;50.6604;70.2589
2020-10-11T10:00:00;37.8844;54.9927;67.0892
2020-10-11T11:00:00;38.9244;70.1911;73.8568
2020-10-11T12:00:00;52.4374;64.175;81.0117
2020-10-11T13:00:00;48.9319;69.6326;88.9711
2020-10-11T14:00:00;54.6417;62.562;77.8863
2020-10-11T15:00:00;55.4621;68.1963;86.1081
2020-10-11T16:00:00;56.3149;58.8614;77.2955
2020-10-11T17:00:00;42.0893;53.8234;69.5023
2020-10-11T18:00:00;44.8073;52.965;69.7027
2020-10-11T19:00:00;37.0875;51.5543;51.51
2020-10-11T20:00:00;32.3907;40.5185;57.4081
2020-10-11T21:00:00;21.4011;32.5456;35.1168
2020-10-11T22:00:00;30.9157;29.3504;36.7492
2020-10-11T23:00:00;23.4825;28.3218;43.7145
2020-10-12T00:00:00;32.8709;33.9557;36.8796
2020-10-12T01:00:00;20.0481;27.1841;41.9443
2020-10-12T02:00:00;27.7141;34.1722;26.2342
2020-10-12T03:00:00;23.7017;36.1797;33.787
2020-10-12T04:00:00;22.3613;25.7931;37.9837
2020-10-12T05:00:00;27.1616;26.5278;41.4071
2020-10-12T06:00:00;22.5041;27.2715;39.8485
2020-10-12T07:00:00;17.3433;30.9817;49.3599
2020-10-12T08:00:00;21.7012;43.9225;60.8286
2020-10-12T09:00:00;49.1712;60.0187;66.5888
2020-10-12T10:00:00;53.9319;54.4979;60.955
2020-10-12T11:00:00;61.1495;71.267;84.7802
2020-10-12T12:00:00;54.3462;65.875;77.4624
2020-10-12T13:00:00;49.3615;80.3511;85.3052
2020-10-12T14:00:00;53.7268;66.3718;84.6421
2020-10-12T15:00:00;54.4909;67.3224;81.8874
2020-10-12T16:00:00;46.6776;60.0901;72.039
2020-10-12T17:00:00;56.0235;56.2873;61.9775
2020-10-12T18:00:00;54.0066;60.2023;59.2018
2020-10-12T19:00:00;39.407;48.6421;59.6546
2020-10-12T20:00:00;30.5989;43.4606;38.7467
2020-10-12T21:00:00;17.5252;23.4221;31.5986
2020-10-12T22:00:00;31.7322;33.2741;38.0902
2020-10-12T23:00:00;24.3815;25.1428;30.8629
2020-10-13T00:00:00;22.5542;23.3134;33.2848
2020-10-13T01:00:00;26.4059;31.1938;36.4091
2020-10-13T02:00:00;21.0714;31.1427;37.4132
2020-10-13T03:00:00;24.7344;30.2667;30.7639
2020-10-13T04:00:00;16.7877;33.5878;36.7047
2020-10-13T05:00:00;29.4354;34.3678;37.9943
2020-10-13T06:00:00;23.4779;37.3486;29.634
2020-10-13T07:00:00;36.4472;32.3648;47.054
2020-10-13T08:00:00;36.0099;53.7795;51.9404
2020-10-13T09:00:00;42.1281;62.923;64.8333
2020-10-13T10:00:00;41.719;57.8946;75.2863
2020-10-13T11:00:00;55.5116;56.2986;76.6879
2020-10-13T12:00:00;50.0546;61.1248;86.2178
2020-10-13T13:00:00;53.3926;67.4716;87.6911
2020-10-13T14:00:00;55.8299;79.8516;88.2762
2020-10-13T15:00:00;55.0399;68.1277;83.6663
2020-10-13T16:00:00;43.1823;61.5551;83.0731
2020-10-13T17:00:00;46.6266;56.2988;73.5964
2020-10-13T18:00:00;46.7853;46.8978;55.8774
2020-10-13T19:00:00;35.1239;50.6423;51.563
2020-10-13T20:00:00;29.5295;37.8561;44.9235
2020-10-13T21:00:00;24.812;40.4991;35.5639
2020-10-13T22:00:00;23.3702;33.141;37.7887
2020-10-13T23:00:00;18.8474;34.1497;31.9652
2020-10-14T00:00:00;23.8183;28.7895;46.0435
2020-10-14T01:00:00;28.9704;24.5448;35.4877
2020-10-14T02:00:00;18.7441;25.6321;35.9616
2020-10-14T03:00:00;22.1276;23.1538;32.6463
2020-10-14T04:00:00;17.0918;34.552;30.9831
2020-10-14T05:00:00;28.7069;28.0754;35.3685
2020-10-14T06:00:00;23.5382;34.7625;36.1378
2020-10-14T07:00:00;26.4022;38.996;45.5452
2020-10-14T08:00:00;37.4769;44.8054;63.7991
2020-10-14T09:00:00;36.7911;47.6634;63.5821
2020-10-14T10:00:00;42.6132;61.234;71.2413
2020-10-14T11:00:00;44.4121;63.5479;81.6457
2020-10-14T12:00:00;49.0999;72.5532;80.7954
2020-10-14T13:00:00;62.6114;66.2038;86.4337
2020-10-14T14:00:00;52.1591;72.8614;77.3418
2020-10-14T15:00:00;56.7649;76.2465;75.295
2020-10-14T16:00:00;47.5313;66.0038;78.1795
2020-10-14T17:00:00;51.5783;63.6523;70.5129
2020-10-14T18:00:00;37.6787;56.3709;60.1686
2020-10-14T19:00:00;37.2117;55.7599;56.1326
2020-10-14T20:00:00;30.9174;40.1743;47.0253
2020-10-14T21:00:00;35.639;33.4998;32.4505
2020-10-14T22:00:00;27.1521;29.8186;33.406
2020-10-14T23:00:00;21.0355;26.1281;37.0831
2020-10-15T00:00:00;27.4252;23.9591;30.8946
2020-10-15T01:00:00;34.6909;36.3346;32.9798
2020-10-15T02:00:00;15.8518;24.9582;38.6697
2020-10-15T03:00:00;19.7876;33.7293;35.8808
2020-10-15T04:00:00;22.8155;32.0801;33.614
2020-10-15T05:00:00;21.9146;34.5889;31.4847
2020-10-15T06:00:00;22.3362;27.4264;30.9339
2020-10-15T07:00:00;24.132;34.3628;45.321
2020-10-15T08:00:00;44.0354;48.1613;65.6524
2020-10-15T09:00:00;35.6961;52.0497;67.0426
2020-10-15T10:00:00;46.7796;53.5707;65.0066
2020-10-15T11:00:00;56.942;74.3336;81.1053
2020-10-15T12:00:00;54.2829;64.0852;77.8563
2020-10-15T13:00:00;50.9277;64.8127;83.7128
2020-10-15T14:00:00;49.0813;68.5702;80.7927
2020-10-15T15:00:00;53.2838;74.3066;91.7645
2020-10-15T16:00:00;47.9277;53.8073;71.8987
2020-10-15T17:00:00;48.8068;65.5752;73.239
2020-10-15T18:00:00;35.8019;48.954;60.7871
2020-10-15T19:00:00;41.0808;47.5921;59.2175
2020-10-15T20:00:00;31.2309;34.9364;47.447
2020-10-15T21:00:00;24.9492;39.9596;42.2728
2020-10-15T22:00:00;31.2054;30.6231;39.5906
2020-10-15T23:00:00;21.811;26.4595;32.5323
2020-10-16T00:00:00;20.3709;28.4945;50.581
2020-10-16T01:00:00;21.2612;30.4482;38.7771
2020-10-16T02:00:00;23.0374;30.8884;33.2467
2020-10-16T03:00:00;23.5452;32.1938;37.0277
2020-10-16T04:00:00;19.8465;29.993;39.1542
2020-10-16T05:00:00;13.8846;23.1142;38.964
2020-10-16T06:00:00;21.1954;28.2987;38.4801
2020-10-16T07:00:00;32.4523;41.3498;50.8122
2020-10-16T08:00:00;37.6969;42.9201;59.8642
2020-10-16T09:00:00;48.8069;56.8753;59.9759
2020-10-16T10:00:00;57.5581;59.8844;82.2112
2020-10-16T11:00:00;55.5095;63.5523;87.4137
2020-10-16T12:00:00;61.3464;74.013;85.6555
2020-10-16T13:00:00;59.6586;61.0902;83.9305
2020-10-16T14:00:00;64.3742;66.4043;84.0165
2020-10-16T15:00:00;63.6881;74.2044;80.0319
2020-10-16T16:00:00;56.4686;73.7913;76.5973
2020-10-16T17:00:00;51.3125;71.1558;60.737
2020-10-16T18:00:00;41.783;53.7632;71.865
2020-10-16T19:00:00;36.8089;48.559;61.4106
2020-10-16T20:00:00;28.964;42.4036;37.5963
2020-10-16T21:00:00;27.1063;36.3754;40.4499
2020-10-16T22:00:00;20.3983;31.5655;35.9614
2020-10-16T23:00:00;23.0445;34.6307;35.0048
2020-10-17T00:00:00;12.2242;32.2989;38.4642
2020-10-17T01:00:00;32.6154;32.6111;27.2861
2020-10-17T02:00:00;22.8976;25.4082;35.9438
2020-10-17T03:00:00;26.2779;28.3539;36.3974
2020-10-17T04:00:00;31.2889;27.3862;36.4022
2020-10-17T05:00:00;25.5015;24.0555;29.1626
2020-10-17T06:00:00;31.2217;21.742;38.2346
2020-10-17T07:00:00;24.4445;36.1983;51.2788
2020-10-17T08:00:00;49.0025;44.9501;57.56
2020-10-17T09:00:00;48.2447;54.0366;63.0678
2020-10-17T10:00:00;48.8266;62.5045;85.1162
2020-10-17T11:00:00;58.8382;65.5816;72.9463
2020-10-17T12:00:00;48.5906;66.7577;85.518
2020-10-17T13:00:00;54.3816;65.2052;84.9534
2020-10-17T14:00:00;63.046;74.1662;93.7986
2020-10-17T15:00:00;45.0985;67.5331;83.5845
2020-10-17T16:00:00;54.5151;62.4721;80.575
2020-10-17T17:00:00;50.4415;58.7935;74.1995
2020-10-17T18:00:00;52.6553;49.8477;58.9221
2020-10-17T19:00:00;29.1008;43.6161;51.179
2020-10-17T20:00:00;38.7013;35.5042;44.6014
2020-10-17T21:00:00;21.2026;28.5633;40.7869
2020-10-17T22:00:00;21.765;33.2788;37.1655
2020-10-17T23:00:00;17.89;32.0356;34.9663
2020-10-18T00:00:00;18.5607;37.7337;42.861
2020-10-18T01:00:00;26.0176;36.0586;26.0879
2020-10-18T02:00:00;18.4383;39.7821;29.5209
2020-10-18T03:00:00;27.7014;32.7958;23.517
2020-10-18T04:00:00;20.6852;32.7155;42.0416
2020-10-18T05:00:00;17.9348;27.5629;35.5164
2020-10-18T06:00:00;21.361;34.1301;40.8315
2020-10-18T07:00:00;32.3367;35.0359;45.4335
2020-10-18T08:00:00;35.6288;38.9172;60.6393
2020-10-18T09:00:00;42.9802;61.143;63.5799
2020-10-18T10:00:00;51.2617;53.4799;73.7205
2020-10-18T11:00:00;57.1249;66.8353;78.8868
2020-10-18T12:00:00;52.8833;63.6406;83.3392
2020-10-18T13:00:00;50.6036;75.4142;92.1607
2020-10-18T14:00:00;56.2052;76.0956;75.6149
2020-10-18T15:00:00;56.7871;70.6881;81.3088
2020-10-18T16:00:00;44.4092;70.8728;78.5592
2020-10-18T17:00:00;43.3276;59.7625;71.9124
2020-10-18T18:00:00;39.2132;64.6823;62.2243
2020-10-18T19:00:00;35.9765;50.0003;52.8498
2020-10-18T20:00:00;26.848;33.8137;53.6298
2020-10-18T21:00:00;27.5352;30.348;35.6464
2020-10-18T22:00:00;15.9743;29.2375;48.1897
2020-10-18T23:00:00;16.1014;28.7479;38.6414
2020-10-19T00:00:00;22.3306;21.7143;34.5517
2020-10-19T01:00:00;23.1217;31.9343;38.7634
2020-10-19T02:00:00;16.7268;23.0712;36.5447
2020-10-19T03:00:00;20.9663;17.373;42.71
2020-10-19T04:00:00;21.9948;28.2799;30.1614
2020-10-19T05:00:00;22.0335;26.2205;26.9941
2020-10-19T06:00:00;24.7594;25.6923;37.8049
2020-10-19T07:00:00;27.3453;22.801;50.1582
2020-10-19T08:00:00;44.4048;42.0153;56.9529
2020-10-19T09:00:00;45.2502;52.6432;67.5761
2020-10-19T10:00:00;43.7451;56.555;74.2981
2020-10-19T11:00:00;52.1854;66.5777;70.1672
2020-10-19T12:00:00;55.0539;75.0056;83.0569
2020-10-19T13:00:00;61.8983;72.3627;90.321
2020-10-19T14:00:00;52.8228;74.9128;84.5959
2020-10-19T15:00:00;58.2705;73.5879;75.1009
2020-10-19T16:00:00;51.9221;59.5467;75.8999
2020-10-19T17:00:00;55.2385;61.9214;74.4547
2020-10-19T18:00:00;49.2636;58.4872;73.1918
2020-10-19T19:00:00;38.0005;44.0897;45.7416
2020-10-19T20:00:00;29.3418;34.3633;47.7859
2020-10-19T21:00:00;26.533;32.652;31.339
2020-10-19T22:00:00;23.0977;22.5919;38.5386
2020-10-19T23:00:00;32.4015;24.56;38.9392
2020-10-20T00:00:00;24.3924;26.6662;34.8343
2020-10-20T01:00:00;21.9718;32.2526;39.158
2020-10-20T02:00:00;21.7019;31.0946;41.6995
2020-10-20T03:00:00;17.9348;35.1619;35.1771
2020-10-20T04:00:00;26.7828;25.3906;29.3142
2020-10-20T05:00:00;19.8999;25.1226;43.1279
2020-10-20T06:00:00;29.4907;32.6196;40.1435
2020-10-20T07:00:00;24.1885;34.3231;48.7985
2020-10-20T08:00:00;37.6518;43.2519;52.0685
2020-10-20T09:00:00;48.5602;44.2276;69.1409
2020-10-20T10:00:00;37.0194;61.18;81.8831
2020-10-20T11:00:00;61.8041;72.3475;76.9627
2020-10-20T12:00:00;52.3074;62.8958;82.1232
2020-10-20T13:00:00;56.5302;74.8894;78.4111
2020-10-20T14:00:00;58.6819;69.4839;80.1393
2020-10-20T15:00:00;58.0645;59.2152;76.2779
2020-10-20T16:00:00;53.0822;60.1674;78.2233
2020-10-20T17:00:00;52.7676;54.9435;69.9671
2020-10-20T18:00:00;45.4045;51.9288;66.0777
2020-10-20T19:00:00;45.82;48.367;51.0639
2020-10-20T20:00:00;33.2648;47.5611;45.142
2020-10-20T21:00:00;33.8232;22.8443;31.2323
2020-10-20T22:00:00;28.5054;27.5761;36.9379
2020-10-20T23:00:00;14.9712;25.5201;27.8384
2020-10-21T00:00:00;37.0555;23.6601;36.7579
2020-10-21T01:00:00;21.1283;30.4772;34.6063
2020-10-21T02:00:00;31.4777;30.0074;36.9048
2020-10-21T03:00:00;24.134;20.931;27.7387
2020-10-21T04:00:00;29.3055;30.0908;39.2736
2020-10-21T05:00:00;20.5576;23.973;34.5063
2020-10-21T06:00:00;27.1287;30.0591;37.0856
2020-10-21T07:00:00;29.3872;44.664;36.6294
2020-10-21T08:00:00;44.9106;48.5848;49.3097
2020-10-21T09:00:00;45.0025;54.399;62.2629
2020-10-21T10:00:00;52.4603;57.082;78.5485
2020-10-21T11:00:00;40.8924;64.9754;80.2056
2020-10-21T12:00:00;54.0059;70.8585;82.3001
2020-10-21T13:00:00;57.8775;72.1017;79.1155
2020-10-21T14:00:00;56.9428;69.2848;78.2057
2020-10-21T15:00:00;59.2396;69.1291;83.034
2020-10-21T16:00:00;49.8833;58.0582;81.0727
2020-10-21T17:00:00;48.0246;56.0541;72.7158
2020-10-21T18:00:00;48.7153;57.0492;72.7615
2020-10-21T19:00:00;25.6221;50.4796;52.1111
2020-10-21T20:00:00;33.5999;38.7845;46.8766
2020-10-21T21:00:00;22.3306;37.3948;27.5341
2020-10-21T22:00:00;19.4384;32.5401;37.0552
2020-10-21T23:00:00;25.6827;28.8344;43.3469
2020-10-22T00:00:00;30.1373;23.9012;30.7925
2020-10-22T01:00:00;29.1957;37.1937;40.2107
2020-10-22T02:00:00;23.3244;33.8516;43.2052
2020-10-22T03:00:00;28.3787;38.9916;32.5514
2020-10-22T04:00:00;28.3403;40.8342;38.3347
2020-10-22T05:00:00;23.5631;23.5653;43.8982
2020-10-22T06:00:00;20.5346;23.5783;37.1524
2020-10-22T07:00:00;27.477;24.0005;49.9133
2020-10-22T08:00:00;41.2048;50.8613;46.6536
2020-10-22T09:00:00;42.5984;56.7938;67.1994
2020-10-22T10:00:00;42.5497;60.2147;74.2571
2020-10-22T11:00:00;43.2885;58.5103;70.9382
2020-10-22T12:00:00;58.593;67.5971;76.8291
2020-10-22T13:00:00;53.0908;70.7044;86.7571
2020-10-22T14:00:00;57.4766;73.6945;82.2235
2020-10-22T15:00:00;60.6323;69.4072;87.2104
2020-10-22T16:00:00;45.1682;67.96;79.1229
2020-10-22T17:00:00;47.5549;59.1051;71.9532
2020-10-22T18:00:00;41.9557;59.4188;63.3614
2020-10-22T19:00:00;38.9143;49.4281;56.9868
2020-10-22T20:00:00;36.849;32.3818;49.9944
2020-10-22T21:00:00;17.3527;36.9461;38.6693
2020-10-22T22:00:00;26.849;36.1279;33.885
2020-10-22T23:00:00;29.1576;32.3274;42.1972
2020-10-23T00:00:00;23.0681;31.4036;39.2885
2020-10-23T01:00:00;23.3128;38.2931;37.9262
2020-10-23T02:00:00;26.0922;21.8334;36.4585
2020-10-23T03:00:00;25.7241;36.2061;38.5002
2020-10-23T04:00:00;26.9118;27.619;26.8416
2020-10-23T05:00:00;26.8064;35.4759;37.2065
2020-10-23T06:00:00;19.0901;30.6019;44.2009
2020-10-23T07:00:00;35.6045;32.1018;47.0797
2020-10-23T08:00:00;42.8495;43.7869;55.9407
2020-10-23T09:00:00;43.7395;58.6201;61.2343
2020-10-23T10:00:00;40.3099;58.6748;74.1346
2020-10-23T11:00:00;51.1391;61.5336;76.5938
2020-10-23T12:00:00;55.4058;64.9014;88.1972
2020-10-23T13:00:00;50.1017;72.9921;79.419
2020-10-23T14:00:00;54.024;78.5341;81.4755
2020-10-23T15:00:00;47.387;57.3378;78.6463
2020-10-23T16:00:00;54.7493;78.6444;86.7421
2020-10-23T17:00:00;48.6104;60.7445;70.7221
2020-10-23T18:00:00;34.5802;56.4125;61.4733
2020-10-23T19:00:00;38.7729;44.0882;45.0704
2020-10-23T20:00:00;30.3706;38.2989;41.4229
2020-10-23T21:00:00;26.5821;30.9626;38.6394
2020-10-23T22:00:00;22.0423;24.7545;38.6194
2020-10-23T23:00:00;19.9926;25.9716;32.744
2020-10-24T00:00:00;20.1458;35.9228;33.0217
2020-10-24T01:00:00;21.3091;22.2383;45.2994
2020-10-24T02:00:00;24.0941;32.2052;49.4819
2020-10-24T03:00:00;24.7398;28.1474;41.7489
2020-10-24T04:00:00;23.0464;25.1965;43.7964
2020-10-24T05:00:00;21.8834;39.8597;44.8571
2020-10-24T06:00:00;22.243;25.2275;47.0729
2020-10-24T07:00:00;43.1918;32.666;44.4701
2020-10-24T08:00:00;33.1619;45.3346;51.132
2020-10-24T09:00:00;40.0193;49.6686;73.3811
2020-10-24T10:00:00;64.2499;59.7577;66.8495
2020-10-24T11:00:00;53.8179;65.418;72.4262
2020-10-24T12:00:00;47.5339;69.2156;76.6225
2020-10-24T13:00:00;60.0381;69.1614;83.0801
2020-10-24T14:00:00;51.2745;66.2701;73.8152
2020-10-24T15:00:00;58.9791;71.2593;74.4852
2020-10-24T16:00:00;50.658;64.0826;74.4575
2020-10-24T17:00:00;45.5817;57.2477;65.6913
2020-10-24T18:00:00;50.855;60.9114;69.5258
2020-10-24T19:00:00;39.8476;45.6629;55.5566
2020-10-24T20:00:00;35.5181;43.7764;48.8649
2020-10-24T21:00:00;26.1746;36.1342;38.3377
2020-10-24T22:00:00;21.7778;36.4384;34.9661
2020-10-24T23:00:00;27.0568;33.4558;40.9407
2020-10-25T00:00:00;30.0461;29.9968;38.2607
2020-10-25T01:00:00;24.6737;29.6798;34.408
2020-10-25T02:00:00;33.0082;28.7794;27.5805
2020-10-25T03:00:00;28.2524;19.1655;38.6033
2020-10-25T04:00:00;25.0599;33.594;29.6935
2020-10-25T05:00:00;25.2574;31.2223;37.9014
2020-10-25T06:00:00;24.6862;34.1276;36.3944
2020-10-25T07:00:00;24.397;37.7315;39.1779
2020-10-25T08:00:00;36.5652;49.5936;56.8153
2020-10-25T09:00:00;43.9151;46.6239;65.1703
2020-10-25T10:00:00;45.7002;53.8795;72.6457
2020-10-25T11:00:00;53.4012;52.26;78.3042
2020-10-25T12:00:00;54.5403;67.3705;78.3888
2020-10-25T13:00:00;59.6932;65.9182;86.6951
2020-10-25T14:00:00;59.1403;65.264;80.2988
2020-10-25T15:00:00;55.2696;69.7155;76.2778
2020-10-25T16:00:00;44.8767;62.5135;80.9424
2020-10-25T17:00:00;56.7342;52.5603;76.3531
2020-10-25T18:00:00;42.0997;66.2352;67.2447
2020-10-25T19:00:00;36.6111;46.0844;54.4874
2020-10-25T20:00:00;28.9406;32.9007;36.2824
2020-10-25T21:00:00;21.5579;26.6508;43.4085
2020-10-25T22:00:00;31.7203;29.1343;26.2245
2020-10-25T23:00:00;30.9302;29.1238;38.9303
2020-10-26T00:00:00;26.222;36.5108;46.5512
2020-10-26T01:00:00;23.4625;29.6029;36.7473
2020-10-26T02:00:00;27.0956;39.276;37.4562
2020-10-26T03:00:00;24.369;27.8379;37.8966
2020-10-26T04:00:00;23.0489;32.1322;36.9908
2020-10-26T05:00:00;25.6905;35.1099;47.7531
2020-10-26T06:00:00;21.7942;35.9758;31.7842
2020-10-26T07:00:00;31.9145;44.8758;41.1361
2020-10-26T08:00:00;38.0367;44.9094;53.8859
2020-10-26T09:00:00;45.8238;53.484;72.9179
2020-10-26T10:00:00;44.6849;47.3287;68.7866
2020-10-26T11:00:00;55.2635;63.661;79.7207
2020-10-26T12:00:00;49.9023;73.4985;87.0058
2020-10-26T13:00:00;52.9619;74.2651;87.632
2020-10-26T14:00:00;53.1801;69.3484;88.8274
2020-10-26T15:00:00;49.0735;76.538;88.7406
2020-10-26T16:00:00;56.7911;62.721;79.1104
2020-10-26T17:00:00;42.9354;56.1451;69.3857
2020-10-26T18:00:00;39.3145;51.1706;64.9498
2020-10-26T19:00:00;43.2926;40.6571;53.8281
2020-10-26T20:00:00;27.8003;41.4284;58.5875
2020-10-26T21:00:00;23.0593;31.4424;33.3367
2020-10-26T22:00:00;18.9399;33.0499;38.4157
2020-10-26T23:00:00;28.1648;27.9281;28.4957
2020-10-27T00:00:00;28.2337;29.7096;36.6641
2020-10-27T01:00:00;27.6947;19.1079;34.5645
2020-10-27T02:00:00;26.6876;31.8811;39.3784
2020-10-27T03:00:00;24.3679;30.4942;39.5088
2020-10-27T04:00:00;21.3781;24.4974;43.085
2020-10-27T05:00:00;19.9252;29.4767;42.6878
2020-10-27T06:00:00;30.4495;28.7108;35.6685
2020-10-27T07:00:00;34.4772;47.138;41.2578
2020-10-27T08:00:00;33.5491;40.9638;51.3878
2020-10-27T09:00:00;43.0083;55.1685;65.7274
2020-10-27T10:00:00;46.2801;54.272;72.4599
2020-10-27T11:00:00;46.0718;61.8516;78.8589
2020-10-27T12:00:00;55.3221;69.4264;78.9752
2020-10-27T13:00:00;53.7472;68.7241;90.9232
2020-10-27T14:00:00;51.062;69.7509;76.3736
2020-10-27T15:00:00;47.0381;69.7059;78.6984
2020-10-27T16:00:00;43.8938;62.1726;72.1837
2020-10-27T17:00:00;45.9235;64.1465;70.6261
2020-10-27T18:00:00;42.3837;51.984;70.4465
2020-10-27T19:00:00;32.6391;45.7817;54.0846
2020-10-27T20:00:00;33.9069;40.123;46.4871
2020-10-27T21:00:00;23.6723;31.135;39.3212
2020-10-27T22:00:00;26.8844;33.2211;34.3234
2020-10-27T23:00:00;23.0854;31.5848;37.9131
2020-10-28T00:00:00;20.0644;32.3452;37.2538
2020-10-28T01:00:00;24.5706;28.3731;30.346
2020-10-28T02:00:00;17.6866;24.6561;33.6784
2020-10-28T03:00:00;26.6972;22.8618;37.7729
2020-10-28T04:00:00;19.3143;21.6464;42.411
2020-10-28T05:00:00;28.5912;38.8136;42.4063
2020-10-28T06:00:00;22.3077;18.9361;46.4774
2020-10-28T07:00:00;35.9658;44.2851;48.407
2020-10-28T08:00:00;31.4025;42.1651;53.4568
2020-10-28T09:00:00;39.4203;59.4436;63.8939
2020-10-28T10:00:00;49.6853;48.7131;71.1021
2020-10-28T11:00:00;57.5653;63.4655;75.5298
2020-10-28T12:00:00;62.7669;75.3124;83.5655
2020-10-28T13:00:00;56.0315;73.3469;85.8845
2020-10-28T14:00:00;65.0134;68.0945;77.8683
2020-10-28T15:00:00;52.9855;58.3274;87.0916
2020-10-28T16:00:00;57.2067;58.0286;68.3852
2020-10-28T17:00:00;43.0697;66.6715;70.5585
2020-10-28T18:00:00;44.9101;51.7702;69.9603
2020-10-28T19:00:00;25.3071;45.9103;58.5603
2020-10-28T20:00:00;25.0452;39.7341;44.1949
2020-10-28T21:00:00;26.3334;23.4858;45.8441
2020-10-28T22:00:00;17.4378;32.0365;33.7996
2020-10-28T23:00:00;26.1347;27.9019;25.9902
2020-10-29T00:00:00;28.5323;31.4685;38.2637
2020-10-29T01:00:00;21.4934;27.1097;27.1074
2020-10-29T02:00:00;19.1552;22.1344;31.8428
2020-10-29T03:00:00;21.6291;27.8631;39.1138
2020-10-29T04:00:00;19.1709;33.2039;33.6957
2020-10-29T05:00:00;23.4939;31.9703;38.903
2020-10-29T06:00:00;24.5105;30.1547;30.2095
2020-10-29T07:00:00;29.1231;42.8071;50.2722
2020-10-29T08:00:00;45.3874;45.2515;47.0686
2020-10-29T09:00:00;39.2121;53.7928;70.8069
2020-10-29T10:00:00;54.7378;57.327;69.2942
2020-10-29T11:00:00;46.5066;69.4241;85.225
2020-10-29T12:00:00;54.7977;69.4999;77.4482
2020-10-29T13:00:00;61.7402;66.9961;93.3609
2020-10-29T14:00:00;61.4815;62.3357;78.9487
2020-10-29T15:00:00;52.3325;73.5671;72.681
2020-10-29T16:00:00;54.4882;60.9207;77.7847
2020-10-29T17:00:00;49.8865;60.0861;77.8409
2020-10-29T18:00:00;40.1094;65.2744;68.1676
2020-10-29T19:00:00;40.0953;50.277;61.3382
2020-10-29T20:00:00;39.9656;46.3722;50.0324
2020-10-29T21:00:00;26.3585;27.3094;31.8987
2020-10-29T22:00:00;26.8318;35.3549;39.8321
2020-10-29T23:00:00;27.3608;30.1333;36.4642
2020-10-30T00:00:00;16.6951;31.8301;32.4513
2020-10-30T01:00:00;26.3011;40.1042;36.8968
2020-10-30T02:00:00;18.9162;28.6068;35.7184
2020-10-30T03:00:00;21.0506;30.0963;43.08
2020-10-30T04:00:00;34.8097;25.4839;33.4256
2020-10-30T05:00:00;22.7337;34.4423;33.1919
2020-10-30T06:00:00;20.2991;27.1969;32.5068
2020-10-30T07:00:00;36.4161;43.43;55.464
2020-10-30T08:00:00;32.2772;38.0199;52.3099
2020-10-30T09:00:00;40.572;56.2546;70.6979
2020-10-30T10:00:00;54.0259;56.5073;66.514
2020-10-30T11:00:00;51.9267;68.2936;80.1023
2020-10-30T12:00:00;46.6258;67.9745;82.9633
2020-10-30T13:00:00;58.5446;67.1042;89.9039
2020-10-30T14:00:00;53.8424;67.8481;89.1789
2020-10-30T15:00:00;62.1331;63.7903;82.0602
2020-10-30T16:00:00;48.6819;68.83;74.8838
2020-10-30T17:00:00;53.0368;54.4826;79.7958
2020-10-30T18:00:00;51.6876;52.176;61.029
2020-10-30T19:00:00;32.7609;47.9957;44.1847
2020-10-30T20:00:00;29.6871;46.3839;36.6869
2020-10-30T21:00:00;25.9431;29.9535;27.9247
2020-10-30T22:00:00;19.7133;28.7874;38.9785
2020-10-30T23:00:00;25.3515;31.3682;47.0723
2020-10-31T00:00:00;22.8754;19.6327;25.8002
2020-10-31T01:00:00;22.7747;24.0068;32.0872
2020-10-31T02:00:00;24.2447;28.1232;36.4451
2020-10-31T03:00:00;24.3563;26.4352;43.7275
2020-10-31T04:00:00;24.8194;21.9958;32.0603
2020-10-31T05:00:00;21.0059;34.2889;38.954
2020-10-31T06:00:00;21.2241;31.2988;34.7496
2020-10-31T07:00:00;30.0602;39.0178;59.0156
2020-10-31T08:00:00;36.7918;42.7995;56.2461
2020-10-31T09:00:00;40.6149;53.9084;65.9921
2020-10-31T10:00:00;49.4003;62.298;72.0922
2020-10-31T11:00:00;42.639;63.3165;75.4958
2020-10-31T12:00:00;50.7815;70.2651;86.4001
2020-10-31T13:00:00;54.4251;65.8006;77.9419
2020-10-31T14:00:00;51.5441;70.2683;73.7272
2020-10-31T15:00:00;62.5798;73.7548;80.8997
2020-10-31T16:00:00;51.8071;70.8011;81.647
2020-10-31T17:00:00;48.6645;66.3637;68.7671
2020-10-31T18:00:00;40.393;54.9393;65.1461
2020-10-31T19:00:00;36.9367;46.4275;49.4199
2020-10-31T20:00:00;24.5769;36.0725;51.2931
2020-10-31T21:00:00;23.1509;20.9626;39.2595
2020-10-31T22:00:00;19.315;23.2755;36.0986
2020-10-31T23:00:00;22.613;29.1597;36.8436
2020-11-01T00:00:00;11.2004;29.4586;29.0321
2020-11-01T01:00:00;18.36;37.0611;29.2555
2020-11-01T02:00:00;31.3196;36.574;35.39
2020-11-01T03:00:00;28.152;26.5676;38.5687
2020-11-01T04:00:00;30.5952;34.0916;38.8219
2020-11-01T05:00:00;30.9386;27.6147;34.1853
2020-11-01T06:00:00;27.3649;33.4131;39.7269
2020-11-01T07:00:00;28.3888;42.3466;53.0837
2020-11-01T08:00:00;31.8293;52.4799;55.08
2020-11-01T09:00:00;48.5429;51.0482;65.762
2020-11-01T10:00:00;48.1035;64.7973;70.6317
2020-11-01T11:00:00;64.1829;55.2769;76.9377
2020-11-01T12:00:00;52.6083;74.5233;82.4985
2020-11-01T13:00:00;65.6892;69.6558;92.2534
2020-11-01T14:00:00;55.0407;69.7622;88.3134
2020-11-01T15:00:00;61.1141;57.8551;85.7766
2020-11-01T16:00:00;60.1963;62.6977;75.3005
2020-11-01T17:00:00;42.6659;66.5032;67.1801
2020-11-01T18:00:00;40.3841;51.3779;66.1614
2020-11-01T19:00:00;31.8507;49.8368;61.7421
2020-11-01T20:00:00;24.5035;38.4892;54.5968
2020-11-01T21:00:00;27.3353;35.3133;23.7368
2020-11-01T22:00:00;23.0169;30.9575;48.2319
2020-11-01T23:00:00;24.2618;25.3409;38.0849
2020-11-02T00:00:00;26.7812;30.2823;40.5447
2020-11-02T01:00:00;14.7131;38.0061;27.3003
2020-11-02T02:00:00;30.4338;32.4882;34.8155
2020-11-02T03:00:00;22.2545;29.4178;40.1142
2020-11-02T04:00:00;26.662;41.2787;30.1263
2020-11-02T05:00:00;27.1036;35.7961;21.5584
2020-11-02T06:00:00;30.854;34.0837;37.6775
2020-11-02T07:00:00;30.1289;39.9032;45.7308
2020-11-02T08:00:00;26.3974;49.9208;62.73
2020-11-02T09:00:00;43.0948;57.3251;63.4141
2020-11-02T10:00:00;48.7842;48.8117;71.2374
2020-11-02T11:00:00;46.5415;66.6157;81.0576
2020-11-02T12:00:00;55.1713;67.2382;86.8183
2020-11-02T13:00:00;54.0196;67.282;80.1933
2020-11-02T14:00:00;49.1109;68.8037;88.4595
2020-11-02T15:00:00;57.7912;60.263;79.042
2020-11-02T16:00:00;48.8942;55.618;77.6518
2020-11-02T17:00:00;45.7487;65.9583;75.0248
2020-11-02T18:00:00;40.4962;55.8222;68.4394
2020-11-02T19:00:00;43.193;34.2044;57.1149
2020-11-02T20:00:00;30.4486;35.4345;40.577
2020-11-02T21:00:00;24.3955;34.4028;26.6487
2020-11-02T22:00:00;21.7968;28.5999;35.0602
2020-11-02T23:00:00;26.3143;36.225;40.8564
2020-11-03T00:00:00;30.7466;35.2488;38.2485
2020-11-03T01:00:00;27.2393;23.2164;37.2102
2020-11-03T02:00:00;27.4343;29.2834;35.9649
2020-11-03T03:00:00;27.0312;27.7596;37.5455
2020-11-03T04:00:00;17.0988;23.0538;31.0295
2020-11-03T05:00:00;19.6194;22.7286;39.901
2020-11-03T06:00:00;22.9751;25.9699;40.2315
2020-11-03T07:00:00;27.0239;35.1118;44.2034
2020-11-03T08:00:00;31.6929;47.6856;57.7084
2020-11-03T09:00:00;33.4482;58.7325;55.6309
2020-11-03T10:00:00;41.048;62.294;72.5712
2020-11-03T11:00:00;50.4302;68.3929;76.9036
2020-11-03T12:00:00;54.0867;66.7092;87.9469
2020-11-03T13:00:00;51.8594;72.7959;82.7438
2020-11-03T14:00:00;56.2193;69.039;88.0804
2020-11-03T15:00:00;52.2646;65.8349;79.6949
2020-11-03T16:00:00;57.1657;74.1265;66.1387
2020-11-03T17:00:00;46.9725;48.0734;70.5433
2020-11-03T18:00:00;46.2908;44.1449;65.1975
2020-11-03T19:00:00;38.0316;48.183;56.2775
2020-11-03T20:00:00;23.6428;36.9916;46.8095
2020-11-03T21:00:00;23.5467;22.8151;33.4677
2020-11-03T22:00:00;17.8219;24.7269;34.3814
2020-11-03T23:00:00;23.4594;25.378;30.3683
2020-11-04T00:00:00;20.2743;34.4617;26.017
2020-11-04T01:00:00;25.9098;36.0621;35.4677
2020-11-04T02:00:00;17.2882;38.1978;32.274
2020-11-04T03:00:00;24.0735;22.0549;41.3992
2020-11-04T04:00:00;26.8621;23.1644;25.0901
2020-11-04T05:00:00;28.538;22.8219;37.4551
2020-11-04T06:00:00;20.1792;36.4443;46.6074
2020-11-04T07:00:00;30.7419;40.4026;45.0655
2020-11-04T08:00:00;37.9363;46.6705;55.5096
2020-11-04T09:00:00;50.5448;54.6596;66.3454
2020-11-04T10:00:00;40.374;59.4419;74.1935
2020-11-04T11:00:00;47.1573;59.0353;75.5267
2020-11-04T12:00:00;68.4561;70.6081;76.6092
2020-11-04T13:00:00;54.4592;68.8502;87.0007
2020-11-04T14:00:00;46.3697;63.7793;74.1967
2020-11-04T15:00:00;51.5211;70.9137;85.8119
2020-11-04T16:00:00;37.8684;62.5121;75.6102
2020-11-04T17:00:00;48.9852;60.8632;71.6864
2020-11-04T18:00:00;46.8581;52.8865;61.5857
2020-11-04T19:00:00;32.4573;50.7264;62.6778
2020-11-04T20:00:00;28.2996;39.4173;47.2248
2020-11-04T21:00:00;28.6183;25.5815;34.3913
2020-11-04T22:00:00;15.2489;31.61;34.2505
2020-11-04T23:00:00;17.3921;31.7734;35.2592
2020-11-05T00:00:00;22.8594;32.5567;47.9847
2020-11-05T01:00:00;20.2383;35.1794;29.4146
2020-11-05T02:00:00;22.5307;26.9201;41.4144
2020-11-05T03:00:00;17.6812;33.3397;38.8405
2020-11-05T04:00:00;25.0716;21.3759;43.6991
2020-11-05T05:00:00;23.2538;29.4001;39.1453
2020-11-05T06:00:00;26.746;28.6267;36.0168
2020-11-05T07:00:00;31.6552;45.5557;51.0799
2020-11-05T08:00:00;38.049;45.4878;56.6722
2020-11-05T09:00:00;35.5776;56.5514;67.9885
2020-11-05T10:00:00;50.2436;50.9169;78.812
2020-11-05T11:00:00;50.0585;62.8822;78.0318
2020-11-05T12:00:00;53.6008;63.8105;79.5288
2020-11-05T13:00:00;61.066;82.1584;80.518
2020-11-05T14:00:00;52.2275;66.4469;85.9898
2020-11-05T15:00:00;61.1897;68.4087;77.2599
2020-11-05T16:00:00;58.9352;65.2739;75.8202
2020-11-05T17:00:00;51.5446;51.7784;66.8331
2020-11-05T18:00:00;37.906;50.8812;66.7554
2020-11-05T19:00:00;26.0841;48.2933;51.7626
2020-11-05T20:00:00;36.0473;38.7451;39.5461
2020-11-05T21:00:00;24.5569;18.4979;30.4461
2020-11-05T22:00:00;20.274;27.165;33.1446
2020-11-05T23:00:00;29.8678;35.1041;33.5985
2020-11-06T00:00:00;19.6922;32.9411;37.2573
2020-11-06T01:00:00;21.8792;36.0902;35.1919
2020-11-06T02:00:00;26.6245;25.0718;37.8516
2020-11-06T03:00:00;18.432;36.4046;38.2531
2020-11-06T04:00:00;23.4526;29.778;39.7025
2020-11-06T05:00:00;29.4457;37.9611;26.4609
2020-11-06T06:00:00;25.0556;30.0165;30.3639
2020-11-06T07:00:00;36.8903;28.0791;48.7542
2020-11-06T08:00:00;42.6836;50.5157;56.5804
2020-11-06T09:00:00;42.8478;51.2938;69.0984
2020-11-06T10:00:00;36.0969;57.8446;63.9509
2020-11-06T11:00:00;46.184;57.3755;75.1934
2020-11-06T12:00:00;58.2505;76.1533;80.1688
2020-11-06T13:00:00;48.0734;67.1754;84.5699
2020-11-06T14:00:00;54.1912;77.6561;83.9164
2020-11-06T15:00:00;56.1262;65.886;83.9961
2020-11-06T16:00:00;59.0607;60.0023;76.9959
2020-11-06T17:00:00;44.9055;66.3234;78.5326
2020-11-06T18:00:00;39.5917;53.1447;72.6697
2020-11-06T19:00:00;36.7533;45.9516;49.9339
2020-11-06T20:00:00;32.4077;31.9083;46.2053
2020-11-06T21:00:00;23.2288;27.7119;39.99
2020-11-06T22:00:00;29.2463;32.1435;38.9266
2020-11-06T23:00:00;20.0043;23.5041;33.9608
2020-11-07T00:00:00;24.6008;27.3046;37.2743
2020-11-07T01:00:00;26.2261;27.8978;28.0827
2020-11-07T02:00:00;21.9988;30.3322;35.9043
2020-11-07T03:00:00;28.1985;37.3978;28.6985
2020-11-07T04:00:00;24.7448;28.5002;38.5399
2020-11-07T05:00:00;27.9442;26.5475;30.4202
2020-11-07T06:00:00;24.9705;43.7319;36.8152
2020-11-07T07:00:00;32.5352;36.1505;47.5757
2020-11-07T08:00:00;33.8536;45.3162;55.9027
2020-11-07T09:00:00;39.6553;51.7222;61.0539
2020-11-07T10:00:00;53.9026;58.3419;70.6191
2020-11-07T11:00:00;54.8904;65.0298;83.4746
2020-11-07T12:00:00;49.319;72.6462;79.5277
2020-11-07T13:00:00;56.729;71.8008;83.8442
2020-11-07T14:00:00;43.9558;75.1664;80.9531
2020-11-07T15:00:00;51.5641;73.2624;86.7528
2020-11-07T16:00:00;56.518;65.6838;77.9584
2020-11-07T17:00:00;47.1549;61.6074;67.8511
2020-11-07T18:00:00;43.3987;59.0551;64.2493
2020-11-07T19:00:00;21.9337;40.7134;54.3182
2020-11-07T20:00:00;28.6919;50.8075;52.9427
2020-11-07T21:00:00;25.6914;27.4371;35.7766
2020-11-07T22:00:00;26.3264;28.2452;29.0863
2020-11-07T23:00:00;28.8118;23.9405;38.4932
2020-11-08T00:00:00;22.9487;24.0892;44.9304
2020-11-08T01:00:00;23.1717;34.8702;41.9847
2020-11-08T02:00:00;17.3394;41.351;30.4853
2020-11-08T03:00:00;22.9774;27.1638;34.6564
2020-11-08T04:00:00;17.6921;31.7366;35.8466
2020-11-08T05:00:00;14.7606;31.1008;35.9073
2020-11-08T06:00:00;18.5741;35.0012;37.9048
2020-11-08T07:00:00;38.1966;49.41;44.2593
2020-11-08T08:00:00;35.6628;53.8743;50.9452
2020-11-08T09:00:00;43.9085;52.3181;68.9727
2020-11-08T10:00:00;45.2132;62.3696;66.0531
2020-11-08T11:00:00;42.7601;67.7813;73.5586
2020-11-08T12:00:00;59.1144;67.9418;76.0018
2020-11-08T13:00:00;44.9637;64.3012;86.7981
2020-11-08T14:00:00;53.0507;65.787;84.2694
2020-11-08T15:00:00;54.1607;73.783;86.0682
2020-11-08T16:00:00;52.8653;70.8976;73.6433
2020-11-08T17:00:00;44.1483;58.688;65.4059
2020-11-08T18:00:00;33.6193;54.8167;61.9942
2020-11-08T19:00:00;33.0101;52.2558;54.6109
2020-11-08T20:00:00;26.9094;29.7951;47.0252
2020-11-08T21:00:00;20.1345;27.7682;27.588
2020-11-08T22:00:00;28.8503;40.0894;38.3937
2020-11-08T23:00:00;17.932;31.4965;31.5288
2020-11-09T00:00:00;25.5049;24.3539;32.7629
2020-11-09T01:00:00;24.7915;30.5864;41.8685
2020-11-09T02:00:00;28.8023;35.1072;25.084
2020-11-09T03:00:00;23.3343;17.2673;37.6125
2020-11-09T04:00:00;27.9557;30.8814;37.5936
2020-11-09T05:00:00;23.1389;28.1379;31.9061
2020-11-09T06:00:00;26.172;21.79;33.765
2020-11-09T07:00:00;23.1385;38.7261;52.085
2020-11-09T08:00:00;23.8242;45.5871;65.338
2020-11-09T09:00:00;44.6969;53.391;69.5373
2020-11-09T10:00:00;49.9366;57.9845;81.1003
2020-11-09T11:00:00;54.0903;59.5343;74.1126
2020-11-09T12:00:00;51.8091;60.7682;73.7503
2020-11-09T13:00:00;63.2733;66.3274;83.4739
2020-11-09T14:00:00;53.5253;74.0771;87.7613
2020-11-09T15:00:00;56.5382;69.2076;72.377
2020-11-09T16:00:00;54.686;64.2951;72.9369
2020-11-09T17:00:00;56.3743;54.527;67.594
2020-11-09T18:00:00;41.224;51.6418;65.9965
2020-11-09T19:00:00;33.7496;49.9553;56.6615
2020-11-09T20:00:00;23.1624;40.8404;42.104
2020-11-09T21:00:00;31.7618;27.614;36.8991
2020-11-09T22:00:00;26.1071;16.943;30.276
2020-11-09T23:00:00;26.2653;26.6258;33.8679
2020-11-10T00:00:00;39.5835;27.5865;29.6761
2020-11-10T01:00:00;25.6252;25.4645;35.2488
2020-11-10T02:00:00;17.4884;27.9341;31.9976
2020-11-10T03:00:00;23.0205;34.0828;39.4519
2020-11-10T04:00:00;19.1261;29.8135;35.8691
2020-11-10T05:00:00;22.0207;34.9485;34.8663
2020-11-10T06:00:00;21.9871;22.4581;44.8406
2020-11-10T07:00:00;27.7181;36.7911;47.8962
2020-11-10T08:00:00;30.0492;36.5744;53.6826
2020-11-10T09:00:00;50.7716;51.3785;61.295
2020-11-10T10:00:00;49.2749;54.4975;65.7651
2020-11-10T11:00:00;50.5855;71.0473;77.2398
2020-11-10T12:00:00;58.222;70.0908;83.1888
2020-11-10T13:00:00;58.18;74.855;74.1652
2020-11-10T14:00:00;57.2032;67.6341;76.9171
2020-11-10T15:00:00;57.8588;62.9437;79.0702
2020-11-10T16:00:00;52.3825;59.3832;72.0783
2020-11-10T17:00:00;51.1317;61.053;71.8872
2020-11-10T18:00:00;46.5747;62.5622;65.1245
2020-11-10T19:00:00;37.8292;48.3314;54.9118
2020-11-10T20:00:00;29.5512;36.4426;48.7306
2020-11-10T21:00:00;31.652;29.0561;33.0754
2020-11-10T22:00:00;21.6105;29.8435;35.7705
2020-11-10T23:00:00;25.9566;40.1332;30.9834
2020-11-11T00:00:00;26.0695;36.168;37.4231
2020-11-11T01:00:00;20.9522;31.2998;36.3795
2020-11-11T02:00:00;19.9609;30.5487;30.0073
2020-11-11T03:00:00;22.2307;31.4968;35.2247
2020-11-11T04:00:00;21.5389;32.4714;35.8109
2020-11-11T05:00:00;16.7093;27.934;37.4051
2020-11-11T06:00:00;20.7425;25.7796;37.5906
2020-11-11T07:00:00;31.9843;43.4776;42.3738
2020-11-11T08:00:00;43.3453;46.3794;59.3416
2020-11-11T09:00:00;45.5811;58.255;66.829
2020-11-11T10:00:00;34.783;67.9566;68.0481
2020-11-11T11:00:00;54.9193;67.2441;71.8557
2020-11-11T12:00:00;51.643;69.835;78.41
2020-11-11T13:00:00;58.0901;85.7821;76.3788
2020-11-11T14:00:00;55.754;70.816;84.7771
2020-11-11T15:00:00;53.4704;62.5895;87.5685
2020-11-11T16:00:00;51.2016;63.2349;84.6769
2020-11-11T17:00:00;47.6685;67.4842;66.2242
2020-11-11T18:00:00;49.5312;47.0406;68.1477
2020-11-11T19:00:00;36.9173;42.5072;55.9459
2020-11-11T20:00:00;36.0809;43.8486;34.0001
2020-11-11T21:00:00;28.6995;28.6419;34.338
2020-11-11T22:00:00;27.3352;29.4488;33.7816
2020-11-11T23:00:00;15.0669;35.3669;42.0541
2020-11-12T00:00:00;29.5832;26.4159;31.6452
2020-11-12T01:00:00;21.7105;22.657;38.8153
2020-11-12T02:00:00;27.5786;23.0556;35.4646
2020-11-12T03:00:00;19.1373;32.9089;28.771
2020-11-12T04:00:00;18.0746;31.2957;33.2391
2020-11-12T05:00:00;33.8819;26.5372;43.6582
2020-11-12T06:00:00;19.2151;24.206;35.1331
2020-11-12T07:00:00;36.3837;36.9636;50.5091
2020-11-12T08:00:00;37.6077;51.8521;59.7786
2020-11-12T09:00:00;40.7085;49.3323;61.9724
2020-11-12T10:00:00;47.5565;56.4124;65.2538
2020-11-12T11:00:00;45.2073;58.6884;71.8101
2020-11-12T12:00:00;54.365;66.2052;88.909
2020-11-12T13:00:00;50.411;71.4713;84.4957
2020-11-12T14:00:00;53.8475;80.3567;75.0679
2020-11-12T15:00:00;59.0603;69.1312;85.8205
2020-11-12T16:00:00;52.9838;64.3726;68.635
2020-11-12T17:00:00;40.3698;64.0405;67.5403
2020-11-12T18:00:00;47.0666;56.9925;64.6202
2020-11-12T19:00:00;36.9801;43.3812;68.1255
2020-11-12T20:00:00;27.9422;49.8268;50.0598
2020-11-12T21:00:00;27.7334;29.8781;33.5881
2020-11-12T22:00:00;23.164;31.1819;36.1416
2020-11-12T23:00:00;18.1717;32.7567;40.5985
2020-11-13T00:00:00;33.239;31.7294;43.1093
2020-11-13T01:00:00;23.9136;37.627;34.7618
2020-11-13T02:00:00;23.5931;27.0505;34.9069
2020-11-13T03:00:00;21.9745;33.9169;31.8498
2020-11-13T04:00:00;29.8998;30.8228;39.3258
2020-11-13T05:00:00;21.3756;34.9136;41.1299
2020-11-13T06:00:00;16.2751;28.9251;26.3066
2020-11-13T07:00:00;27.2598;36.5644;43.9957
2020-11-13T08:00:00;43.6494;49.9298;49.4561
2020-11-13T09:00:00;46.9698;55.3014;64.9682
2020-11-13T10:00:00;46.5056;55.6243;65.4812
2020-11-13T11:00:00;58.5791;71.3691;70.9685
2020-11-13T12:00:00;58.1735;71.7048;87.2683
2020-11-13T13:00:00;54.4918;69.4099;82.9091
2020-11-13T14:00:00;54.9952;67.4397;83.4375
2020-11-13T15:00:00;56.0804;69.8629;83.8091
2020-11-13T16:00:00;47.5534;67.9434;82.4233
2020-11-13T17:00:00;47.8032;51.7554;69.578
2020-11-13T18:00:00;44.3517;55.3898;62.2321
2020-11-13T19:00:00;28.5807;49.5322;53.563
2020-11-13T20:00:00;29.7066;26.5542;51.3873
2020-11-13T21:00:00;22.4847;30.9809;35.6593
2020-11-13T22:00:00;29.1403;33.473;34.5445
2020-11-13T23:00:00;14.7775;32.9044;37.9545
2020-11-14T00:00:00;22.0925;34.0122;45.1563
2020-11-14T01:00:00;21.5912;28.3622;36.3714
2020-11-14T02:00:00;28.8004;24.8005;34.6528
2020-11-14T03:00:00;23.7823;21.0013;45.715
2020-11-14T04:00:00;32.9805;35.4611;42.649
2020-11-14T05:00:00;27.3111;33.5153;41.9241
2020-11-14T06:00:00;21.9489;35.8424;33.4966
2020-11-14T07:00:00;31.8515;34.6908;42.9806
2020-11-14T08:00:00;35.2452;50.2886;46.3526
2020-11-14T09:00:00;47.1061;45.998;69.0383
2020-11-14T10:00:00;41.1196;55.3783;72.0559
2020-11-14T11:00:00;47.5943;65.2709;68.5648
2020-11-14T12:00:00;56.7123;71.3583;87.66
2020-11-14T13:00:00;61.9535;78.1759;82.0503
2020-11-14T14:00:00;44.8149;68.5806;82.6666
2020-11-14T15:00:00;61.3062;63.7135;74.0859
2020-11-14T16:00:00;51.0121;60.0553;80.0302
2020-11-14T17:00:00;38.3613;56.2866;74.1798
2020-11-14T18:00:00;27.8005;64.6165;63.9738
2020-11-14T19:00:00;29.3686;50.0538;53.4322
2020-11-14T20:00:00;30.5546;43.8791;59.1121
2020-11-14T21:00:00;23.6705;28.8051;29.9832
2020-11-14T22:00:00;27.166;29.9918;32.3928
2020-11-14T23:00:00;21.2526;33.4963;39.5413
2020-11-15T00:00:00;18.4598;27.471;30.9278
2020-11-15T01:00:00;21.9346;28.5435;30.559
2020-11-15T02:00:00;24.1681;26.6265;41.6576
2020-11-15T03:00:00;25.1539;27.7625;39.026
2020-11-15T04:00:00;20.0542;30.2449;38.4207
2020-11-15T05:00:00;28.5072;25.8914;36.9091
2020-11-15T06:00:00;20.893;31.4299;32.5392
2020-11-15T07:00:00;26.3046;39.7394;44.7164
2020-11-15T08:00:00;34.3036;45.3732;55.128
2020-11-15T09:00:00;48.1833;49.3741;68.4448
2020-11-15T10:00:00;47.1167;60.2506;73.8002
2020-11-15T11:00:00;48.2402;62.1165;72.93
2020-11-15T12:00:00;59.0643;68.2752;85.5984
2020-11-15T13:00:00;66.5384;75.2715;75.3445
2020-11-15T14:00:00;56.8731;63.5162;82.1349
2020-11-15T15:00:00;60.603;78.9097;75.9405
2020-11-15T16:00:00;56.8932;64.2784;73.2837
2020-11-15T17:00:00;44.7524;61.785;81.3039
2020-11-15T18:00:00;42.9423;49.7477;56.8603
2020-11-15T19:00:00;30.6028;51.9805;51.4274
2020-11-15T20:00:00;29.6285;37.6883;48.5318
2020-11-15T21:00:00;20.869;28.0294;33.65
2020-11-15T22:00:00;21.9856;27.1224;36.7778
2020-11-15T23:00:00;20.2505;28.6575;43.1477
2020-11-16T00:00:00;22.5645;32.0917;39.2731
2020-11-16T01:00:00;26.6612;30.8641;33.6566
2020-11-16T02:00:00;23.4025;29.8007;35.3314
2020-11-16T03:00:00;14.6781;26.4429;38.653
2020-11-16T04:00:00;20.2694;26.1541;39.1749
2020-11-16T05:00:00;16.403;27.6956;36.1038
2020-11-16T06:00:00;25.2203;32.3014;37.803
2020-11-16T07:00:00;33.1698;41.6278;47.7877
2020-11-16T08:00:00;38.2983;50.2547;55.0622
2020-11-16T09:00:00;38.8721;53.5041;61.1875
2020-11-16T10:00:00;49.0149;61.6436;75.3839
2020-11-16T11:00:00;49.3622;63.7988;79.0282
2020-11-16T12:00:00;48.7427;59.3308;71.2458
2020-11-16T13:00:00;59.5344;68.7012;79.6079
2020-11-16T14:00:00;59.9148;67.9042;81.3337
2020-11-16T15:00:00;59.1783;62.847;80.6451
2020-11-16T16:00:00;48.6711;61.804;83.5889
2020-11-16T17:00:00;53.6774;60.4013;87.6826
2020-11-16T18:00:00;40.3412;47.8452;51.9196
2020-11-16T19:00:00;40.2831;42.7155;57.0454
2020-11-16T20:00:00;28.0986;46.056;46.3277
2020-11-16T21:00:00;22.8801;21.9865;35.0976
2020-11-16T22:00:00;11.8941;29.0841;38.7147
2020-11-16T23:00:00;22.4904;24.1685;36.7489
2020-11-17T00:00:00;24.4554;26.2418;34.1928
2020-11-17T01:00:00;21.9498;29.0113;36.1462
2020-11-17T02:00:00;32.7809;25.0621;38.7828
2020-11-17T03:00:00;18.1877;32.8697;38.3074
2020-11-17T04:00:00;21.1821;36.7558;36.9432
2020-11-17T05:00:00;19.4756;34.2084;33.0828
2020-11-17T06:00:00;21.1811;35.1231;50.0957
2020-11-17T07:00:00;35.8102;31.4178;47.7773
2020-11-17T08:00:00;44.4057;45.0541;59.3357
2020-11-17T09:00:00;39.3052;55.8485;61.6747
2020-11-17T10:00:00;44.1656;64.0817;72.6188
2020-11-17T11:00:00;45.9272;73.4078;78.4773
2020-11-17T12:00:00;60.9652;73.3875;72.091
2020-11-17T13:00:00;61.4297;74.2633;80.1537
2020-11-17T14:00:00;55.2948;82.9489;80.0613
2020-11-17T15:00:00;47.4533;68.5238;78.6484
2020-11-17T16:00:00;45.1795;63.1957;72.22
2020-11-17T17:00:00;48.6338;60.6126;71.8902
2020-11-17T18:00:00;45.5558;48.9361;71.2005
2020-11-17T19:00:00;26.6848;46.6076;56.1758
2020-11-17T20:00:00;29.0466;29.6822;40.0734
2020-11-17T21:00:00;32.0915;27.3524;30.8455
2020-11-17T22:00:00;22.9125;29.4233;34.1147
2020-11-17T23:00:00;31.4482;34.7482;28.922
2020-11-18T00:00:00;27.2452;35.5555;37.5223
2020-11-18T01:00:00;18.5786;25.1819;42.7655
2020-11-18T02:00:00;22.5366;40.3802;33.1205
2020-11-18T03:00:00;23.3565;30.7419;36.3807
2020-11-18T04:00:00;19.2374;31.2002;33.8552
2020-11-18T05:00:00;19.1507;21.9115;32.8519
2020-11-18T06:00:00;31.5338;26.8997;36.9479
2020-11-18T07:00:00;25.7664;43.5656;42.6632
2020-11-18T08:00:00;42.4078;47.1184;51.4814
2020-11-18T09:00:00;40.6267;54.0505;56.1172
2020-11-18T10:00:00;47.6524;60.8617;71.9939
2020-11-18T11:00:00;54.522;57.425;82.9043
2020-11-18T12:00:00;51.441;67.5592;85.1873
2020-11-18T13:00:00;58.6642;76.8225;91.197
2020-11-18T14:00:00;45.5926;75.2144;80.3645
2020-11-18T15:00:00;56.6323;67.4163;85.9048
2020-11-18T16:00:00;39.3702;72.4594;72.0561
2020-11-18T17:00:00;46.6464;53.4303;75.2172
2020-11-18T18:00:00;47.0803;48.6529;72.4346
2020-11-18T19:00:00;40.127;55.5876;58.0153
2020-11-18T20:00:00;24.1611;41.2063;54.2888
2020-11-18T21:00:00;18.1517;28.5556;33.0063
2020-11-18T22:00:00;20.5566;29.7234;35.3288
2020-11-18T23:00:00;24.9311;25.9668;31.4216
2020-11-19T00:00:00;13.8403;31.383;36.1739
2020-11-19T01:00:00;23.9339;30.9869;37.3484
2020-11-19T02:00:00;25.5571;30.0994;36.1302
2020-11-19T03:00:00;22.5848;24.2012;33.6293
2020-11-19T04:00:00;26.6266;31.3238;33.5464
2020-11-19T05:00:00;25.1186;27.3524;37.7259
2020-11-19T06:00:00;21.2917;25.0701;35.2036
2020-11-19T07:00:00;20.9722;44.6502;40.2207
2020-11-19T08:00:00;37.6826;57.1181;46.0369
2020-11-19T09:00:00;38.0438;63.2245;61.2362
2020-11-19T10:00:00;44.8889;62.9764;64.7596
2020-11-19T11:00:00;54.1084;63.3131;73.3914
2020-11-19T12:00:00;61.5205;67.6905;79.5342
2020-11-19T13:00:00;55.6344;71.8089;83.0066
2020-11-19T14:00:00;58.595;67.6796;80.407
2020-11-19T15:00:00;47.2114;74.6363;92.6067
2020-11-19T16:00:00;52.9404;54.4624;71.2637
2020-11-19T17:00:00;47.4811;58.2472;77.717
2020-11-19T18:00:00;48.9553;57.5168;63.4009
2020-11-19T19:00:00;34.3133;42.0437;52.2357
2020-11-19T20:00:00;29.445;37.1157;48.9176
2020-11-19T21:00:00;29.2941;32.9682;33.7356
2020-11-19T22:00:00;23.5398;37.5913;31.9652
2020-11-19T23:00:00;18.4558;23.5303;44.949
2020-11-20T00:00:00;36.7582;23.1596;25.0277
2020-11-20T01:00:00;18.607;25.2698;34.7756
2020-11-20T02:00:00;23.6765;22.3123;36.9504
2020-11-20T03:00:00;25.7334;22.6681;43.0401
2020-11-20T04:00:00;25.3381;25.1367;34.0078
2020-11-20T05:00:00;23.0513;36.1675;49.3051
2020-11-20T06:00:00;23.0762;28.4396;39.7956
2020-11-20T07:00:00;29.4785;38.4733;34.1433
2020-11-20T08:00:00;31.4359;41.4921;48.2549
2020-11-20T09:00:00;53.5602;56.6791;65.3984
2020-11-20T10:00:00;46.6807;69.1046;65.9516
2020-11-20T11:00:00;54.6975;60.2029;80.3084
2020-11-20T12:00:00;52.7605;76.666;79.3821
2020-11-20T13:00:00;54.0509;71.603;77.7569
2020-11-20T14:00:00;53.5475;69.8652;78.9141
2020-11-20T15:00:00;46.6846;70.0429;85.9103
2020-11-20T16:00:00;50.9097;66.5936;67.4545
2020-11-20T17:00:00;45.7456;69.0113;76.8973
2020-11-20T18:00:00;48.6668;56.1125;69.5864
2020-11-20T19:00:00;31.0321;48.975;53.8663
2020-11-20T20:00:00;27.7674;36.209;38.9575
2020-11-20T21:00:00;19.5078;34.1954;38.7793
2020-11-20T22:00:00;31.2127;25.2158;33.5682
2020-11-20T23:00:00;19.653;30.545;28.4244
2020-11-21T00:00:00;26.8115;44.4164;45.5457
2020-11-21T01:00:00;28.8508;17.4791;31.5779
2020-11-21T02:00:00;23.2694;31.1657;28.6392
2020-11-21T03:00:00;17.1159;31.3581;37.4253
2020-11-21T04:00:00;17.1792;28.8596;35.6608
2020-11-21T05:00:00;28.2988;28.9774;43.4309
2020-11-21T06:00:00;17.697;30.457;34.0974
2020-11-21T07:00:00;32.6133;37.0565;44.13
2020-11-21T08:00:00;37.5873;47.3794;57.1995
2020-11-21T09:00:00;44.6948;51.0734;65.2113
2020-11-21T10:00:00;50.1386;69.8378;72.8211
2020-11-21T11:00:00;47.0445;63.3809;78.929
2020-11-21T12:00:00;49.5562;70.8903;82.4738
2020-11-21T13:00:00;59.3993;66.4357;81.6546
2020-11-21T14:00:00;52.678;74.4466;87.9004
2020-11-21T15:00:00;40.6831;71.7096;79.8512
2020-11-21T16:00:00;54.9566;66.7373;81.591
2020-11-21T17:00:00;42.5993;54.5891;78.6098
2020-11-21T18:00:00;45.1448;49.7494;60.826
2020-11-21T19:00:00;43.9797;54.7003;67.5458
2020-11-21T20:00:00;30.737;34.4991;42.4167
2020-11-21T21:00:00;28.9788;33.2045;32.4731
2020-11-21T22:00:00;24.769;25.2766;38.7
2020-11-21T23:00:00;31.9371;35.0419;38.2078
2020-11-22T00:00:00;18.6895;26.568;36.3591
2020-11-22T01:00:00;23.9589;25.1841;40.0913
2020-11-22T02:00:00;27.3658;26.4383;37.2632
2020-11-22T03:00:00;23.0479;27.231;46.3287
2020-11-22T04:00:00;29.7611;32.0234;35.7339
2020-11-22T05:00:00;21.8398;30.3469;31.7275
2020-11-22T06:00:00;34.3469;24.5242;33.2415
2020-11-22T07:00:00;41.2642;38.1767;48.3364
2020-11-22T08:00:00;38.4259;40.552;57.9531
2020-11-22T09:00:00;45.5721;56.7292;65.2461
2020-11-22T10:00:00;53.739;63.8603;67.4234
2020-11-22T11:00:00;45.7768;64.5213;83.1125
2020-11-22T12:00:00;47.8738;69.4005;91.3357
2020-11-22T13:00:00;62.1068;78.5415;83.8832
2020-11-22T14:00:00;57.1946;68.9929;92.7901
2020-11-22T15:00:00;53.3013;63.321;85.982
2020-11-22T16:00:00;51.7684;67.537;88.6627
2020-11-22T17:00:00;35.8504;54.0625;74.0342
2020-11-22T18:00:00;41.8563;52.4586;64.8967
2020-11-22T19:00:00;33.2503;43.2745;59.7354
2020-11-22T20:00:00;35.2435;34.8074;43.8118
2020-11-22T21:00:00;28.9752;28.7496;38.0356
2020-11-22T22:00:00;26.8834;34.4995;42.6536
2020-11-22T23:00:00;25.9773;35.5283;40.0976
2020-11-23T00:00:00;16.5133;34.631;35.8452
2020-11-23T01:00:00;26.9532;31.6818;37.0021
2020-11-23T02:00:00;27.147;28.7114;39.7884
2020-11-23T03:00:00;30.226;18.2109;39.6222
2020-11-23T04:00:00;34.591;31.8383;39.7503
2020-11-23T05:00:00;15.5372;18.6033;37.6972
2020-11-23T06:00:00;22.0576;20.3832;31.8773
2020-11-23T07:00:00;26.9418;37.5081;42.654
2020-11-23T08:00:00;37.8781;47.5924;57.8292
2020-11-23T09:00:00;42.8761;51.256;68.371
2020-11-23T10:00:00;46.6102;67.4034;75.1806
2020-11-23T11:00:00;56.8508;66.9515;74.1931
2020-11-23T12:00:00;48.9267;66.7952;80.8949
2020-11-23T13:00:00;50.6191;76.7124;77.8657
2020-11-23T14:00:00;50.7036;77.6064;76.7799
2020-11-23T15:00:00;52.6322;70.6051;82.0581
2020-11-23T16:00:00;45.5699;60.7647;84.36
2020-11-23T17:00:00;47.5378;56.9744;72.17
2020-11-23T18:00:00;41.9817;46.2777;73.7544
2020-11-23T19:00:00;33.083;46.0574;54.7028
2020-11-23T20:00:00;35.022;33.0663;46.1358
2020-11-23T21:00:00;23.7025;28.3546;31.045
2020-11-23T22:00:00;29.3132;31.303;34.2638
2020-11-23T23:00:00;23.0248;20.0815;30.0503
2020-11-24T00:00:00;23.879;23.6813;28.2733
2020-11-24T01:00:00;21.1861;27.4658;30.1353
2020-11-24T02:00:00;23.9648;29.7374;36.4264
2020-11-24T03:00:00;27.5612;27.5305;32.3165
2020-11-24T04:00:00;21.9433;28.6474;33.5006
2020-11-24T05:00:00;26.5921;26.4691;38.0494
2020-11-24T06:00:00;19.9363;22.753;28.256
2020-11-24T07:00:00;34.4484;35.6427;46.3849
2020-11-24T08:00:00;34.116;45.2036;59.7637
2020-11-24T09:00:00;47.0675;51.9595;68.8865
2020-11-24T10:00:00;48.0855;60.2848;74.2538
2020-11-24T11:00:00;59.3176;66.7355;77.3083
2020-11-24T12:00:00;48.6635;71.4509;78.532
2020-11-24T13:00:00;48.4438;66.6131;83.3253
2020-11-24T14:00:00;52.7436;61.9019;92.0044
2020-11-24T15:00:00;47.5108;74.4002;83.016
2020-11-24T16:00:00;44.7991;66.5682;77.0348
2020-11-24T17:00:00;50.8884;54.9525;74.4894
2020-11-24T18:00:00;42.7882;54.8999;64.4623
2020-11-24T19:00:00;34.6172;51.6094;56.6523
2020-11-24T20:00:00;28.7184;46.9624;44.7462
2020-11-24T21:00:00;21.0138;31.2531;33.9253
2020-11-24T22:00:00;32.2518;35.2984;40.98
2020-11-24T23:00:00;20.3225;23.952;26.2483
2020-11-25T00:00:00;17.3893;29.8205;38.393
2020-11-25T01:00:00;27.9803;28.3249;33.6162
2020-11-25T02:00:00;22.9212;31.7128;26.4739
2020-11-25T03:00:00;34.1939;38.056;31.127
2020-11-25T04:00:00;21.369;31.2494;35.8198
2020-11-25T05:00:00;28.2299;25.3115;36.5074
2020-11-25T06:00:00;29.411;23.6828;39.7
2020-11-25T07:00:00;28.0465;46.5454;50.0199
2020-11-25T08:00:00;33.301;48.8384;47.7898
2020-11-25T09:00:00;46.516;55.7518;66.1012
2020-11-25T10:00:00;50.6551;58.0071;75.3137
2020-11-25T11:00:00;44.6598;65.9803;78.6638
2020-11-25T12:00:00;48.7916;63.1075;84.1629
2020-11-25T13:00:00;43.1426;71.7169;74.0744
2020-11-25T14:00:00;58.8016;63.9065;78.786
2020-11-25T15:00:00;53.1247;66.2458;88.4809
2020-11-25T16:00:00;50.9021;61.4266;76.1707
2020-11-25T17:00:00;39.3234;43.439;82.7865
2020-11-25T18:00:00;37.3186;51.7776;57.8216
2020-11-25T19:00:00;34.6258;41.7751;63.3422
2020-11-25T20:00:00;27.2915;37.2645;42.9262
2020-11-25T21:00:00;24.5892;30.0086;40.3122
2020-11-25T22:00:00;26.9173;38.8397;34.5231
2020-11-25T23:00:00;35.3481;31.5235;36.5784
2020-11-26T00:00:00;23.8999;31.6706;38.9777
2020-11-26T01:00:00;29.577;32.4781;32.9332
2020-11-26T02:00:00;19.8501;34.359;40.0055
2020-11-26T03:00:00;15.6253;32.2714;34.6706
2020-11-26T04:00:00;22.2385;31.4086;36.8902
2020-11-26T05:00:00;16.0114;33.5562;22.7741
2020-11-26T06:00:00;24.0734;17.8668;34.3133
2020-11-26T07:00:00;26.7509;48.7617;52.2975
2020-11-26T08:00:00;27.2442;54.2181;58.9967
2020-11-26T09:00:00;51.4893;54.5971;68.6464
2020-11-26T10:00:00;45.0928;52.6608;71.9375
2020-11-26T11:00:00;43.5247;70.6928;85.9506
2020-11-26T12:00:00;58.9247;64.5729;83.0929
2020-11-26T13:00:00;52.1816;72.4501;80.4366
2020-11-26T14:00:00;61.2755;63.3663;88.0128
2020-11-26T15:00:00;50.7668;79.1743;86.2637
2020-11-26T16:00:00;49.0083;57.4299;80.7172
2020-11-26T17:00:00;49.5048;60.0707;69.6563
2020-11-26T18:00:00;45.7752;42.9005;65.6211
2020-11-26T19:00:00;40.858;46.0634;62.49
2020-11-26T20:00:00;30.2045;36.19;48.3675
2020-11-26T21:00:00;26.6431;35.6859;28.6112
2020-11-26T22:00:00;27.7281;27.8731;32.8562
2020-11-26T23:00:00;25.0028;35.6931;32.6237
2020-11-27T00:00:00;23.2867;24.8794;32.2284
2020-11-27T01:00:00;16.7735;28.5902;25.4436
2020-11-27T02:00:00;26.9959;28.6904;45.4529
2020-11-27T03:00:00;24.2109;32.4779;31.6186
2020-11-27T04:00:00;21.9319;31.8419;31.9803
2020-11-27T05:00:00;30.3888;33.6111;26.2915
2020-11-27T06:00:00;16.8608;31.3342;40.3321
2020-11-27T07:00:00;38.8734;41.623;45.5254
2020-11-27T08:00:00;36.9042;41.7801;53.7688
2020-11-27T09:00:00;44.3967;55.4554;62.7237
2020-11-27T10:00:00;45.8054;67.7668;74.61
2020-11-27T11:00:00;43.3774;56.2411;75.1691
2020-11-27T12:00:00;53.7358;70.4873;71.7062
2020-11-27T13:00:00;57.4984;73.1648;77.2794
2020-11-27T14:00:00;59.2058;77.0868;77.0197
2020-11-27T15:00:00;53.4436;71.6725;83.0273
2020-11-27T16:00:00;40.7501;65.1426;82.2193
2020-11-27T17:00:00;40.0723;61.8762;79.0
2020-11-27T18:00:00;53.0692;49.8362;56.0392
2020-11-27T19:00:00;31.5529;44.3296;58.6247
2020-11-27T20:00:00;37.7884;31.638;42.9044
2020-11-27T21:00:00;19.3296;37.4351;50.6173
2020-11-27T22:00:00;23.0877;32.2508;42.9178
2020-11-27T23:00:00;27.126;25.4194;44.5095
2020-11-28T00:00:00;19.899;31.3568;40.0122
2020-11-28T01:00:00;31.9611;35.7967;37.9094
2020-11-28T02:00:00;24.3786;34.964;33.9871
2020-11-28T03:00:00;26.3043;25.3618;33.0034
2020-11-28T04:00:00;22.662;14.3308;31.9995
2020-11-28T05:00:00;27.2936;31.9769;39.0879
2020-11-28T06:00:00;31.894;25.5657;43.802
2020-11-28T07:00:00;29.9967;41.4281;44.1957
2020-11-28T08:00:00;45.6641;51.0208;51.9116
2020-11-28T09:00:00;39.7511;59.0796;56.7962
2020-11-28T10:00:00;51.6011;68.4495;72.8944
2020-11-28T11:00:00;54.1584;70.8228;83.7156
2020-11-28T12:00:00;49.0909;76.79;88.0473
2020-11-28T13:00:00;56.8937;76.6762;90.6292
2020-11-28T14:00:00;55.8615;77.112;85.8141
2020-11-28T15:00:00;50.1678;67.8379;82.1017
2020-11-28T16:00:00;53.5028;58.1944;83.9805
2020-11-28T17:00:00;48.5121;72.1371;66.1206
2020-11-28T18:00:00;42.4462;53.8262;62.0095
2020-11-28T19:00:00;36.6727;52.413;64.0776
2020-11-28T20:00:00;30.2031;35.5651;40.6067
2020-11-28T21:00:00;22.1615;34.8196;35.8277
2020-11-28T22:00:00;24.6992;17.7752;39.1567
2020-11-28T23:00:00;20.7804;27.9478;36.4135
2020-11-29T00:00:00;37.284;29.5079;41.7471
2020-11-29T01:00:00;16.9533;32.313;43.6284
2020-11-29T02:00:00;21.0763;35.3601;38.3983
2020-11-29T03:00:00;21.4713;24.5293;42.9503
2020-11-29T04:00:00;34.2025;33.2998;31.3566
2020-11-29T05:00:00;17.3993;36.1333;35.2123
2020-11-29T06:00:00;26.1296;41.7296;48.026
2020-11-29T07:00:00;31.8951;41.8496;55.6944
2020-11-29T08:00:00;38.6836;43.9719;49.1387
2020-11-29T09:00:00;48.9908;47.1526;64.1499
2020-11-29T10:00:00;53.8598;68.8718;72.3513
2020-11-29T11:00:00;49.458;68.3277;79.6518
2020-11-29T12:00:00;55.4039;67.9324;88.0209
2020-11-29T13:00:00;46.5042;61.6818;92.9328
2020-11-29T14:00:00;56.3202;65.125;83.9241
2020-11-29T15:00:00;50.4639;71.1989;87.2606
2020-11-29T16:00:00;50.7809;66.4102;80.8102
2020-11-29T17:00:00;39.3538;49.9941;71.5653
2020-11-29T18:00:00;44.8335;56.6745;55.7229
2020-11-29T19:00:00;28.5327;38.4273;60.6157
2020-11-29T20:00:00;31.3946;45.0865;49.0057
2020-11-29T21:00:00;17.8675;31.0428;37.9479
2020-11-29T22:00:00;19.7518;27.6829;31.0937
2020-11-29T23:00:00;29.7737;34.9508;45.7957
2020-11-30T00:00:00;26.9396;31.7675;36.7624
2020-11-30T01:00:00;29.746;36.6246;30.2931
2020-11-30T02:00:00;31.7986;30.4024;29.4884
2020-11-30T03:00:00;20.1358;30.6941;39.3874
2020-11-30T04:00:00;31.4949;28.5737;39.5362
2020-11-30T05:00:00;16.6725;31.3148;33.6849
2020-11-30T06:00:00;27.7305;38.4898;38.3131
2020-11-30T07:00:00;28.1865;35.8026;49.3178
2020-11-30T08:00:00;32.3641;49.5092;56.223
2020-11-30T09:00:00;45.8815;49.1092;60.707
2020-11-30T10:00:00;52.5054;49.3921;76.4777
2020-11-30T11:00:00;56.2892;65.6783;81.7574
2020-11-30T12:00:00;55.5081;69.8943;84.4891
2020-11-30T13:00:00;56.4845;69.2306;79.5684
2020-11-30T14:00:00;58.459;62.301;77.0819
2020-11-30T15:00:00;55.9526;69.5638;82.0333
2020-11-30T16:00:00;54.4196;65.9726;82.2171
2020-11-30T17:00:00;48.8006;55.2819;76.8728
2020-11-30T18:00:00;47.023;46.744;67.1356
2020-11-30T19:00:00;28.8795;45.0075;53.2711
2020-11-30T20:00:00;29.9968;41.5811;41.9587
2020-11-30T21:00:00;17.0808;32.0833;35.9157
2020-11-30T22:00:00;25.3835;25.5958;35.9631
2020-11-30T23:00:00;32.2097;30.6846;41.5365
2020-12-01T00:00:00;21.6296;34.4356;33.6014
2020-12-01T01:00:00;24.6363;24.1367;34.0168
2020-12-01T02:00:00;27.7824;30.3158;46.275
2020-12-01T03:00:00;13.6614;36.6982;43.7561
2020-12-01T04:00:00;21.3894;23.6253;31.5861
2020-12-01T05:00:00;25.8226;35.7776;43.3438
2020-12-01T06:00:00;9.515;38.0959;30.3906
2020-12-01T07:00:00;25.7691;37.2054;43.8095
2020-12-01T08:00:00;42.5199;44.5544;53.9221
2020-12-01T09:00:00;47.8241;58.6769;63.8257
2020-12-01T10:00:00;49.6522;58.7951;74.7697
2020-12-01T11:00:00;56.1238;52.8754;78.1016
2020-12-01T12:00:00;55.5093;67.5483;84.7243
2020-12-01T13:00:00;58.6017;72.1329;81.7278
2020-12-01T14:00:00;54.2464;73.4813;85.6082
2020-12-01T15:00:00;55.0129;63.6391;82.0455
2020-12-01T16:00:00;48.551;63.292;70.6276
2020-12-01T17:00:00;54.0981;64.6103;74.086
2020-12-01T18:00:00;50.4169;53.2114;64.694
2020-12-01T19:00:00;43.9151;38.6258;51.9538
2020-12-01T20:00:00;28.6126;44.5047;43.8556
2020-12-01T21:00:00;19.2311;28.9294;33.9984
2020-12-01T22:00:00;30.3849;35.4561;34.7754
2020-12-01T23:00:00;26.7195;23.0227;44.7948
2020-12-02T00:00:00;25.6429;29.3951;46.4513
2020-12-02T01:00:00;20.8318;32.5487;22.3698
2020-12-02T02:00:00;26.1283;29.5643;38.4409
2020-12-02T03:00:00;18.5736;24.085;40.7748
2020-12-02T04:00:00;27.1703;18.066;34.9196
2020-12-02T05:00:00;30.8944;37.6163;40.6405
2020-12-02T06:00:00;32.1552;31.2402;44.2708
2020-12-02T07:00:00;34.1958;44.1505;39.1206
2020-12-02T08:00:00;30.1055;50.9128;56.1922
2020-12-02T09:00:00;43.7958;56.4956;73.9974
2020-12-02T10:00:00;58.479;58.1191;65.4821
2020-12-02T11:00:00;47.3698;67.0899;76.9931
2020-12-02T12:00:00;54.1379;75.2049;79.4087
2020-12-02T13:00:00;62.8923;70.1959;88.9965
2020-12-02T14:00:00;58.9104;79.2894;89.6933
2020-12-02T15:00:00;66.8346;60.5452;82.4623
2020-12-02T16:00:00;48.0485;56.6065;77.7303
2020-12-02T17:00:00;42.8319;64.6662;63.0752
2020-12-02T18:00:00;48.9298;49.4177;71.3287
2020-12-02T19:00:00;31.0362;56.4862;53.7575
2020-12-02T20:00:00;29.6693;45.0032;45.2681
2020-12-02T21:00:00;23.6718;37.9379;40.858
2020-12-02T22:00:00;29.1799;34.4222;36.988
2020-12-02T23:00:00;27.0713;25.3921;41.0192
2020-12-03T00:00:00;26.2853;21.7033;39.0171
2020-12-03T01:00:00;21.9878;37.4765;37.0189
2020-12-03T02:00:00;30.075;22.5022;37.5522
2020-12-03T03:00:00;44.1291;37.9244;30.3861
2020-12-03T04:00:00;27.4564;33.3481;35.2551
2020-12-03T05:00:00;24.4984;29.6187;41.4202
2020-12-03T06:00:00;17.5107;32.2102;31.5068
2020-12-03T07:00:00;27.4658;40.6429;42.4034
2020-12-03T08:00:00;35.947;45.2574;51.1252
2020-12-03T09:00:00;40.1361;60.6398;64.9806
2020-12-03T10:00:00;47.7002;66.6828;78.6836
2020-12-03T11:00:00;60.6029;65.4193;80.305
2020-12-03T12:00:00;60.6696;65.0423;70.7659
2020-12-03T13:00:00;55.0305;76.3106;86.9802
2020-12-03T14:00:00;49.7833;59.6681;81.5266
2020-12-03T15:00:00;61.1206;70.2617;84.1976
2020-12-03T16:00:00;51.4675;68.3389;76.8217
2020-12-03T17:00:00;39.1481;55.584;67.3687
2020-12-03T18:00:00;46.3713;58.3803;63.8563
2020-12-03T19:00:00;42.144;46.1375;53.316
2020-12-03T20:00:00;18.5236;35.588;47.5183
2020-12-03T21:00:00;19.8772;34.8161;31.57
2020-12-03T22:00:00;23.4477;24.5716;30.3762
2020-12-03T23:00:00;27.6726;34.346;39.6604
2020-12-04T00:00:00;21.4213;20.0883;41.5442
2020-12-04T01:00:00;19.8393;31.4285;38.9003
2020-12-04T02:00:00;27.6358;30.2192;32.7561
2020-12-04T03:00:00;21.6584;27.3015;32.2997
2020-12-04T04:00:00;26.7103;31.9481;32.5876
2020-12-04T05:00:00;18.4424;29.6021;40.452
2020-12-04T06:00:00;17.2383;35.2735;31.8748
2020-12-04T07:00:00;34.4295;41.1172;50.4
2020-12-04T08:00:00;38.2782;48.5329;58.7079
2020-12-04T09:00:00;47.4214;54.9707;70.4023
2020-12-04T10:00:00;45.1177;57.365;76.9867
2020-12-04T11:00:00;47.7373;63.132;80.2825
2020-12-04T12:00:00;61.2374;69.2833;74.3073
2020-12-04T13:00:00;48.2099;68.9141;86.7877
2020-12-04T14:00:00;62.082;75.3381;84.3144
2020-12-04T15:00:00;61.0363;68.5095;79.7844
2020-12-04T16:00:00;56.0133;66.5208;84.3803
2020-12-04T17:00:00;44.3416;52.7124;70.9143
2020-12-04T18:00:00;38.7265;58.2276;61.5664
2020-12-04T19:00:00;35.9653;43.3636;61.1436
2020-12-04T20:00:00;24.178;33.1032;43.9543
2020-12-04T21:00:00;19.1915;38.2309;33.1025
2020-12-04T22:00:00;27.2237;33.4881;30.3642
2020-12-04T23:00:00;27.2467;34.8855;31.8991
2020-12-05T00:00:00;18.7521;32.2725;32.3281
2020-12-05T01:00:00;27.3806;29.5342;39.1052
2020-12-05T02:00:00;26.2715;28.602;30.9046
2020-12-05T03:00:00;31.5494;33.8956;26.7108
2020-12-05T04:00:00;26.8457;35.6626;37.5161
2020-12-05T05:00:00;29.2929;29.6591;32.8302
2020-12-05T06:00:00;26.3854;40.3627;35.9187
2020-12-05T07:00:00;35.5528;37.3299;52.3918
2020-12-05T08:00:00;30.58;39.2994;55.8811
2020-12-05T09:00:00;42.2004;44.9038;71.7618
2020-12-05T10:00:00;47.5857;51.2869;71.3302
2020-12-05T11:00:00;50.4941;62.572;82.604
2020-12-05T12:00:00;56.6532;66.8822;78.9136
2020-12-05T13:00:00;58.9966;73.1939;84.2755
2020-12-05T14:00:00;57.786;69.6378;79.0722
2020-12-05T15:00:00;53.5491;72.2591;77.5797
2020-12-05T16:00:00;48.0342;64.8655;76.4459
2020-12-05T17:00:00;53.2666;59.7934;65.0283
2020-12-05T18:00:00;44.5578;50.6238;65.0105
2020-12-05T19:00:00;31.9225;53.3824;54.0096
2020-12-05T20:00:00;29.6847;30.659;47.1527
2020-12-05T21:00:00;15.2835;31.5066;29.434
2020-12-05T22:00:00;24.1769;29.0917;39.5087
2020-12-05T23:00:00;23.0081;33.9088;44.4881
2020-12-06T00:00:00;21.1277;29.8959;43.4327
2020-12-06T01:00:00;31.923;30.0432;45.5195
2020-12-06T02:00:00;18.2192;28.6668;36.2122
2020-12-06T03:00:00;27.532;36.9663;34.2384
2020-12-06T04:00:00;34.9335;30.012;38.4379
2020-12-06T05:00:00;29.3863;39.8483;34.8089
2020-12-06T06:00:00;23.8423;31.3612;27.2978
2020-12-06T07:00:00;24.9828;38.4253;50.0763
2020-12-06T08:00:00;30.2053;45.5428;54.3513
2020-12-06T09:00:00;40.7514;56.3326;56.8769
2020-12-06T10:00:00;44.3456;56.7838;69.1295
2020-12-06T11:00:00;48.1151;65.3697;76.5109
2020-12-06T12:00:00;52.8022;68.0829;81.7099
2020-12-06T13:00:00;55.3135;71.4071;83.8563
2020-12-06T14:00:00;58.2508;71.531;90.5821
2020-12-06T15:00:00;48.2448;70.0522;75.208
2020-12-06T16:00:00;48.3016;65.1155;76.8085
2020-12-06T17:00:00;46.9823;67.5705;67.2761
2020-12-06T18:00:00;41.8317;55.6243;70.4945
2020-12-06T19:00:00;46.1977;59.2994;52.7161
2020-12-06T20:00:00;31.8144;38.5657;44.2606
2020-12-06T21:00:00;15.9321;34.7946;41.2485
2020-12-06T22:00:00;26.0909;26.3698;42.6239
2020-12-06T23:00:00;26.7283;37.0039;43.3631
2020-12-07T00:00:00;23.3744;26.4786;27.7844
2020-12-07T01:00:00;17.933;32.2794;38.4146
2020-12-07T02:00:00;32.7903;28.6779;37.3506
2020-12-07T03:00:00;18.6506;32.26;35.7439
2020-12-07T04:00:00;27.3039;28.826;36.3328
2020-12-07T05:00:00;25.0003;26.0537;42.4289
2020-12-07T06:00:00;27.0041;28.642;41.1929
2020-12-07T07:00:00;39.1875;46.0244;50.4643
2020-12-07T08:00:00;39.8238;48.6058;56.5579
2020-12-07T09:00:00;40.0158;47.0672;75.5666
2020-12-07T10:00:00;53.3106;65.2027;69.6678
2020-12-07T11:00:00;48.5573;60.1834;69.4894
2020-12-07T12:00:00;55.2516;71.7591;80.3245
2020-12-07T13:00:00;49.3593;72.5467;84.0257
2020-12-07T14:00:00;50.6583;72.8624;90.253
2020-12-07T15:00:00;54.6907;77.3082;79.0958
2020-12-07T16:00:00;53.5532;60.4978;80.0254
2020-12-07T17:00:00;39.2687;62.7798;64.2847
2020-12-07T18:00:00;45.2956;59.8094;69.6208
2020-12-07T19:00:00;32.9184;43.0528;55.865
2020-12-07T20:00:00;37.0516;34.5877;44.577
2020-12-07T21:00:00;22.2402;28.5641;46.6583
2020-12-07T22:00:00;18.3819;31.6237;41.3495
2020-12-07T23:00:00;24.379;22.9476;30.8008
2020-12-08T00:00:00;19.4188;32.757;35.453
2020-12-08T01:00:00;30.3447;22.9581;49.6816
2020-12-08T02:00:00;24.0027;36.4667;45.8941
2020-12-08T03:00:00;23.2416;32.5688;40.6148
2020-12-08T04:00:00;26.959;39.5657;26.7648
2020-12-08T05:00:00;18.9753;33.3439;42.6608
2020-12-08T06:00:00;17.5542;28.4762;32.8241
2020-12-08T07:00:00;32.6949;34.3231;52.5974
2020-12-08T08:00:00;31.5172;47.4639;51.91
2020-12-08T09:00:00;37.3091;53.3602;66.6578
2020-12-08T10:00:00;51.9644;65.6565;68.4695
2020-12-08T11:00:00;54.3381;59.9979;75.7528
2020-12-08T12:00:00;48.1647;78.1468;84.7617
2020-12-08T13:00:00;52.729;76.1548;77.1426
2020-12-08T14:00:00;51.306;68.7633;95.5991
2020-12-08T15:00:00;63.3154;77.0314;76.5146
2020-12-08T16:00:00;56.2429;60.7254;72.1535
2020-12-08T17:00:00;45.6764;60.7537;74.7966
2020-12-08T18:00:00;45.6901;47.1291;70.6734
2020-12-08T19:00:00;30.2346;55.5023;53.9048
2020-12-08T20:00:00;27.2899;30.0795;40.6224
2020-12-08T21:00:00;24.5243;22.7978;31.3881
2020-12-08T22:00:00;26.2612;26.8264;30.8499
2020-12-08T23:00:00;23.5127;36.6116;37.5409
2020-12-09T00:00:00;25.2401;34.7742;35.6501
2020-12-09T01:00:00;24.3917;30.6103;38.1292
2020-12-09T02:00:00;23.1821;35.0946;37.8243
2020-12-09T03:00:00;22.5193;29.4229;40.1216
2020-12-09T04:00:00;21.8687;32.1121;33.9503
2020-12-09T05:00:00;25.1597;38.2586;32.309
2020-12-09T06:00:00;26.0541;28.7669;36.7815
2020-12-09T07:00:00;31.645;34.4846;45.7048
2020-12-09T08:00:00;31.1226;48.6213;56.7881
2020-12-09T09:00:00;37.8145;57.2128;60.6551
2020-12-09T10:00:00;49.775;60.278;74.882
2020-12-09T11:00:00;59.0712;69.6579;71.6774
2020-12-09T12:00:00;55.1959;67.036;79.4488
2020-12-09T13:00:00;53.7664;70.4186;89.3823
2020-12-09T14:00:00;56.9464;71.6538;78.0805
2020-12-09T15:00:00;48.7497;69.4791;86.9019
2020-12-09T16:00:00;58.2575;72.7074;70.5237
2020-12-09T17:00:00;48.7136;61.5736;63.7448
2020-12-09T18:00:00;39.4618;51.9919;56.7444
2020-12-09T19:00:00;36.1816;48.9094;56.1074
2020-12-09T20:00:00;28.018;43.3607;49.6277
2020-12-09T21:00:00;30.5583;33.8712;42.463
2020-12-09T22:00:00;22.9888;33.594;42.0644
2020-12-09T23:00:00;24.7768;22.5097;40.3135
2020-12-10T00:00:00;26.8686;17.5374;31.8411
2020-12-10T01:00:00;20.2962;36.3763;31.7975
2020-12-10T02:00:00;24.9685;32.1943;39.939
2020-12-10T03:00:00;25.3722;29.8921;43.1065
2020-12-10T04:00:00;16.2296;33.4716;30.8443
2020-12-10T05:00:00;25.2635;39.6365;42.47
2020-12-10T06:00:00;23.7712;37.0677;26.3983
2020-12-10T07:00:00;31.303;43.1276;47.9294
2020-12-10T08:00:00;37.1937;41.8358;55.0043
2020-12-10T09:00:00;44.105;49.7275;63.1927
2020-12-10T10:00:00;54.4674;47.7938;71.8273
2020-12-10T11:00:00;45.8153;67.8086;73.3006
2020-12-10T12:00:00;52.723;73.5854;83.8811
2020-12-10T13:00:00;59.1578;75.7318;84.0404
2020-12-10T14:00:00;58.2293;73.158;88.4136
2020-12-10T15:00:00;56.7308;67.2719;89.6027
2020-12-10T16:00:00;65.4807;61.8196;78.2038
2020-12-10T17:00:00;50.8513;55.599;67.5774
2020-12-10T18:00:00;48.4638;52.6943;58.5242
2020-12-10T19:00:00;35.4802;41.3803;64.0146
2020-12-10T20:00:00;25.6886;47.0962;53.8316
2020-12-10T21:00:00;22.4284;23.4881;40.4369
2020-12-10T22:00:00;27.5598;29.0147;36.2993
2020-12-10T23:00:00;26.0341;20.3189;40.0758
2020-12-11T00:00:00;26.0163;31.4828;42.5223
2020-12-11T01:00:00;22.9283;29.9881;32.9102
2020-12-11T02:00:00;22.131;28.216;36.149
2020-12-11T03:00:00;23.1007;25.3361;30.4688
2020-12-11T04:00:00;27.6224;30.0123;35.3547
2020-12-11T05:00:00;28.2036;27.2777;43.7214
2020-12-11T06:00:00;18.9688;29.3157;41.3927
2020-12-11T07:00:00;34.4649;48.1036;46.6548
2020-12-11T08:00:00;33.762;47.1304;42.0572
2020-12-11T09:00:00;45.1537;56.1757;60.9347
2020-12-11T10:00:00;46.8208;57.4035;72.183
2020-12-11T11:00:00;59.5418;60.7188;76.4897
2020-12-11T12:00:00;52.3434;67.9275;81.8146
2020-12-11T13:00:00;56.7178;82.3005;84.95
2020-12-11T14:00:00;58.8577;68.3437;81.0686
2020-12-11T15:00:00;50.064;69.8494;81.6131
2020-12-11T16:00:00;51.3485;60.499;76.822
2020-12-11T17:00:00;46.4477;45.9494;68.1549
2020-12-11T18:00:00;40.2401;49.5623;73.4454
2020-12-11T19:00:00;34.817;58.173;53.1411
2020-12-11T20:00:00;36.2132;41.2934;34.7087
2020-12-11T21:00:00;21.0072;38.2046;44.9163
2020-12-11T22:00:00;26.832;28.2614;31.7686
2020-12-11T23:00:00;25.573;18.2158;40.4995
2020-12-12T00:00:00;17.0151;24.4565;32.5956
2020-12-12T01:00:00;26.5958;31.9851;38.8464
2020-12-12T02:00:00;16.9324;31.1881;35.7593
2020-12-12T03:00:00;27.1405;29.9479;41.0017
2020-12-12T04:00:00;21.464;27.3488;34.9315
2020-12-12T05:00:00;24.0418;34.6986;32.7234
2020-12-12T06:00:00;17.5286;27.4933;37.2851
2020-12-12T07:00:00;31.2651;39.8556;44.0673
2020-12-12T08:00:00;41.6503;47.2461;45.8775
2020-12-12T09:00:00;38.7743;51.6689;61.2062
2020-12-12T10:00:00;44.7448;55.3193;86.0148
2020-12-12T11:00:00;53.9859;62.5044;68.4624
2020-12-12T12:00:00;56.8319;77.4104;82.856
2020-12-12T13:00:00;43.6538;75.3431;82.5226
2020-12-12T14:00:00;65.9017;74.8828;92.9192
2020-12-12T15:00:00;57.0766;64.1099;76.0955
2020-12-12T16:00:00;55.1974;57.4526;78.0757
2020-12-12T17:00:00;47.0629;65.2083;75.1019
2020-12-12T18:00:00;33.5324;58.0352;63.3172
2020-12-12T19:00:00;40.3892;46.9557;51.6856
2020-12-12T20:00:00;27.8272;36.4638;45.8688
2020-12-12T21:00:00;26.7197;22.6803;34.4525
2020-12-12T22:00:00;22.906;34.337;34.4385
2020-12-12T23:00:00;25.1902;35.9307;40.6536
2020-12-13T00:00:00;20.125;26.6045;38.0147
2020-12-13T01:00:00;28.3219;26.187;38.7588
2020-12-13T02:00:00;18.0581;36.2053;37.6515
2020-12-13T03:00:00;35.2278;26.7907;40.7994
2020-12-13T04:00:00;35.1897;38.8953;42.5213
2020-12-13T05:00:00;32.1635;29.4547;34.5664
2020-12-13T06:00:00;30.3774;28.0672;40.0973
2020-12-13T07:00:00;30.2304;38.542;39.4988
2020-12-13T08:00:00;42.8483;44.3363;44.2581
2020-12-13T09:00:00;42.3282;59.1425;73.3457
2020-12-13T10:00:00;40.013;64.1548;70.0042
2020-12-13T11:00:00;59.2288;70.0815;78.8316
2020-12-13T12:00:00;60.0779;68.9649;75.5246
2020-12-13T13:00:00;55.668;67.4991;77.3803
2020-12-13T14:00:00;49.6988;69.7356;80.1723
2020-12-13T15:00:00;51.5028;65.9138;84.8652
2020-12-13T16:00:00;42.6071;71.974;74.9865
2020-12-13T17:00:00;52.506;64.7372;69.992
2020-12-13T18:00:00;34.7926;53.0538;60.4911
2020-12-13T19:00:00;38.4497;41.6371;61.3523
2020-12-13T20:00:00;26.4347;46.0207;50.3224
2020-12-13T21:00:00;16.8665;30.6834;33.5793
2020-12-13T22:00:00;25.1918;29.3492;39.4206
2020-12-13T23:00:00;22.331;37.7483;34.7738
2020-12-14T00:00:00;28.1909;27.4503;34.3123
2020-12-14T01:00:00;17.662;28.4054;35.7514
2020-12-14T02:00:00;20.2134;28.8462;39.2162
2020-12-14T03:00:00;12.0618;23.4172;31.539
2020-12-14T04:00:00;13.0783;31.5787;38.512
2020-12-14T05:00:00;32.991;26.1883;48.4891
2020-12-14T06:00:00;34.418;27.1464;36.9156
2020-12-14T07:00:00;31.1168;34.7943;46.1584
2020-12-14T08:00:00;32.8964;43.3341;55.1025
2020-12-14T09:00:00;41.3169;49.3168;66.6048
2020-12-14T10:00:00;52.1485;60.9619;63.6189
2020-12-14T11:00:00;49.1409;63.8631;86.0746
2020-12-14T12:00:00;55.622;68.2823;86.5566
2020-12-14T13:00:00;55.7609;81.5498;80.5145
2020-12-14T14:00:00;52.9806;69.0031;83.8948
2020-12-14T15:00:00;51.8028;71.067;78.864
2020-12-14T16:00:00;53.1794;68.2348;79.0654
2020-12-14T17:00:00;42.8962;59.4115;71.9777
2020-12-14T18:00:00;45.0678;54.8804;65.3569
2020-12-14T19:00:00;34.6577;46.373;50.3818
2020-12-14T20:00:00;31.29;39.3293;43.572
2020-12-14T21:00:00;30.9198;27.0674;41.7303
2020-12-14T22:00:00;23.159;27.5289;33.331
2020-12-14T23:00:00;28.599;30.0846;22.7825
2020-12-15T00:00:00;15.0398;20.1405;35.2468
2020-12-15T01:00:00;21.6482;37.4804;48.0575
2020-12-15T02:00:00;24.1384;40.8043;40.2444
2020-12-15T03:00:00;33.6167;30.8518;33.0793
2020-12-15T04:00:00;14.2002;33.3273;35.747
2020-12-15T05:00:00;23.519;35.4053;39.3993
2020-12-15T06:00:00;31.2834;23.3767;27.2187
2020-12-15T07:00:00;26.7281;42.9579;41.6995
2020-12-15T08:00:00;35.9514;44.1373;57.5151
2020-12-15T09:00:00;44.4678;64.965;72.1861
2020-12-15T10:00:00;48.7032;58.7845;69.4743
2020-12-15T11:00:00;59.5417;69.1819;85.4043
2020-12-15T12:00:00;56.6762;67.1502;77.8791
2020-12-15T13:00:00;62.4636;80.7643;66.8095
2020-12-15T14:00:00;54.0247;67.2191;87.4561
2020-12-15T15:00:00;50.7312;73.8677;84.3527
2020-12-15T16:00:00;50.5842;67.7744;81.2501
2020-12-15T17:00:00;41.9851;61.7473;75.1565
2020-12-15T18:00:00;45.2267;54.6564;65.1724
2020-12-15T19:00:00;35.0862;42.9344;54.2293
2020-12-15T20:00:00;27.2942;25.3862;44.8763
2020-12-15T21:00:00;26.4933;35.372;33.698
2020-12-15T22:00:00;18.2814;27.5558;33.998
2020-12-15T23:00:00;27.8525;35.848;26.9448
2020-12-16T00:00:00;21.6083;31.7585;29.9285
2020-12-16T01:00:00;29.7955;36.0013;35.1829
2020-12-16T02:00:00;22.0363;34.0095;24.7957
2020-12-16T03:00:00;27.1595;17.6765;25.9608
2020-12-16T04:00:00;24.8978;33.0745;34.3286
2020-12-16T05:00:00;27.7195;28.2816;35.3583
2020-12-16T06:00:00;24.5497;35.8251;34.4332
2020-12-16T07:00:00;22.3362;41.2725;34.0802
2020-12-16T08:00:00;42.0595;49.2843;63.2853
2020-12-16T09:00:00;42.3707;52.1502;57.0325
2020-12-16T10:00:00;51.7282;55.1628;67.5801
2020-12-16T11:00:00;55.164;62.4766;71.2604
2020-12-16T12:00:00;50.5673;59.0428;88.1459
2020-12-16T13:00:00;51.2507;66.8292;85.8442
2020-12-16T14:00:00;59.1015;62.4601;81.3708
2020-12-16T15:00:00;52.9176;60.8536;78.9324
2020-12-16T16:00:00;56.395;65.2234;78.4672
2020-12-16T17:00:00;46.8896;62.396;65.4382
2020-12-16T18:00:00;47.9262;53.3524;66.1174
2020-12-16T19:00:00;39.1321;43.7755;52.7801
2020-12-16T20:00:00;32.093;33.5794;48.578
2020-12-16T21:00:00;22.1299;28.414;38.4286
2020-12-16T22:00:00;25.1621;25.8889;33.0319
2020-12-16T23:00:00;29.9643;29.6858;25.7364
2020-12-17T00:00:00;23.7289;22.3923;34.7659
2020-12-17T01:00:00;26.6559;33.5066;28.7526
2020-12-17T02:00:00;24.2318;27.1648;36.3932
2020-12-17T03:00:00;24.623;31.8813;34.7171
2020-12-17T04:00:00;32.6171;34.4361;33.06
2020-12-17T05:00:00;30.0087;31.6394;29.5222
2020-12-17T06:00:00;24.397;33.9956;41.9339
2020-12-17T07:00:00;31.7254;27.9833;43.7113
2020-12-17T08:00:00;33.5062;43.8052;67.2901
2020-12-17T09:00:00;41.9443;59.0268;64.3883
2020-12-17T10:00:00;49.3276;62.2719;73.4289
2020-12-17T11:00:00;55.9659;73.8833;77.7653
2020-12-17T12:00:00;58.1799;76.5642;83.3586
2020-12-17T13:00:00;50.2784;71.2788;89.2005
2020-12-17T14:00:00;60.7096;68.521;89.2582
2020-12-17T15:00:00;53.9899;63.2501;72.8177
2020-12-17T16:00:00;46.7779;62.262;81.8467
2020-12-17T17:00:00;54.4626;57.6846;74.1566
2020-12-17T18:00:00;50.1255;50.5452;64.3932
2020-12-17T19:00:00;38.3343;41.6778;64.0861
2020-12-17T20:00:00;34.1971;40.3244;54.7436
2020-12-17T21:00:00;27.8372;38.4832;40.523
2020-12-17T22:00:00;30.9789;34.6663;33.2823
2020-12-17T23:00:00;27.6403;28.3879;30.0376
2020-12-18T00:00:00;17.3616;35.0701;39.772
2020-12-18T01:00:00;34.049;31.7333;42.7977
2020-12-18T02:00:00;29.3283;29.7965;25.8567
2020-12-18T03:00:00;21.4524;29.4844;41.4315
2020-12-18T04:00:00;18.8519;29.0003;34.7257
2020-12-18T05:00:00;26.5241;33.2553;26.955
2020-12-18T06:00:00;22.6087;30.6984;38.347
2020-12-18T07:00:00;32.3032;34.6744;50.5267
2020-12-18T08:00:00;40.7326;42.3852;53.7666
2020-12-18T09:00:00;39.9769;55.0409;58.9269
2020-12-18T10:00:00;42.2001;61.869;80.2314
2020-12-18T11:00:00;53.6419;63.0754;74.226
2020-12-18T12:00:00;51.7669;62.3822;87.4481
2020-12-18T13:00:00;56.5552;76.0357;76.1718
2020-12-18T14:00:00;49.1081;74.9739;85.8171
2020-12-18T15:00:00;53.1729;58.1054;83.5882
2020-12-18T16:00:00;55.2876;71.3389;81.9363
2020-12-18T17:00:00;50.8103;58.6809;79.1359
2020-12-18T18:00:00;38.8673;54.4613;60.1455
2020-12-18T19:00:00;31.1743;51.9606;58.1272
2020-12-18T20:00:00;30.732;46.5792;39.1469
2020-12-18T21:00:00;26.8052;35.0143;29.1104
2020-12-18T22:00:00;26.0259;31.2052;33.1083
2020-12-18T23:00:00;21.4392;23.1218;38.0466
2020-12-19T00:00:00;25.4891;19.8688;44.3843
2020-12-19T01:00:00;31.5118;34.3908;45.2947
2020-12-19T02:00:00;25.0257;36.7102;34.2255
2020-12-19T03:00:00;15.8343;25.9268;37.5277
2020-12-19T04:00:00;25.016;28.6511;40.715
2020-12-19T05:00:00;34.2198;27.2137;39.8269
2020-12-19T06:00:00;17.563;27.0805;35.1527
2020-12-19T07:00:00;30.8018;43.6913;46.3603
2020-12-19T08:00:00;35.8839;47.3613;54.9725
2020-12-19T09:00:00;43.2885;52.3655;63.1718
2020-12-19T10:00:00;48.7519;73.0134;69.9639
2020-12-19T11:00:00;57.4127;57.4689;76.9709
2020-12-19T12:00:00;54.8577;70.7818;79.6216
2020-12-19T13:00:00;62.211;64.536;78.06
2020-12-19T14:00:00;55.2364;68.9937;88.05
2020-12-19T15:00:00;52.6831;68.7855;84.232
2020-12-19T16:00:00;48.3669;68.864;86.9522
2020-12-19T17:00:00;38.6952;58.4199;73.5185
2020-12-19T18:00:00;44.188;51.6767;62.1289
2020-12-19T19:00:00;47.2856;44.874;52.3912
2020-12-19T20:00:00;32.9444;32.9167;46.2166
2020-12-19T21:00:00;27.4337;33.1615;38.7644
2020-12-19T22:00:00;21.9348;31.4067;34.7764
2020-12-19T23:00:00;22.7783;32.1758;28.6487
2020-12-20T00:00:00;28.9232;29.6523;32.3049
2020-12-20T01:00:00;34.0435;29.0356;36.0901
2020-12-20T02:00:00;31.4397;35.878;39.7014
2020-12-20T03:00:00;28.0262;35.1089;28.5709
2020-12-20T04:00:00;24.1758;37.074;37.3254
2020-12-20T05:00:00;25.0486;31.863;37.1056
2020-12-20T06:00:00;20.2325;36.7633;33.7421
2020-12-20T07:00:00;23.4123;36.2361;43.0452
2020-12-20T08:00:00;31.3816;45.2652;51.8417
2020-12-20T09:00:00;43.0581;59.4869;64.9177
2020-12-20T10:00:00;46.3207;63.9429;77.305
2020-12-20T11:00:00;44.3656;63.1888;83.5581
2020-12-20T12:00:00;54.2472;62.811;76.0308
2020-12-20T13:00:00;54.2325;68.7611;82.8022
2020-12-20T14:00:00;49.9605;66.3565;72.7695
2020-12-20T15:00:00;52.5829;76.6648;82.1966
2020-12-20T16:00:00;50.108;68.4412;80.5575
2020-12-20T17:00:00;44.6974;55.8962;79.5258
2020-12-20T18:00:00;47.4425;48.2865;55.2814
2020-12-20T19:00:00;27.5011;42.3779;50.0831
2020-12-20T20:00:00;20.7242;35.5223;46.7004
2020-12-20T21:00:00;24.0164;29.1665;27.9081
2020-12-20T22:00:00;24.4806;35.5727;36.8611
2020-12-20T23:00:00;26.0211;25.1674;39.115
2020-12-21T00:00:00;21.3051;41.4477;29.5936
2020-12-21T01:00:00;19.4104;25.2835;36.6629
2020-12-21T02:00:00;23.9634;22.9548;29.9389
2020-12-21T03:00:00;21.7921;38.4415;42.8771
2020-12-21T04:00:00;31.7554;36.6063;37.0332
2020-12-21T05:00:00;22.3789;29.0883;32.7997
2020-12-21T06:00:00;23.7341;31.9067;29.8093
2020-12-21T07:00:00;43.0303;40.3493;47.9255
2020-12-21T08:00:00;36.0418;46.953;62.313
2020-12-21T09:00:00;45.5899;47.029;60.3562
2020-12-21T10:00:00;51.0122;47.316;69.4727
2020-12-21T11:00:00;55.3698;60.4174;73.8085
2020-12-21T12:00:00;55.8812;77.123;89.4282
2020-12-21T13:00:00;56.7939;79.0579;74.1938
2020-12-21T14:00:00;56.3264;68.4717;90.165
2020-12-21T15:00:00;51.5538;63.2524;79.7647
2020-12-21T16:00:00;53.3404;66.0316;77.2111
2020-12-21T17:00:00;57.9239;61.9207;69.9678
2020-12-21T18:00:00;48.8625;56.515;65.4117
2020-12-21T19:00:00;38.5352;33.6343;51.8744
2020-12-21T20:00:00;34.9323;54.1052;51.2717
2020-12-21T21:00:00;19.6541;35.6624;41.495
2020-12-21T22:00:00;22.6974;29.0107;31.083
2020-12-21T23:00:00;28.7392;26.4076;39.3373
2020-12-22T00:00:00;31.4358;34.9365;34.2175
2020-12-22T01:00:00;20.1457;32.477;36.2582
2020-12-22T02:00:00;21.5821;30.4607;43.6258
2020-12-22T03:00:00;34.9069;32.2917;32.6298
2020-12-22T04:00:00;24.4813;29.4364;40.6327
2020-12-22T05:00:00;33.1168;32.0093;38.2856
2020-12-22T06:00:00;25.0343;33.6318;35.0299
2020-12-22T07:00:00;31.8841;40.0331;47.8168
2020-12-22T08:00:00;35.4881;47.7241;56.7654
2020-12-22T09:00:00;47.5219;60.4757;58.4219
2020-12-22T10:00:00;54.5695;51.7403;68.6373
2020-12-22T11:00:00;46.5378;60.6516;72.343
2020-12-22T12:00:00;52.6716;68.1751;80.2676
2020-12-22T13:00:00;60.4001;66.1315;90.4622
2020-12-22T14:00:00;55.177;67.8007;86.6422
2020-12-22T15:00:00;51.9669;74.481;74.4878
2020-12-22T16:00:00;56.7605;63.8962;76.2024
2020-12-22T17:00:00;53.2979;50.5797;72.8391
2020-12-22T18:00:00;40.5609;51.3947;67.9341
2020-12-22T19:00:00;38.0774;46.56;52.2695
2020-12-22T20:00:00;24.6108;38.5149;39.7926
2020-12-22T21:00:00;19.5226;32.7802;35.7183
2020-12-22T22:00:00;24.6208;32.3719;38.8451
2020-12-22T23:00:00;24.157;29.3059;37.1742
2020-12-23T00:00:00;19.1656;24.0348;31.5766
2020-12-23T01:00:00;20.4201;27.7943;44.7731
2020-12-23T02:00:00;18.6748;26.8861;35.5059
2020-12-23T03:00:00;26.2753;28.5745;36.9686
2020-12-23T04:00:00;14.1618;33.4558;32.6902
2020-12-23T05:00:00;18.9421;32.0205;41.5325
2020-12-23T06:00:00;14.6853;34.12;38.8592
2020-12-23T07:00:00;32.7483;36.3961;47.5531
2020-12-23T08:00:00;28.0019;53.8113;49.7651
2020-12-23T09:00:00;42.9678;56.8756;69.6838
2020-12-23T10:00:00;55.9783;60.287;75.4555
2020-12-23T11:00:00;60.08;67.6577;82.6439
2020-12-23T12:00:00;45.4043;64.6635;81.8359
2020-12-23T13:00:00;57.3167;59.2371;83.3627
2020-12-23T14:00:00;50.8798;66.7474;82.8266
2020-12-23T15:00:00;48.4681;71.7795;93.0457
2020-12-23T16:00:00;51.1455;65.0421;74.857
2020-12-23T17:00:00;53.9221;59.0416;65.7397
2020-12-23T18:00:00;45.8074;49.2722;62.3474
2020-12-23T19:00:00;33.4399;36.4903;52.8577
2020-12-23T20:00:00;34.1783;45.4407;52.279
2020-12-23T21:00:00;12.7815;28.9605;29.22
2020-12-23T22:00:00;20.2353;27.8523;33.1935
2020-12-23T23:00:00;19.8805;26.6418;36.9526
2020-12-24T00:00:00;24.3916;36.2726;42.3415
2020-12-24T01:00:00;22.9859;34.4068;39.5657
2020-12-24T02:00:00;23.2926;25.1638;44.0951
2020-12-24T03:00:00;23.1264;35.8227;37.729
2020-12-24T04:00:00;24.112;29.2746;34.9819
2020-12-24T05:00:00;26.7007;26.9473;40.2778
2020-12-24T06:00:00;24.7467;28.5319;29.1642
2020-12-24T07:00:00;29.2314;34.4;37.4303
2020-12-24T08:00:00;39.0243;39.6651;60.4047
2020-12-24T09:00:00;46.9397;57.3921;65.2665
2020-12-24T10:00:00;45.0005;58.6223;76.491
2020-12-24T11:00:00;51.4158;67.7271;73.3074
2020-12-24T12:00:00;60.2433;69.4783;88.0746
2020-12-24T13:00:00;50.3109;72.5236;87.0888
2020-12-24T14:00:00;64.8482;59.5509;83.5814
2020-12-24T15:00:00;47.738;63.7085;82.6875
2020-12-24T16:00:00;49.986;67.4878;79.3039
2020-12-24T17:00:00;43.0297;53.3516;67.3873
2020-12-24T18:00:00;53.7488;55.3767;62.2886
2020-12-24T19:00:00;34.4988;39.3159;57.179
2020-12-24T20:00:00;28.149;38.3987;43.8541
2020-12-24T21:00:00;22.1463;38.05;28.6529
2020-12-24T22:00:00;24.478;33.873;37.4744
2020-12-24T23:00:00;22.3578;20.7463;40.1802
2020-12-25T00:00:00;23.3356;34.2419;41.3427
2020-12-25T01:00:00;6.354;39.1112;38.6616
2020-12-25T02:00:00;24.2858;43.9851;40.0915
2020-12-25T03:00:00;24.089;32.3754;40.9375
2020-12-25T04:00:00;29.1928;23.1779;36.3983
2020-12-25T05:00:00;30.5453;32.1734;25.4054
2020-12-25T06:00:00;23.0615;37.9802;41.7989
2020-12-25T07:00:00;34.7343;37.381;41.5132
2020-12-25T08:00:00;31.5077;51.485;49.869
2020-12-25T09:00:00;46.6458;49.3134;58.6967
2020-12-25T10:00:00;44.9183;61.5876;84.0938
2020-12-25T11:00:00;45.7893;52.1931;79.772
2020-12-25T12:00:00;53.5059;63.2906;76.4426
2020-12-25T13:00:00;62.8271;69.7503;80.32
2020-12-25T14:00:00;56.7297;67.9641;83.7334
2020-12-25T15:00:00;61.9162;61.5392;84.3627
2020-12-25T16:00:00;47.9691;62.1427;78.9657
2020-12-25T17:00:00;53.0199;61.3741;67.0279
2020-12-25T18:00:00;39.5483;53.0803;65.7994
2020-12-25T19:00:00;38.1422;46.5742;52.4674
2020-12-25T20:00:00;31.7366;41.9763;51.2143
2020-12-25T21:00:00;27.3075;28.2842;36.2815
2020-12-25T22:00:00;25.2537;36.7959;32.2033
2020-12-25T23:00:00;20.3041;25.0536;39.4448
2020-12-26T00:00:00;28.4015;39.64;37.9162
2020-12-26T01:00:00;32.6583;35.5652;33.6257
2020-12-26T02:00:00;21.081;28.22;39.6505
2020-12-26T03:00:00;14.8238;28.5534;39.1456
2020-12-26T04:00:00;26.4966;31.0337;42.0091
2020-12-26T05:00:00;22.3441;32.9934;39.5507
2020-12-26T06:00:00;23.3445;35.4727;34.9303
2020-12-26T07:00:00;33.4341;31.6135;37.5271
2020-12-26T08:00:00;34.7336;48.4567;56.4566
2020-12-26T09:00:00;41.4649;42.9288;65.9227
2020-12-26T10:00:00;47.28;58.8393;71.9269
2020-12-26T11:00:00;59.0616;71.9106;62.5148
2020-12-26T12:00:00;54.5842;60.9542;85.0449
2020-12-26T13:00:00;49.6463;61.7847;79.1768
2020-12-26T14:00:00;49.8453;70.8849;87.1657
2020-12-26T15:00:00;55.13;74.9794;90.1541
2020-12-26T16:00:00;46.0657;66.268;76.3052
2020-12-26T17:00:00;39.9691;50.2027;73.8634
2020-12-26T18:00:00;45.9868;45.0958;64.3776
2020-12-26T19:00:00;40.4381;46.7582;58.1513
2020-12-26T20:00:00;28.8125;32.4203;46.497
2020-12-26T21:00:00;25.4683;30.6834;33.4151
2020-12-26T22:00:00;24.9406;30.98;31.4753
2020-12-26T23:00:00;27.0121;27.5512;43.9523
2020-12-27T00:00:00;27.0237;39.0738;38.1928
2020-12-27T01:00:00;10.9711;32.9523;40.1526
2020-12-27T02:00:00;22.7975;36.058;37.9953
2020-12-27T03:00:00;26.5895;34.6029;40.8788
2020-12-27T04:00:00;21.9477;29.2496;31.5202
2020-12-27T05:00:00;24.181;29.0278;36.4159
2020-12-27T06:00:00;27.7535;28.5119;38.5274
2020-12-27T07:00:00;31.0578;41.722;52.4431
2020-12-27T08:00:00;44.5552;43.0176;68.8887
2020-12-27T09:00:00;48.4441;62.1366;66.2513
2020-12-27T10:00:00;47.1878;55.9964;68.3654
2020-12-27T11:00:00;50.7226;65.7134;71.591
2020-12-27T12:00:00;40.1822;66.8969;77.1266
2020-12-27T13:00:00;54.1922;67.5269;79.8665
2020-12-27T14:00:00;49.0584;80.6426;69.2316
2020-12-27T15:00:00;55.54;65.847;78.2724
2020-12-27T16:00:00;52.4772;63.1174;81.1529
2020-12-27T17:00:00;51.2599;56.4051;72.048
2020-12-27T18:00:00;49.7925;53.7166;62.9206
2020-12-27T19:00:00;36.8842;45.7629;47.4136
2020-12-27T20:00:00;42.0553;32.7202;51.2318
2020-12-27T21:00:00;25.1623;27.8782;38.5591
2020-12-27T22:00:00;17.4489;33.0484;35.9353
2020-12-27T23:00:00;21.1896;35.1349;24.9874
2020-12-28T00:00:00;22.1363;30.12;33.5461
2020-12-28T01:00:00;26.9606;30.295;38.1686
2020-12-28T02:00:00;19.2638;28.195;35.8572
2020-12-28T03:00:00;22.5101;27.4878;36.9597
2020-12-28T04:00:00;23.1948;25.4021;39.4272
2020-12-28T05:00:00;21.7594;22.2168;36.7737
2020-12-28T06:00:00;28.0571;26.4878;39.2484
2020-12-28T07:00:00;33.8598;42.8367;41.762
2020-12-28T08:00:00;42.8484;44.1474;49.4095
2020-12-28T09:00:00;41.154;51.7813;66.6005
2020-12-28T10:00:00;53.7933;57.8984;75.083
2020-12-28T11:00:00;44.8928;70.8646;80.1641
2020-12-28T12:00:00;47.4919;63.4003;82.3086
2020-12-28T13:00:00;49.7557;71.1661;82.1168
2020-12-28T14:00:00;55.8708;69.4385;84.792
2020-12-28T15:00:00;60.4457;68.3819;83.5472
2020-12-28T16:00:00;48.7021;65.8628;79.7657
2020-12-28T17:00:00;45.3972;60.0116;84.7066
2020-12-28T18:00:00;41.729;57.4765;59.6097
2020-12-28T19:00:00;39.8797;46.1232;71.6533
2020-12-28T20:00:00;28.265;47.0383;39.6957
2020-12-28T21:00:00;21.3329;30.2224;37.9283
2020-12-28T22:00:00;17.273;21.4827;30.0258
2020-12-28T23:00:00;21.1414;33.1916;37.5312
2020-12-29T00:00:00;29.8873;31.9605;40.9106
2020-12-29T01:00:00;24.4546;30.1627;36.1629
2020-12-29T02:00:00;20.3007;28.7021;40.8654
2020-12-29T03:00:00;30.1807;19.4269;33.8816
2020-12-29T04:00:00;21.0739;20.2658;25.7507
2020-12-29T05:00:00;31.0998;38.2376;39.1335
2020-12-29T06:00:00;31.018;27.0725;36.1532
2020-12-29T07:00:00;30.9332;43.1446;43.5817
2020-12-29T08:00:00;29.5228;38.2543;53.4706
2020-12-29T09:00:00;54.2566;48.2771;66.2466
2020-12-29T10:00:00;49.717;63.119;67.5983
2020-12-29T11:00:00;50.0934;64.1285;79.4454
2020-12-29T12:00:00;59.2144;70.7306;87.5939
2020-12-29T13:00:00;59.3362;69.7127;94.0374
2020-12-29T14:00:00;62.3794;68.7425;90.7597
2020-12-29T15:00:00;51.1221;64.642;82.4594
2020-12-29T16:00:00;53.3052;58.671;78.8575
2020-12-29T17:00:00;41.8513;66.7393;69.6697
2020-12-29T18:00:00;46.1408;61.348;61.8855
2020-12-29T19:00:00;36.9008;41.076;59.8835
2020-12-29T20:00:00;32.0582;32.7961;44.4422
2020-12-29T21:00:00;23.2683;28.2611;37.8305
2020-12-29T22:00:00;22.7451;31.7022;31.1875
2020-12-29T23:00:00;19.6588;29.0909;42.8516
2020-12-30T00:00:00;27.9522;32.4976;34.3877
2020-12-30T01:00:00;31.4485;29.7538;41.4399
2020-12-30T02:00:00;21.2167;29.4268;32.4809
2020-12-30T03:00:00;26.7677;42.0654;32.2164
2020-12-30T04:00:00;26.1609;27.374;42.6402
2020-12-30T05:00:00;24.0405;38.1997;32.87
2020-12-30T06:00:00;16.367;37.2343;28.1605
2020-12-30T07:00:00;24.1452;40.8369;40.7801
2020-12-30T08:00:00;33.1107;36.6388;59.8069
2020-12-30T09:00:00;32.1141;53.6667;68.0168
2020-12-30T10:00:00;54.8208;57.1523;67.8584
2020-12-30T11:00:00;53.5513;64.7415;74.4106
2020-12-30T12:00:00;54.284;62.7274;85.0158
2020-12-30T13:00:00;44.8735;73.5622;90.3167
2020-12-30T14:00:00;46.7053;74.7058;83.3931
2020-12-30T15:00:00;54.4221;73.8924;84.4219
2020-12-30T16:00:00;61.5653;62.7301;81.9364
2020-12-30T17:00:00;44.2874;54.4287;82.436
2020-12-30T18:00:00;47.1281;55.2698;58.4351
2020-12-30T19:00:00;34.6161;55.0498;52.1797
2020-12-30T20:00:00;30.9294;38.6634;43.4474
2020-12-30T21:00:00;30.0734;32.2615;40.1376
2020-12-30T22:00:00;22.2702;28.8254;34.7404
2020-12-30T23:00:00;20.5495;27.4826;37.5612
